model_id,training_cutoff,lambda,data_hash,month,neighborhood,lon,lat,actual,predicted,residual
"Poisson (area, tuned)",2024-12-01,1.7703346781640914,sha256:bd942a7bcbe33ba673b7fdec9b2ff2b747cb0d530af4522e5d003d78fb3f640b,2025-01-01,Agincourt North (129),-79.26928393506104,43.810980375100264,0,0.2429421836814831,-0.2429421836814831
"Poisson (area, tuned)",2024-12-01,1.7703346781640914,sha256:bd942a7bcbe33ba673b7fdec9b2ff2b747cb0d530af4522e5d003d78fb3f640b,2025-01-01,Agincourt South-Malvern West (128),-79.28002861084076,43.7889253690791,0,0.29975680937265664,-0.29975680937265664
"Poisson (area, tuned)",2024-12-01,1.7703346781640914,sha256:bd942a7bcbe33ba673b7fdec9b2ff2b747cb0d530af4522e5d003d78fb3f640b,2025-01-01,Alderwood (20),-79.54538918515296,43.6065751977772,0,0.3912504995437331,-0.3912504995437331
"Poisson (area, tuned)",2024-12-01,1.7703346781640914,sha256:bd942a7bcbe33ba673b7fdec9b2ff2b747cb0d530af4522e5d003d78fb3f640b,2025-01-01,Annex (95),-79.40380913861458,43.670104609767606,4,4.344192972672883,-0.3441929726728832
"Poisson (area, tuned)",2024-12-01,1.7703346781640914,sha256:bd942a7bcbe33ba673b7fdec9b2ff2b747cb0d530af4522e5d003d78fb3f640b,2025-01-01,Banbury-Don Mills (42),-79.3409210158811,43.73511850435992,0,0.5908251093643733,-0.5908251093643733
"Poisson (area, tuned)",2024-12-01,1.7703346781640914,sha256:bd942a7bcbe33ba673b7fdec9b2ff2b747cb0d530af4522e5d003d78fb3f640b,2025-01-01,Bathurst Manor (34),-79.45175843487672,43.75609728872373,0,0.4632438479338237,-0.4632438479338237
"Poisson (area, tuned)",2024-12-01,1.7703346781640914,sha256:bd942a7bcbe33ba673b7fdec9b2ff2b747cb0d530af4522e5d003d78fb3f640b,2025-01-01,Bay Street Corridor (76),-79.38436854475557,43.65730879641258,6,10.606015407454242,-4.606015407454242
"Poisson (area, tuned)",2024-12-01,1.7703346781640914,sha256:bd942a7bcbe33ba673b7fdec9b2ff2b747cb0d530af4522e5d003d78fb3f640b,2025-01-01,Bayview Village (52),-79.38403601743099,43.769051789694494,0,0.6117414587276091,-0.6117414587276091
"Poisson (area, tuned)",2024-12-01,1.7703346781640914,sha256:bd942a7bcbe33ba673b7fdec9b2ff2b747cb0d530af4522e5d003d78fb3f640b,2025-01-01,Bayview Woods-Steeles (49),-79.3743681512798,43.797822785562154,1,0.31794037798233415,0.6820596220176658
"Poisson (area, tuned)",2024-12-01,1.7703346781640914,sha256:bd942a7bcbe33ba673b7fdec9b2ff2b747cb0d530af4522e5d003d78fb3f640b,2025-01-01,Bedford Park-Nortown (39),-79.42125788351791,43.72757981721193,0,0.6956569714727758,-0.6956569714727758
"Poisson (area, tuned)",2024-12-01,1.7703346781640914,sha256:bd942a7bcbe33ba673b7fdec9b2ff2b747cb0d530af4522e5d003d78fb3f640b,2025-01-01,Beechborough-Greenbrook (112),-79.4744663865561,43.691508083029944,0,0.47528634016016236,-0.47528634016016236
"Poisson (area, tuned)",2024-12-01,1.7703346781640914,sha256:bd942a7bcbe33ba673b7fdec9b2ff2b747cb0d530af4522e5d003d78fb3f640b,2025-01-01,Bendale (127),-79.26046315357324,43.76293076745831,0,0.3683316094234296,-0.3683316094234296
"Poisson (area, tuned)",2024-12-01,1.7703346781640914,sha256:bd942a7bcbe33ba673b7fdec9b2ff2b747cb0d530af4522e5d003d78fb3f640b,2025-01-01,Birchcliffe-Cliffside (122),-79.27062357025366,43.69131003372983,0,0.591690253226749,-0.591690253226749
"Poisson (area, tuned)",2024-12-01,1.7703346781640914,sha256:bd942a7bcbe33ba673b7fdec9b2ff2b747cb0d530af4522e5d003d78fb3f640b,2025-01-01,Black Creek (24),-79.51869671361172,43.76523138519309,0,0.38430694240765934,-0.38430694240765934
"Poisson (area, tuned)",2024-12-01,1.7703346781640914,sha256:bd942a7bcbe33ba673b7fdec9b2ff2b747cb0d530af4522e5d003d78fb3f640b,2025-01-01,Blake-Jones (69),-79.3394451105104,43.67664416992363,0,0.9419155155042154,-0.9419155155042154
"Poisson (area, tuned)",2024-12-01,1.7703346781640914,sha256:bd942a7bcbe33ba673b7fdec9b2ff2b747cb0d530af4522e5d003d78fb3f640b,2025-01-01,Briar Hill-Belgravia (108),-79.445578280552,43.699313061287725,0,0.6866267403145238,-0.6866267403145238
"Poisson (area, tuned)",2024-12-01,1.7703346781640914,sha256:bd942a7bcbe33ba673b7fdec9b2ff2b747cb0d530af4522e5d003d78fb3f640b,2025-01-01,Bridle Path-Sunnybrook-York Mills (41),-79.38366396163413,43.72516179918022,0,0.6473731250802236,-0.6473731250802236
"Poisson (area, tuned)",2024-12-01,1.7703346781640914,sha256:bd942a7bcbe33ba673b7fdec9b2ff2b747cb0d530af4522e5d003d78fb3f640b,2025-01-01,Broadview North (57),-79.35364911130229,43.683932870884654,1,0.9509529545390619,0.04904704546093808
"Poisson (area, tuned)",2024-12-01,1.7703346781640914,sha256:bd942a7bcbe33ba673b7fdec9b2ff2b747cb0d530af4522e5d003d78fb3f640b,2025-01-01,Brookhaven-Amesbury (30),-79.49015206607174,43.69942696476651,0,0.47128601517759505,-0.47128601517759505
"Poisson (area, tuned)",2024-12-01,1.7703346781640914,sha256:bd942a7bcbe33ba673b7fdec9b2ff2b747cb0d530af4522e5d003d78fb3f640b,2025-01-01,Cabbagetown-South St.James Town (71),-79.36975340775743,43.66521290431659,0,2.0848935139919096,-2.0848935139919096
"Poisson (area, tuned)",2024-12-01,1.7703346781640914,sha256:bd942a7bcbe33ba673b7fdec9b2ff2b747cb0d530af4522e5d003d78fb3f640b,2025-01-01,Caledonia-Fairbank (109),-79.4517849962554,43.690036179158305,0,0.5891343775831929,-0.5891343775831929
"Poisson (area, tuned)",2024-12-01,1.7703346781640914,sha256:bd942a7bcbe33ba673b7fdec9b2ff2b747cb0d530af4522e5d003d78fb3f640b,2025-01-01,Casa Loma (96),-79.40864864037756,43.67955392863041,0,0.9856163256636872,-0.9856163256636872
"Poisson (area, tuned)",2024-12-01,1.7703346781640914,sha256:bd942a7bcbe33ba673b7fdec9b2ff2b747cb0d530af4522e5d003d78fb3f640b,2025-01-01,Centennial Scarborough (133),-79.15053423026679,43.780757885389185,0,0.294810138838393,-0.294810138838393
"Poisson (area, tuned)",2024-12-01,1.7703346781640914,sha256:bd942a7bcbe33ba673b7fdec9b2ff2b747cb0d530af4522e5d003d78fb3f640b,2025-01-01,Church-Yonge Corridor (75),-79.37956284727365,43.66018909929288,5,9.588739502208586,-4.588739502208586
"Poisson (area, tuned)",2024-12-01,1.7703346781640914,sha256:bd942a7bcbe33ba673b7fdec9b2ff2b747cb0d530af4522e5d003d78fb3f640b,2025-01-01,Clairlea-Birchmount (120),-79.28672506823307,43.709414591668256,0,0.5914799726901959,-0.5914799726901959
"Poisson (area, tuned)",2024-12-01,1.7703346781640914,sha256:bd942a7bcbe33ba673b7fdec9b2ff2b747cb0d530af4522e5d003d78fb3f640b,2025-01-01,Clanton Park (33),-79.44643447690169,43.74149776462126,0,0.5544752338659361,-0.5544752338659361
"Poisson (area, tuned)",2024-12-01,1.7703346781640914,sha256:bd942a7bcbe33ba673b7fdec9b2ff2b747cb0d530af4522e5d003d78fb3f640b,2025-01-01,Cliffcrest (123),-79.23329029919245,43.72191819765982,0,0.34232773563446545,-0.34232773563446545
"Poisson (area, tuned)",2024-12-01,1.7703346781640914,sha256:bd942a7bcbe33ba673b7fdec9b2ff2b747cb0d530af4522e5d003d78fb3f640b,2025-01-01,Corso Italia-Davenport (92),-79.4427553703874,43.67658111935704,0,0.7848158724328043,-0.7848158724328043
"Poisson (area, tuned)",2024-12-01,1.7703346781640914,sha256:bd942a7bcbe33ba673b7fdec9b2ff2b747cb0d530af4522e5d003d78fb3f640b,2025-01-01,Danforth (66),-79.33065782618279,43.682847803276616,0,1.172396045778918,-1.172396045778918
"Poisson (area, tuned)",2024-12-01,1.7703346781640914,sha256:bd942a7bcbe33ba673b7fdec9b2ff2b747cb0d530af4522e5d003d78fb3f640b,2025-01-01,Danforth East York (59),-79.3313092800722,43.69082681262244,1,0.8281608825967268,0.17183911740327318
"Poisson (area, tuned)",2024-12-01,1.7703346781640914,sha256:bd942a7bcbe33ba673b7fdec9b2ff2b747cb0d530af4522e5d003d78fb3f640b,2025-01-01,Don Valley Village (47),-79.35240298959988,43.77988611135725,0,0.40688324946787685,-0.40688324946787685
"Poisson (area, tuned)",2024-12-01,1.7703346781640914,sha256:bd942a7bcbe33ba673b7fdec9b2ff2b747cb0d530af4522e5d003d78fb3f640b,2025-01-01,Dorset Park (126),-79.28077525994308,43.75528945083431,0,0.3794884194451036,-0.3794884194451036
"Poisson (area, tuned)",2024-12-01,1.7703346781640914,sha256:bd942a7bcbe33ba673b7fdec9b2ff2b747cb0d530af4522e5d003d78fb3f640b,2025-01-01,Dovercourt-Wallace Emerson-Junction (93),-79.43778332382438,43.66463002065643,6,2.875836670007406,3.124163329992594
"Poisson (area, tuned)",2024-12-01,1.7703346781640914,sha256:bd942a7bcbe33ba673b7fdec9b2ff2b747cb0d530af4522e5d003d78fb3f640b,2025-01-01,Downsview-Roding-CFB (26),-79.4835940990325,43.727986861303435,0,0.6227797858848492,-0.6227797858848492
"Poisson (area, tuned)",2024-12-01,1.7703346781640914,sha256:bd942a7bcbe33ba673b7fdec9b2ff2b747cb0d530af4522e5d003d78fb3f640b,2025-01-01,Dufferin Grove (83),-79.4370618209781,43.65521640563446,0,1.480954391605542,-1.480954391605542
"Poisson (area, tuned)",2024-12-01,1.7703346781640914,sha256:bd942a7bcbe33ba673b7fdec9b2ff2b747cb0d530af4522e5d003d78fb3f640b,2025-01-01,East End-Danforth (62),-79.30055625233094,43.68572312555001,0,1.3789949169791862,-1.3789949169791862
"Poisson (area, tuned)",2024-12-01,1.7703346781640914,sha256:bd942a7bcbe33ba673b7fdec9b2ff2b747cb0d530af4522e5d003d78fb3f640b,2025-01-01,Edenbridge-Humber Valley (9),-79.52023309003076,43.66557816852869,0,0.4276111353922608,-0.4276111353922608
"Poisson (area, tuned)",2024-12-01,1.7703346781640914,sha256:bd942a7bcbe33ba673b7fdec9b2ff2b747cb0d530af4522e5d003d78fb3f640b,2025-01-01,Eglinton East (138),-79.24473615792672,43.73991827916189,0,0.3523406610301799,-0.3523406610301799
"Poisson (area, tuned)",2024-12-01,1.7703346781640914,sha256:bd942a7bcbe33ba673b7fdec9b2ff2b747cb0d530af4522e5d003d78fb3f640b,2025-01-01,Elms-Old Rexdale (5),-79.55208772185198,43.71927285915033,0,0.34339739810273245,-0.34339739810273245
"Poisson (area, tuned)",2024-12-01,1.7703346781640914,sha256:bd942a7bcbe33ba673b7fdec9b2ff2b747cb0d530af4522e5d003d78fb3f640b,2025-01-01,Englemount-Lawrence (32),-79.43712596977969,43.7204676607881,0,0.7460592912847539,-0.7460592912847539
"Poisson (area, tuned)",2024-12-01,1.7703346781640914,sha256:bd942a7bcbe33ba673b7fdec9b2ff2b747cb0d530af4522e5d003d78fb3f640b,2025-01-01,Eringate-Centennial-West Deane (11),-79.57787073233334,43.65860025717794,0,0.34304518171712317,-0.34304518171712317
"Poisson (area, tuned)",2024-12-01,1.7703346781640914,sha256:bd942a7bcbe33ba673b7fdec9b2ff2b747cb0d530af4522e5d003d78fb3f640b,2025-01-01,Etobicoke West Mall (13),-79.5678030787646,43.64190931147644,0,0.3594151098764043,-0.3594151098764043
"Poisson (area, tuned)",2024-12-01,1.7703346781640914,sha256:bd942a7bcbe33ba673b7fdec9b2ff2b747cb0d530af4522e5d003d78fb3f640b,2025-01-01,Flemingdon Park (44),-79.33198682919883,43.71530756444098,0,0.6285960309402197,-0.6285960309402197
"Poisson (area, tuned)",2024-12-01,1.7703346781640914,sha256:bd942a7bcbe33ba673b7fdec9b2ff2b747cb0d530af4522e5d003d78fb3f640b,2025-01-01,Forest Hill North (102),-79.43346069412912,43.70194436532484,0,0.8192939528790748,-0.8192939528790748
"Poisson (area, tuned)",2024-12-01,1.7703346781640914,sha256:bd942a7bcbe33ba673b7fdec9b2ff2b747cb0d530af4522e5d003d78fb3f640b,2025-01-01,Forest Hill South (101),-79.41299883590433,43.6890600119443,0,0.8921822492495443,-0.8921822492495443
"Poisson (area, tuned)",2024-12-01,1.7703346781640914,sha256:bd942a7bcbe33ba673b7fdec9b2ff2b747cb0d530af4522e5d003d78fb3f640b,2025-01-01,Glenfield-Jane Heights (25),-79.50908241975385,43.74806287596809,0,0.46418291679066137,-0.46418291679066137
"Poisson (area, tuned)",2024-12-01,1.7703346781640914,sha256:bd942a7bcbe33ba673b7fdec9b2ff2b747cb0d530af4522e5d003d78fb3f640b,2025-01-01,Greenwood-Coxwell (65),-79.32392461588157,43.67182578504262,0,1.3441067334250125,-1.3441067334250125
"Poisson (area, tuned)",2024-12-01,1.7703346781640914,sha256:bd942a7bcbe33ba673b7fdec9b2ff2b747cb0d530af4522e5d003d78fb3f640b,2025-01-01,Guildwood (140),-79.1987335919193,43.747914590059,0,0.2857607298114302,-0.2857607298114302
"Poisson (area, tuned)",2024-12-01,1.7703346781640914,sha256:bd942a7bcbe33ba673b7fdec9b2ff2b747cb0d530af4522e5d003d78fb3f640b,2025-01-01,Henry Farm (53),-79.34642185767248,43.76957681680956,0,0.4226273969680561,-0.4226273969680561
"Poisson (area, tuned)",2024-12-01,1.7703346781640914,sha256:bd942a7bcbe33ba673b7fdec9b2ff2b747cb0d530af4522e5d003d78fb3f640b,2025-01-01,High Park North (88),-79.4652298180643,43.65722103912335,0,1.4299012199035037,-1.4299012199035037
"Poisson (area, tuned)",2024-12-01,1.7703346781640914,sha256:bd942a7bcbe33ba673b7fdec9b2ff2b747cb0d530af4522e5d003d78fb3f640b,2025-01-01,High Park-Swansea (87),-79.4648159122912,43.64453199862067,1,1.0479003995578218,-0.04790039955782177
"Poisson (area, tuned)",2024-12-01,1.7703346781640914,sha256:bd942a7bcbe33ba673b7fdec9b2ff2b747cb0d530af4522e5d003d78fb3f640b,2025-01-01,Highland Creek (134),-79.18452149622338,43.786273991320705,0,0.30127577993936927,-0.30127577993936927
"Poisson (area, tuned)",2024-12-01,1.7703346781640914,sha256:bd942a7bcbe33ba673b7fdec9b2ff2b747cb0d530af4522e5d003d78fb3f640b,2025-01-01,Hillcrest Village (48),-79.35806283641195,43.79960270136573,0,0.33034015492963753,-0.33034015492963753
"Poisson (area, tuned)",2024-12-01,1.7703346781640914,sha256:bd942a7bcbe33ba673b7fdec9b2ff2b747cb0d530af4522e5d003d78fb3f640b,2025-01-01,Humber Heights-Westmount (8),-79.51864457298561,43.69564007439048,0,0.3818482975409703,-0.3818482975409703
"Poisson (area, tuned)",2024-12-01,1.7703346781640914,sha256:bd942a7bcbe33ba673b7fdec9b2ff2b747cb0d530af4522e5d003d78fb3f640b,2025-01-01,Humber Summit (21),-79.56057763521508,43.75362439798188,0,0.3422585017360368,-0.3422585017360368
"Poisson (area, tuned)",2024-12-01,1.7703346781640914,sha256:bd942a7bcbe33ba673b7fdec9b2ff2b747cb0d530af4522e5d003d78fb3f640b,2025-01-01,Humbermede (22),-79.54521679307662,43.74787608113298,0,0.3353942417450273,-0.3353942417450273
"Poisson (area, tuned)",2024-12-01,1.7703346781640914,sha256:bd942a7bcbe33ba673b7fdec9b2ff2b747cb0d530af4522e5d003d78fb3f640b,2025-01-01,Humewood-Cedarvale (106),-79.42603840921164,43.68908389632168,0,1.0589898485328908,-1.0589898485328908
"Poisson (area, tuned)",2024-12-01,1.7703346781640914,sha256:bd942a7bcbe33ba673b7fdec9b2ff2b747cb0d530af4522e5d003d78fb3f640b,2025-01-01,Ionview (125),-79.2682783103958,43.73299077700163,0,0.35192369144070856,-0.35192369144070856
"Poisson (area, tuned)",2024-12-01,1.7703346781640914,sha256:bd942a7bcbe33ba673b7fdec9b2ff2b747cb0d530af4522e5d003d78fb3f640b,2025-01-01,Islington-City Centre West (14),-79.53678079261083,43.641361915813675,3,0.7005243026834443,2.2994756973165558
"Poisson (area, tuned)",2024-12-01,1.7703346781640914,sha256:bd942a7bcbe33ba673b7fdec9b2ff2b747cb0d530af4522e5d003d78fb3f640b,2025-01-01,Junction Area (90),-79.46892477498491,43.6655394100211,1,0.8798436197334438,0.12015638026655617
"Poisson (area, tuned)",2024-12-01,1.7703346781640914,sha256:bd942a7bcbe33ba673b7fdec9b2ff2b747cb0d530af4522e5d003d78fb3f640b,2025-01-01,Keelesdale-Eglinton West (110),-79.47055790633043,43.68391780141048,1,0.5285422292255865,0.47145777077441353
"Poisson (area, tuned)",2024-12-01,1.7703346781640914,sha256:bd942a7bcbe33ba673b7fdec9b2ff2b747cb0d530af4522e5d003d78fb3f640b,2025-01-01,Kennedy Park (124),-79.25874986465229,43.728410786674374,0,0.3988192021246468,-0.3988192021246468
"Poisson (area, tuned)",2024-12-01,1.7703346781640914,sha256:bd942a7bcbe33ba673b7fdec9b2ff2b747cb0d530af4522e5d003d78fb3f640b,2025-01-01,Kensington-Chinatown (78),-79.3967980354919,43.65388049459246,0,4.262216042359317,-4.262216042359317
"Poisson (area, tuned)",2024-12-01,1.7703346781640914,sha256:bd942a7bcbe33ba673b7fdec9b2ff2b747cb0d530af4522e5d003d78fb3f640b,2025-01-01,Kingsview Village-The Westway (6),-79.54911503533694,43.69584358136977,0,0.36589326387615484,-0.36589326387615484
"Poisson (area, tuned)",2024-12-01,1.7703346781640914,sha256:bd942a7bcbe33ba673b7fdec9b2ff2b747cb0d530af4522e5d003d78fb3f640b,2025-01-01,Kingsway South (15),-79.51086459422443,43.65032283055947,0,0.526930453323719,-0.526930453323719
"Poisson (area, tuned)",2024-12-01,1.7703346781640914,sha256:bd942a7bcbe33ba673b7fdec9b2ff2b747cb0d530af4522e5d003d78fb3f640b,2025-01-01,L'Amoreaux (117),-79.3201008921114,43.79636378659849,0,0.347721134767327,-0.347721134767327
"Poisson (area, tuned)",2024-12-01,1.7703346781640914,sha256:bd942a7bcbe33ba673b7fdec9b2ff2b747cb0d530af4522e5d003d78fb3f640b,2025-01-01,Lambton Baby Point (114),-79.49452130561747,43.65593529844182,0,0.5112960340203216,-0.5112960340203216
"Poisson (area, tuned)",2024-12-01,1.7703346781640914,sha256:bd942a7bcbe33ba673b7fdec9b2ff2b747cb0d530af4522e5d003d78fb3f640b,2025-01-01,Lansing-Westgate (38),-79.41222964417364,43.761840287387486,0,0.5149715510357318,-0.5149715510357318
"Poisson (area, tuned)",2024-12-01,1.7703346781640914,sha256:bd942a7bcbe33ba673b7fdec9b2ff2b747cb0d530af4522e5d003d78fb3f640b,2025-01-01,Lawrence Park North (105),-79.40643053379212,43.72768097403552,0,0.776452271665508,-0.776452271665508
"Poisson (area, tuned)",2024-12-01,1.7703346781640914,sha256:bd942a7bcbe33ba673b7fdec9b2ff2b747cb0d530af4522e5d003d78fb3f640b,2025-01-01,Lawrence Park South (103),-79.41020212544387,43.72248127246825,0,0.7793186198863362,-0.7793186198863362
"Poisson (area, tuned)",2024-12-01,1.7703346781640914,sha256:bd942a7bcbe33ba673b7fdec9b2ff2b747cb0d530af4522e5d003d78fb3f640b,2025-01-01,Leaside-Bennington (56),-79.36756549485442,43.70630335329757,1,1.114209414403438,-0.11420941440343801
"Poisson (area, tuned)",2024-12-01,1.7703346781640914,sha256:bd942a7bcbe33ba673b7fdec9b2ff2b747cb0d530af4522e5d003d78fb3f640b,2025-01-01,Little Portugal (84),-79.42637552454019,43.64409148964972,2,1.710332973726533,0.2896670262734671
"Poisson (area, tuned)",2024-12-01,1.7703346781640914,sha256:bd942a7bcbe33ba673b7fdec9b2ff2b747cb0d530af4522e5d003d78fb3f640b,2025-01-01,Long Branch (19),-79.53237502113143,43.591006620404656,0,0.5586088539528198,-0.5586088539528198
"Poisson (area, tuned)",2024-12-01,1.7703346781640914,sha256:bd942a7bcbe33ba673b7fdec9b2ff2b747cb0d530af4522e5d003d78fb3f640b,2025-01-01,Malvern (132),-79.22095167470565,43.80455499438271,0,0.2987421188262905,-0.2987421188262905
"Poisson (area, tuned)",2024-12-01,1.7703346781640914,sha256:bd942a7bcbe33ba673b7fdec9b2ff2b747cb0d530af4522e5d003d78fb3f640b,2025-01-01,Maple Leaf (29),-79.4843756407544,43.718225646439535,0,0.40826719677692436,-0.40826719677692436
"Poisson (area, tuned)",2024-12-01,1.7703346781640914,sha256:bd942a7bcbe33ba673b7fdec9b2ff2b747cb0d530af4522e5d003d78fb3f640b,2025-01-01,Markland Wood (12),-79.57650734129277,43.633689780366026,0,0.3883523588727151,-0.3883523588727151
"Poisson (area, tuned)",2024-12-01,1.7703346781640914,sha256:bd942a7bcbe33ba673b7fdec9b2ff2b747cb0d530af4522e5d003d78fb3f640b,2025-01-01,Milliken (130),-79.28878321264463,43.82084812422136,0,0.24438830188316904,-0.24438830188316904
"Poisson (area, tuned)",2024-12-01,1.7703346781640914,sha256:bd942a7bcbe33ba673b7fdec9b2ff2b747cb0d530af4522e5d003d78fb3f640b,2025-01-01,Mimico (includes Humber Bay Shores) (17),-79.48568571369577,43.62094188018773,0,1.460207539711837,-1.460207539711837
"Poisson (area, tuned)",2024-12-01,1.7703346781640914,sha256:bd942a7bcbe33ba673b7fdec9b2ff2b747cb0d530af4522e5d003d78fb3f640b,2025-01-01,Morningside (135),-79.20335964084892,43.78544794442794,0,0.25541206639680497,-0.25541206639680497
"Poisson (area, tuned)",2024-12-01,1.7703346781640914,sha256:bd942a7bcbe33ba673b7fdec9b2ff2b747cb0d530af4522e5d003d78fb3f640b,2025-01-01,Moss Park (73),-79.36913295325593,43.65425609335975,4,3.8672261526791814,0.13277384732081865
"Poisson (area, tuned)",2024-12-01,1.7703346781640914,sha256:bd942a7bcbe33ba673b7fdec9b2ff2b747cb0d530af4522e5d003d78fb3f640b,2025-01-01,Mount Dennis (115),-79.48946593742998,43.68565859464735,0,0.4681855236255867,-0.4681855236255867
"Poisson (area, tuned)",2024-12-01,1.7703346781640914,sha256:bd942a7bcbe33ba673b7fdec9b2ff2b747cb0d530af4522e5d003d78fb3f640b,2025-01-01,Mount Olive-Silverstone-Jamestown (2),-79.58577617904946,43.74325917379369,0,0.38832690029584016,-0.38832690029584016
"Poisson (area, tuned)",2024-12-01,1.7703346781640914,sha256:bd942a7bcbe33ba673b7fdec9b2ff2b747cb0d530af4522e5d003d78fb3f640b,2025-01-01,Mount Pleasant East (99),-79.38525136980005,43.70699758566823,0,1.0240379642482242,-1.0240379642482242
"Poisson (area, tuned)",2024-12-01,1.7703346781640914,sha256:bd942a7bcbe33ba673b7fdec9b2ff2b747cb0d530af4522e5d003d78fb3f640b,2025-01-01,Mount Pleasant West (104),-79.39441924813381,43.705281018271585,0,1.9026371072107147,-1.9026371072107147
"Poisson (area, tuned)",2024-12-01,1.7703346781640914,sha256:bd942a7bcbe33ba673b7fdec9b2ff2b747cb0d530af4522e5d003d78fb3f640b,2025-01-01,NSA,NA,NA,1,0.42549656708503497,0.574503432914965
"Poisson (area, tuned)",2024-12-01,1.7703346781640914,sha256:bd942a7bcbe33ba673b7fdec9b2ff2b747cb0d530af4522e5d003d78fb3f640b,2025-01-01,New Toronto (18),-79.50819536860408,43.60067938873378,0,0.5693786274747241,-0.5693786274747241
"Poisson (area, tuned)",2024-12-01,1.7703346781640914,sha256:bd942a7bcbe33ba673b7fdec9b2ff2b747cb0d530af4522e5d003d78fb3f640b,2025-01-01,Newtonbrook East (50),-79.4155662486542,43.782773804672864,0,0.44355069217252835,-0.44355069217252835
"Poisson (area, tuned)",2024-12-01,1.7703346781640914,sha256:bd942a7bcbe33ba673b7fdec9b2ff2b747cb0d530af4522e5d003d78fb3f640b,2025-01-01,Newtonbrook West (36),-79.42082573006313,43.78444945871987,1,0.6269838932646192,0.37301610673538077
"Poisson (area, tuned)",2024-12-01,1.7703346781640914,sha256:bd942a7bcbe33ba673b7fdec9b2ff2b747cb0d530af4522e5d003d78fb3f640b,2025-01-01,Niagara (82),-79.40825413058062,43.639170480800686,3,4.3874652153156655,-1.3874652153156655
"Poisson (area, tuned)",2024-12-01,1.7703346781640914,sha256:bd942a7bcbe33ba673b7fdec9b2ff2b747cb0d530af4522e5d003d78fb3f640b,2025-01-01,North Riverdale (68),-79.34942497640164,43.67320424441098,0,1.303842356027648,-1.303842356027648
"Poisson (area, tuned)",2024-12-01,1.7703346781640914,sha256:bd942a7bcbe33ba673b7fdec9b2ff2b747cb0d530af4522e5d003d78fb3f640b,2025-01-01,North St.James Town (74),-79.37622315570079,43.66924040879271,1,1.878445505961971,-0.8784455059619709
"Poisson (area, tuned)",2024-12-01,1.7703346781640914,sha256:bd942a7bcbe33ba673b7fdec9b2ff2b747cb0d530af4522e5d003d78fb3f640b,2025-01-01,O'Connor-Parkview (54),-79.30295705711893,43.707394189060395,0,0.5909581535045667,-0.5909581535045667
"Poisson (area, tuned)",2024-12-01,1.7703346781640914,sha256:bd942a7bcbe33ba673b7fdec9b2ff2b747cb0d530af4522e5d003d78fb3f640b,2025-01-01,Oakridge (121),-79.28580476562132,43.69338422103418,0,0.5896914941669565,-0.5896914941669565
"Poisson (area, tuned)",2024-12-01,1.7703346781640914,sha256:bd942a7bcbe33ba673b7fdec9b2ff2b747cb0d530af4522e5d003d78fb3f640b,2025-01-01,Oakwood Village (107),-79.43992214652974,43.693163772618576,0,0.7993431836262993,-0.7993431836262993
"Poisson (area, tuned)",2024-12-01,1.7703346781640914,sha256:bd942a7bcbe33ba673b7fdec9b2ff2b747cb0d530af4522e5d003d78fb3f640b,2025-01-01,Old East York (58),-79.33971322725657,43.69468655917457,0,0.7058778094650479,-0.7058778094650479
"Poisson (area, tuned)",2024-12-01,1.7703346781640914,sha256:bd942a7bcbe33ba673b7fdec9b2ff2b747cb0d530af4522e5d003d78fb3f640b,2025-01-01,Palmerston-Little Italy (80),-79.41607073008583,43.65977590713319,1,1.8425969886406646,-0.8425969886406646
"Poisson (area, tuned)",2024-12-01,1.7703346781640914,sha256:bd942a7bcbe33ba673b7fdec9b2ff2b747cb0d530af4522e5d003d78fb3f640b,2025-01-01,Parkwoods-Donalda (45),-79.32857716506125,43.75401452181123,0,0.4669112307249605,-0.4669112307249605
"Poisson (area, tuned)",2024-12-01,1.7703346781640914,sha256:bd942a7bcbe33ba673b7fdec9b2ff2b747cb0d530af4522e5d003d78fb3f640b,2025-01-01,Pelmo Park-Humberlea (23),-79.53452633259599,43.71053804014776,0,0.356345714057273,-0.356345714057273
"Poisson (area, tuned)",2024-12-01,1.7703346781640914,sha256:bd942a7bcbe33ba673b7fdec9b2ff2b747cb0d530af4522e5d003d78fb3f640b,2025-01-01,Playter Estates-Danforth (67),-79.35537498775473,43.678037843577414,0,1.0809871432648817,-1.0809871432648817
"Poisson (area, tuned)",2024-12-01,1.7703346781640914,sha256:bd942a7bcbe33ba673b7fdec9b2ff2b747cb0d530af4522e5d003d78fb3f640b,2025-01-01,Pleasant View (46),-79.33169496448295,43.78880674789264,0,0.32392112940475204,-0.32392112940475204
"Poisson (area, tuned)",2024-12-01,1.7703346781640914,sha256:bd942a7bcbe33ba673b7fdec9b2ff2b747cb0d530af4522e5d003d78fb3f640b,2025-01-01,Princess-Rosethorn (10),-79.54278218831497,43.6664342839495,0,0.37473378941131974,-0.37473378941131974
"Poisson (area, tuned)",2024-12-01,1.7703346781640914,sha256:bd942a7bcbe33ba673b7fdec9b2ff2b747cb0d530af4522e5d003d78fb3f640b,2025-01-01,Regent Park (72),-79.36178286088128,43.65943439853815,1,1.4401408260372524,-0.44014082603725235
"Poisson (area, tuned)",2024-12-01,1.7703346781640914,sha256:bd942a7bcbe33ba673b7fdec9b2ff2b747cb0d530af4522e5d003d78fb3f640b,2025-01-01,Rexdale-Kipling (4),-79.56943957685264,43.726549256380395,0,0.31967025849818803,-0.31967025849818803
"Poisson (area, tuned)",2024-12-01,1.7703346781640914,sha256:bd942a7bcbe33ba673b7fdec9b2ff2b747cb0d530af4522e5d003d78fb3f640b,2025-01-01,Rockcliffe-Smythe (111),-79.49193279998173,43.67234248080122,0,0.5541440194245316,-0.5541440194245316
"Poisson (area, tuned)",2024-12-01,1.7703346781640914,sha256:bd942a7bcbe33ba673b7fdec9b2ff2b747cb0d530af4522e5d003d78fb3f640b,2025-01-01,Roncesvalles (86),-79.44277811907274,43.64370439603947,0,1.457545979443822,-1.457545979443822
"Poisson (area, tuned)",2024-12-01,1.7703346781640914,sha256:bd942a7bcbe33ba673b7fdec9b2ff2b747cb0d530af4522e5d003d78fb3f640b,2025-01-01,Rosedale-Moore Park (98),-79.38462305095243,43.67502671420579,0,2.3488059538400607,-2.3488059538400607
"Poisson (area, tuned)",2024-12-01,1.7703346781640914,sha256:bd942a7bcbe33ba673b7fdec9b2ff2b747cb0d530af4522e5d003d78fb3f640b,2025-01-01,Rouge (131),-79.13309434834144,43.78938806538385,0,0.38080979794653735,-0.38080979794653735
"Poisson (area, tuned)",2024-12-01,1.7703346781640914,sha256:bd942a7bcbe33ba673b7fdec9b2ff2b747cb0d530af4522e5d003d78fb3f640b,2025-01-01,Runnymede-Bloor West Village (89),-79.48480851655415,43.65975616827931,0,0.6516980684250624,-0.6516980684250624
"Poisson (area, tuned)",2024-12-01,1.7703346781640914,sha256:bd942a7bcbe33ba673b7fdec9b2ff2b747cb0d530af4522e5d003d78fb3f640b,2025-01-01,Rustic (28),-79.50024894268427,43.70839284643953,0,0.39461759227694315,-0.39461759227694315
"Poisson (area, tuned)",2024-12-01,1.7703346781640914,sha256:bd942a7bcbe33ba673b7fdec9b2ff2b747cb0d530af4522e5d003d78fb3f640b,2025-01-01,Scarborough Village (139),-79.22121647737255,43.74178808353859,0,0.3150300704117267,-0.3150300704117267
"Poisson (area, tuned)",2024-12-01,1.7703346781640914,sha256:bd942a7bcbe33ba673b7fdec9b2ff2b747cb0d530af4522e5d003d78fb3f640b,2025-01-01,South Parkdale (85),-79.43087572304012,43.63836538756867,2,1.4686005384911656,0.5313994615088344
"Poisson (area, tuned)",2024-12-01,1.7703346781640914,sha256:bd942a7bcbe33ba673b7fdec9b2ff2b747cb0d530af4522e5d003d78fb3f640b,2025-01-01,South Riverdale (70),-79.34033408773206,43.66227352160024,2,3.266341778045483,-1.2663417780454829
"Poisson (area, tuned)",2024-12-01,1.7703346781640914,sha256:bd942a7bcbe33ba673b7fdec9b2ff2b747cb0d530af4522e5d003d78fb3f640b,2025-01-01,St.Andrew-Windfields (40),-79.39807496057622,43.75295000125709,0,0.5589918646003122,-0.5589918646003122
"Poisson (area, tuned)",2024-12-01,1.7703346781640914,sha256:bd942a7bcbe33ba673b7fdec9b2ff2b747cb0d530af4522e5d003d78fb3f640b,2025-01-01,Steeles (116),-79.32254019689177,43.815065444286134,0,0.2582230517479001,-0.2582230517479001
"Poisson (area, tuned)",2024-12-01,1.7703346781640914,sha256:bd942a7bcbe33ba673b7fdec9b2ff2b747cb0d530af4522e5d003d78fb3f640b,2025-01-01,Stonegate-Queensway (16),-79.50687874894817,43.63678476785418,0,0.5503578568910571,-0.5503578568910571
"Poisson (area, tuned)",2024-12-01,1.7703346781640914,sha256:bd942a7bcbe33ba673b7fdec9b2ff2b747cb0d530af4522e5d003d78fb3f640b,2025-01-01,Tam O'Shanter-Sullivan (118),-79.29346258821549,43.78211963627784,1,0.33579988902772245,0.6642001109722775
"Poisson (area, tuned)",2024-12-01,1.7703346781640914,sha256:bd942a7bcbe33ba673b7fdec9b2ff2b747cb0d530af4522e5d003d78fb3f640b,2025-01-01,Taylor-Massey (61),-79.29495186057909,43.692458919227406,0,0.6831041747780265,-0.6831041747780265
"Poisson (area, tuned)",2024-12-01,1.7703346781640914,sha256:bd942a7bcbe33ba673b7fdec9b2ff2b747cb0d530af4522e5d003d78fb3f640b,2025-01-01,The Beaches (63),-79.30297553719052,43.66875560841342,0,1.3171849046353685,-1.3171849046353685
"Poisson (area, tuned)",2024-12-01,1.7703346781640914,sha256:bd942a7bcbe33ba673b7fdec9b2ff2b747cb0d530af4522e5d003d78fb3f640b,2025-01-01,Thistletown-Beaumond Heights (3),-79.5659329290065,43.73754827301803,0,0.3213419877995577,-0.3213419877995577
"Poisson (area, tuned)",2024-12-01,1.7703346781640914,sha256:bd942a7bcbe33ba673b7fdec9b2ff2b747cb0d530af4522e5d003d78fb3f640b,2025-01-01,Thorncliffe Park (55),-79.35448121100222,43.71036836631147,0,0.80199959603131,-0.80199959603131
"Poisson (area, tuned)",2024-12-01,1.7703346781640914,sha256:bd942a7bcbe33ba673b7fdec9b2ff2b747cb0d530af4522e5d003d78fb3f640b,2025-01-01,Trinity-Bellwoods (81),-79.41373927922925,43.65087049509186,0,2.0000560903235236,-2.0000560903235236
"Poisson (area, tuned)",2024-12-01,1.7703346781640914,sha256:bd942a7bcbe33ba673b7fdec9b2ff2b747cb0d530af4522e5d003d78fb3f640b,2025-01-01,University (79),-79.39982104056267,43.66254295263539,2,3.536913348753699,-1.536913348753699
"Poisson (area, tuned)",2024-12-01,1.7703346781640914,sha256:bd942a7bcbe33ba673b7fdec9b2ff2b747cb0d530af4522e5d003d78fb3f640b,2025-01-01,Victoria Village (43),-79.3128138518101,43.72684844443762,0,0.4670759334816123,-0.4670759334816123
"Poisson (area, tuned)",2024-12-01,1.7703346781640914,sha256:bd942a7bcbe33ba673b7fdec9b2ff2b747cb0d530af4522e5d003d78fb3f640b,2025-01-01,Waterfront Communities-The Island (77),-79.38919773860151,43.64473008383375,7,13.137055696541529,-6.137055696541529
"Poisson (area, tuned)",2024-12-01,1.7703346781640914,sha256:bd942a7bcbe33ba673b7fdec9b2ff2b747cb0d530af4522e5d003d78fb3f640b,2025-01-01,West Hill (136),-79.18284860837016,43.76769079627477,0,0.4334684197223313,-0.4334684197223313
"Poisson (area, tuned)",2024-12-01,1.7703346781640914,sha256:bd942a7bcbe33ba673b7fdec9b2ff2b747cb0d530af4522e5d003d78fb3f640b,2025-01-01,West Humber-Clairville (1),-79.60420741329722,43.73006355433667,0,0.42065876700246696,-0.42065876700246696
"Poisson (area, tuned)",2024-12-01,1.7703346781640914,sha256:bd942a7bcbe33ba673b7fdec9b2ff2b747cb0d530af4522e5d003d78fb3f640b,2025-01-01,Westminster-Branson (35),-79.44807552904417,43.781743102812335,0,0.468388684445855,-0.468388684445855
"Poisson (area, tuned)",2024-12-01,1.7703346781640914,sha256:bd942a7bcbe33ba673b7fdec9b2ff2b747cb0d530af4522e5d003d78fb3f640b,2025-01-01,Weston (113),-79.5165855480493,43.702833758307314,0,0.47358661848097705,-0.47358661848097705
"Poisson (area, tuned)",2024-12-01,1.7703346781640914,sha256:bd942a7bcbe33ba673b7fdec9b2ff2b747cb0d530af4522e5d003d78fb3f640b,2025-01-01,Weston-Pelham Park (91),-79.45875842314518,43.67071482937652,0,0.6368143504648972,-0.6368143504648972
"Poisson (area, tuned)",2024-12-01,1.7703346781640914,sha256:bd942a7bcbe33ba673b7fdec9b2ff2b747cb0d530af4522e5d003d78fb3f640b,2025-01-01,Wexford/Maryvale (119),-79.30050366891615,43.74264083383781,1,0.528463663055481,0.471536336944519
"Poisson (area, tuned)",2024-12-01,1.7703346781640914,sha256:bd942a7bcbe33ba673b7fdec9b2ff2b747cb0d530af4522e5d003d78fb3f640b,2025-01-01,Willowdale East (51),-79.410074781475,43.76524478810602,0,1.144714792981174,-1.144714792981174
"Poisson (area, tuned)",2024-12-01,1.7703346781640914,sha256:bd942a7bcbe33ba673b7fdec9b2ff2b747cb0d530af4522e5d003d78fb3f640b,2025-01-01,Willowdale West (37),-79.41563035776022,43.77061463226557,0,0.6227095869733981,-0.6227095869733981
"Poisson (area, tuned)",2024-12-01,1.7703346781640914,sha256:bd942a7bcbe33ba673b7fdec9b2ff2b747cb0d530af4522e5d003d78fb3f640b,2025-01-01,Willowridge-Martingrove-Richview (7),-79.55960317676033,43.68486812894035,0,0.36219644528000045,-0.36219644528000045
"Poisson (area, tuned)",2024-12-01,1.7703346781640914,sha256:bd942a7bcbe33ba673b7fdec9b2ff2b747cb0d530af4522e5d003d78fb3f640b,2025-01-01,Woburn (137),-79.22656387770975,43.76289989874722,0,0.3662484409108571,-0.3662484409108571
"Poisson (area, tuned)",2024-12-01,1.7703346781640914,sha256:bd942a7bcbe33ba673b7fdec9b2ff2b747cb0d530af4522e5d003d78fb3f640b,2025-01-01,Woodbine Corridor (64),-79.31407054230695,43.67581440173363,0,0.9345094787099941,-0.9345094787099941
"Poisson (area, tuned)",2024-12-01,1.7703346781640914,sha256:bd942a7bcbe33ba673b7fdec9b2ff2b747cb0d530af4522e5d003d78fb3f640b,2025-01-01,Woodbine-Lumsden (60),-79.31039264658962,43.69145821847367,0,0.6223204616594955,-0.6223204616594955
"Poisson (area, tuned)",2024-12-01,1.7703346781640914,sha256:bd942a7bcbe33ba673b7fdec9b2ff2b747cb0d530af4522e5d003d78fb3f640b,2025-01-01,Wychwood (94),-79.42710542937913,43.6784532168336,2,1.0147670114879708,0.9852329885120292
"Poisson (area, tuned)",2024-12-01,1.7703346781640914,sha256:bd942a7bcbe33ba673b7fdec9b2ff2b747cb0d530af4522e5d003d78fb3f640b,2025-01-01,Yonge-Eglinton (100),-79.40102373824469,43.70674080495774,0,1.0071205196476993,-1.0071205196476993
"Poisson (area, tuned)",2024-12-01,1.7703346781640914,sha256:bd942a7bcbe33ba673b7fdec9b2ff2b747cb0d530af4522e5d003d78fb3f640b,2025-01-01,Yonge-St.Clair (97),-79.39834065134646,43.689263791751046,0,0.9978450148181989,-0.9978450148181989
"Poisson (area, tuned)",2024-12-01,1.7703346781640914,sha256:bd942a7bcbe33ba673b7fdec9b2ff2b747cb0d530af4522e5d003d78fb3f640b,2025-01-01,York University Heights (27),-79.49891755560928,43.76657476817609,1,0.741075749690082,0.25892425030991795
"Poisson (area, tuned)",2024-12-01,1.7703346781640914,sha256:bd942a7bcbe33ba673b7fdec9b2ff2b747cb0d530af4522e5d003d78fb3f640b,2025-01-01,Yorkdale-Glen Park (31),-79.45130621630454,43.714348256200424,0,0.805473656599498,-0.805473656599498
"Poisson (area, tuned)",2024-12-01,1.7703346781640914,sha256:bd942a7bcbe33ba673b7fdec9b2ff2b747cb0d530af4522e5d003d78fb3f640b,2025-02-01,Agincourt North (129),-79.26928393506104,43.810980375100264,0,0.24156102155775608,-0.24156102155775608
"Poisson (area, tuned)",2024-12-01,1.7703346781640914,sha256:bd942a7bcbe33ba673b7fdec9b2ff2b747cb0d530af4522e5d003d78fb3f640b,2025-02-01,Agincourt South-Malvern West (128),-79.28002861084076,43.7889253690791,0,0.29805264772744156,-0.29805264772744156
"Poisson (area, tuned)",2024-12-01,1.7703346781640914,sha256:bd942a7bcbe33ba673b7fdec9b2ff2b747cb0d530af4522e5d003d78fb3f640b,2025-02-01,Alderwood (20),-79.54538918515296,43.6065751977772,0,0.3890261827837933,-0.3890261827837933
"Poisson (area, tuned)",2024-12-01,1.7703346781640914,sha256:bd942a7bcbe33ba673b7fdec9b2ff2b747cb0d530af4522e5d003d78fb3f640b,2025-02-01,Annex (95),-79.40380913861458,43.670104609767606,0,4.3194955952924134,-4.3194955952924134
"Poisson (area, tuned)",2024-12-01,1.7703346781640914,sha256:bd942a7bcbe33ba673b7fdec9b2ff2b747cb0d530af4522e5d003d78fb3f640b,2025-02-01,Banbury-Don Mills (42),-79.3409210158811,43.73511850435992,0,0.5874661815304536,-0.5874661815304536
"Poisson (area, tuned)",2024-12-01,1.7703346781640914,sha256:bd942a7bcbe33ba673b7fdec9b2ff2b747cb0d530af4522e5d003d78fb3f640b,2025-02-01,Bathurst Manor (34),-79.45175843487672,43.75609728872373,0,0.46061023837652015,-0.46061023837652015
"Poisson (area, tuned)",2024-12-01,1.7703346781640914,sha256:bd942a7bcbe33ba673b7fdec9b2ff2b747cb0d530af4522e5d003d78fb3f640b,2025-02-01,Bay Street Corridor (76),-79.38436854475557,43.65730879641258,0,10.545718646544056,-10.545718646544056
"Poisson (area, tuned)",2024-12-01,1.7703346781640914,sha256:bd942a7bcbe33ba673b7fdec9b2ff2b747cb0d530af4522e5d003d78fb3f640b,2025-02-01,Bayview Village (52),-79.38403601743099,43.769051789694494,0,0.608263618364505,-0.608263618364505
"Poisson (area, tuned)",2024-12-01,1.7703346781640914,sha256:bd942a7bcbe33ba673b7fdec9b2ff2b747cb0d530af4522e5d003d78fb3f640b,2025-02-01,Bayview Woods-Steeles (49),-79.3743681512798,43.797822785562154,1,0.31613284006932857,0.6838671599306714
"Poisson (area, tuned)",2024-12-01,1.7703346781640914,sha256:bd942a7bcbe33ba673b7fdec9b2ff2b747cb0d530af4522e5d003d78fb3f640b,2025-02-01,Bedford Park-Nortown (39),-79.42125788351791,43.72757981721193,0,0.6917020590506311,-0.6917020590506311
"Poisson (area, tuned)",2024-12-01,1.7703346781640914,sha256:bd942a7bcbe33ba673b7fdec9b2ff2b747cb0d530af4522e5d003d78fb3f640b,2025-02-01,Beechborough-Greenbrook (112),-79.4744663865561,43.691508083029944,0,0.4725842672594976,-0.4725842672594976
"Poisson (area, tuned)",2024-12-01,1.7703346781640914,sha256:bd942a7bcbe33ba673b7fdec9b2ff2b747cb0d530af4522e5d003d78fb3f640b,2025-02-01,Bendale (127),-79.26046315357324,43.76293076745831,0,0.36623758993205113,-0.36623758993205113
"Poisson (area, tuned)",2024-12-01,1.7703346781640914,sha256:bd942a7bcbe33ba673b7fdec9b2ff2b747cb0d530af4522e5d003d78fb3f640b,2025-02-01,Birchcliffe-Cliffside (122),-79.27062357025366,43.69131003372983,0,0.5883264069224502,-0.5883264069224502
"Poisson (area, tuned)",2024-12-01,1.7703346781640914,sha256:bd942a7bcbe33ba673b7fdec9b2ff2b747cb0d530af4522e5d003d78fb3f640b,2025-02-01,Black Creek (24),-79.51869671361172,43.76523138519309,0,0.38212210079351333,-0.38212210079351333
"Poisson (area, tuned)",2024-12-01,1.7703346781640914,sha256:bd942a7bcbe33ba673b7fdec9b2ff2b747cb0d530af4522e5d003d78fb3f640b,2025-02-01,Blake-Jones (69),-79.3394451105104,43.67664416992363,0,0.9365605869609251,-0.9365605869609251
"Poisson (area, tuned)",2024-12-01,1.7703346781640914,sha256:bd942a7bcbe33ba673b7fdec9b2ff2b747cb0d530af4522e5d003d78fb3f640b,2025-02-01,Briar Hill-Belgravia (108),-79.445578280552,43.699313061287725,0,0.6827231660875631,-0.6827231660875631
"Poisson (area, tuned)",2024-12-01,1.7703346781640914,sha256:bd942a7bcbe33ba673b7fdec9b2ff2b747cb0d530af4522e5d003d78fb3f640b,2025-02-01,Bridle Path-Sunnybrook-York Mills (41),-79.38366396163413,43.72516179918022,0,0.6436927134418238,-0.6436927134418238
"Poisson (area, tuned)",2024-12-01,1.7703346781640914,sha256:bd942a7bcbe33ba673b7fdec9b2ff2b747cb0d530af4522e5d003d78fb3f640b,2025-02-01,Broadview North (57),-79.35364911130229,43.683932870884654,0,0.9455466468227468,-0.9455466468227468
"Poisson (area, tuned)",2024-12-01,1.7703346781640914,sha256:bd942a7bcbe33ba673b7fdec9b2ff2b747cb0d530af4522e5d003d78fb3f640b,2025-02-01,Brookhaven-Amesbury (30),-79.49015206607174,43.69942696476651,0,0.4686066847141011,-0.4686066847141011
"Poisson (area, tuned)",2024-12-01,1.7703346781640914,sha256:bd942a7bcbe33ba673b7fdec9b2ff2b747cb0d530af4522e5d003d78fb3f640b,2025-02-01,Cabbagetown-South St.James Town (71),-79.36975340775743,43.66521290431659,0,2.0730405870531072,-2.0730405870531072
"Poisson (area, tuned)",2024-12-01,1.7703346781640914,sha256:bd942a7bcbe33ba673b7fdec9b2ff2b747cb0d530af4522e5d003d78fb3f640b,2025-02-01,Caledonia-Fairbank (109),-79.4517849962554,43.690036179158305,0,0.5857850618086619,-0.5857850618086619
"Poisson (area, tuned)",2024-12-01,1.7703346781640914,sha256:bd942a7bcbe33ba673b7fdec9b2ff2b747cb0d530af4522e5d003d78fb3f640b,2025-02-01,Casa Loma (96),-79.40864864037756,43.67955392863041,0,0.9800129515731733,-0.9800129515731733
"Poisson (area, tuned)",2024-12-01,1.7703346781640914,sha256:bd942a7bcbe33ba673b7fdec9b2ff2b747cb0d530af4522e5d003d78fb3f640b,2025-02-01,Centennial Scarborough (133),-79.15053423026679,43.780757885389185,0,0.29313409974430077,-0.29313409974430077
"Poisson (area, tuned)",2024-12-01,1.7703346781640914,sha256:bd942a7bcbe33ba673b7fdec9b2ff2b747cb0d530af4522e5d003d78fb3f640b,2025-02-01,Church-Yonge Corridor (75),-79.37956284727365,43.66018909929288,1,9.534226104765434,-8.534226104765434
"Poisson (area, tuned)",2024-12-01,1.7703346781640914,sha256:bd942a7bcbe33ba673b7fdec9b2ff2b747cb0d530af4522e5d003d78fb3f640b,2025-02-01,Clairlea-Birchmount (120),-79.28672506823307,43.709414591668256,0,0.5881173218617427,-0.5881173218617427
"Poisson (area, tuned)",2024-12-01,1.7703346781640914,sha256:bd942a7bcbe33ba673b7fdec9b2ff2b747cb0d530af4522e5d003d78fb3f640b,2025-02-01,Clanton Park (33),-79.44643447690169,43.74149776462126,0,0.5513229604321699,-0.5513229604321699
"Poisson (area, tuned)",2024-12-01,1.7703346781640914,sha256:bd942a7bcbe33ba673b7fdec9b2ff2b747cb0d530af4522e5d003d78fb3f640b,2025-02-01,Cliffcrest (123),-79.23329029919245,43.72191819765982,0,0.3403815519985291,-0.3403815519985291
"Poisson (area, tuned)",2024-12-01,1.7703346781640914,sha256:bd942a7bcbe33ba673b7fdec9b2ff2b747cb0d530af4522e5d003d78fb3f640b,2025-02-01,Corso Italia-Davenport (92),-79.4427553703874,43.67658111935704,0,0.780354078516746,-0.780354078516746
"Poisson (area, tuned)",2024-12-01,1.7703346781640914,sha256:bd942a7bcbe33ba673b7fdec9b2ff2b747cb0d530af4522e5d003d78fb3f640b,2025-02-01,Danforth (66),-79.33065782618279,43.682847803276616,0,1.1657308014483567,-1.1657308014483567
"Poisson (area, tuned)",2024-12-01,1.7703346781640914,sha256:bd942a7bcbe33ba673b7fdec9b2ff2b747cb0d530af4522e5d003d78fb3f640b,2025-02-01,Danforth East York (59),-79.3313092800722,43.69082681262244,0,0.8234526659088642,-0.8234526659088642
"Poisson (area, tuned)",2024-12-01,1.7703346781640914,sha256:bd942a7bcbe33ba673b7fdec9b2ff2b747cb0d530af4522e5d003d78fb3f640b,2025-02-01,Don Valley Village (47),-79.35240298959988,43.77988611135725,0,0.4045700582203626,-0.4045700582203626
"Poisson (area, tuned)",2024-12-01,1.7703346781640914,sha256:bd942a7bcbe33ba673b7fdec9b2ff2b747cb0d530af4522e5d003d78fb3f640b,2025-02-01,Dorset Park (126),-79.28077525994308,43.75528945083431,0,0.3773309718442464,-0.3773309718442464
"Poisson (area, tuned)",2024-12-01,1.7703346781640914,sha256:bd942a7bcbe33ba673b7fdec9b2ff2b747cb0d530af4522e5d003d78fb3f640b,2025-02-01,Dovercourt-Wallace Emerson-Junction (93),-79.43778332382438,43.66463002065643,5,2.8594871146422207,2.1405128853577793
"Poisson (area, tuned)",2024-12-01,1.7703346781640914,sha256:bd942a7bcbe33ba673b7fdec9b2ff2b747cb0d530af4522e5d003d78fb3f640b,2025-02-01,Downsview-Roding-CFB (26),-79.4835940990325,43.727986861303435,0,0.619239191004815,-0.619239191004815
"Poisson (area, tuned)",2024-12-01,1.7703346781640914,sha256:bd942a7bcbe33ba673b7fdec9b2ff2b747cb0d530af4522e5d003d78fb3f640b,2025-02-01,Dufferin Grove (83),-79.4370618209781,43.65521640563446,0,1.472534947597685,-1.472534947597685
"Poisson (area, tuned)",2024-12-01,1.7703346781640914,sha256:bd942a7bcbe33ba673b7fdec9b2ff2b747cb0d530af4522e5d003d78fb3f640b,2025-02-01,East End-Danforth (62),-79.30055625233094,43.68572312555001,0,1.371155127613331,-1.371155127613331
"Poisson (area, tuned)",2024-12-01,1.7703346781640914,sha256:bd942a7bcbe33ba673b7fdec9b2ff2b747cb0d530af4522e5d003d78fb3f640b,2025-02-01,Edenbridge-Humber Valley (9),-79.52023309003076,43.66557816852869,0,0.4251801030579914,-0.4251801030579914
"Poisson (area, tuned)",2024-12-01,1.7703346781640914,sha256:bd942a7bcbe33ba673b7fdec9b2ff2b747cb0d530af4522e5d003d78fb3f640b,2025-02-01,Eglinton East (138),-79.24473615792672,43.73991827916189,0,0.3503375524374711,-0.3503375524374711
"Poisson (area, tuned)",2024-12-01,1.7703346781640914,sha256:bd942a7bcbe33ba673b7fdec9b2ff2b747cb0d530af4522e5d003d78fb3f640b,2025-02-01,Elms-Old Rexdale (5),-79.55208772185198,43.71927285915033,0,0.3414451332779965,-0.3414451332779965
"Poisson (area, tuned)",2024-12-01,1.7703346781640914,sha256:bd942a7bcbe33ba673b7fdec9b2ff2b747cb0d530af4522e5d003d78fb3f640b,2025-02-01,Englemount-Lawrence (32),-79.43712596977969,43.7204676607881,0,0.7418178342452136,-0.7418178342452136
"Poisson (area, tuned)",2024-12-01,1.7703346781640914,sha256:bd942a7bcbe33ba673b7fdec9b2ff2b747cb0d530af4522e5d003d78fb3f640b,2025-02-01,Eringate-Centennial-West Deane (11),-79.57787073233334,43.65860025717794,0,0.3410949192944558,-0.3410949192944558
"Poisson (area, tuned)",2024-12-01,1.7703346781640914,sha256:bd942a7bcbe33ba673b7fdec9b2ff2b747cb0d530af4522e5d003d78fb3f640b,2025-02-01,Etobicoke West Mall (13),-79.5678030787646,43.64190931147644,0,0.35737178199923614,-0.35737178199923614
"Poisson (area, tuned)",2024-12-01,1.7703346781640914,sha256:bd942a7bcbe33ba673b7fdec9b2ff2b747cb0d530af4522e5d003d78fb3f640b,2025-02-01,Flemingdon Park (44),-79.33198682919883,43.71530756444098,0,0.6250223698497355,-0.6250223698497355
"Poisson (area, tuned)",2024-12-01,1.7703346781640914,sha256:bd942a7bcbe33ba673b7fdec9b2ff2b747cb0d530af4522e5d003d78fb3f640b,2025-02-01,Forest Hill North (102),-79.43346069412912,43.70194436532484,0,0.8146361459936359,-0.8146361459936359
"Poisson (area, tuned)",2024-12-01,1.7703346781640914,sha256:bd942a7bcbe33ba673b7fdec9b2ff2b747cb0d530af4522e5d003d78fb3f640b,2025-02-01,Forest Hill South (101),-79.41299883590433,43.6890600119443,0,0.8871100616555584,-0.8871100616555584
"Poisson (area, tuned)",2024-12-01,1.7703346781640914,sha256:bd942a7bcbe33ba673b7fdec9b2ff2b747cb0d530af4522e5d003d78fb3f640b,2025-02-01,Glenfield-Jane Heights (25),-79.50908241975385,43.74806287596809,0,0.4615439684884886,-0.4615439684884886
"Poisson (area, tuned)",2024-12-01,1.7703346781640914,sha256:bd942a7bcbe33ba673b7fdec9b2ff2b747cb0d530af4522e5d003d78fb3f640b,2025-02-01,Greenwood-Coxwell (65),-79.32392461588157,43.67182578504262,0,1.3364652885251551,-1.3364652885251551
"Poisson (area, tuned)",2024-12-01,1.7703346781640914,sha256:bd942a7bcbe33ba673b7fdec9b2ff2b747cb0d530af4522e5d003d78fb3f640b,2025-02-01,Guildwood (140),-79.1987335919193,43.747914590059,0,0.2841361379415324,-0.2841361379415324
"Poisson (area, tuned)",2024-12-01,1.7703346781640914,sha256:bd942a7bcbe33ba673b7fdec9b2ff2b747cb0d530af4522e5d003d78fb3f640b,2025-02-01,Henry Farm (53),-79.34642185767248,43.76957681680956,0,0.42022469792132766,-0.42022469792132766
"Poisson (area, tuned)",2024-12-01,1.7703346781640914,sha256:bd942a7bcbe33ba673b7fdec9b2ff2b747cb0d530af4522e5d003d78fb3f640b,2025-02-01,High Park North (88),-79.4652298180643,43.65722103912335,2,1.4217720207019724,0.5782279792980276
"Poisson (area, tuned)",2024-12-01,1.7703346781640914,sha256:bd942a7bcbe33ba673b7fdec9b2ff2b747cb0d530af4522e5d003d78fb3f640b,2025-02-01,High Park-Swansea (87),-79.4648159122912,43.64453199862067,2,1.0419429313265933,0.9580570686734067
"Poisson (area, tuned)",2024-12-01,1.7703346781640914,sha256:bd942a7bcbe33ba673b7fdec9b2ff2b747cb0d530af4522e5d003d78fb3f640b,2025-02-01,Highland Creek (134),-79.18452149622338,43.786273991320705,0,0.2995629827225873,-0.2995629827225873
"Poisson (area, tuned)",2024-12-01,1.7703346781640914,sha256:bd942a7bcbe33ba673b7fdec9b2ff2b747cb0d530af4522e5d003d78fb3f640b,2025-02-01,Hillcrest Village (48),-79.35806283641195,43.79960270136573,0,0.3284621224569686,-0.3284621224569686
"Poisson (area, tuned)",2024-12-01,1.7703346781640914,sha256:bd942a7bcbe33ba673b7fdec9b2ff2b747cb0d530af4522e5d003d78fb3f640b,2025-02-01,Humber Heights-Westmount (8),-79.51864457298561,43.69564007439048,0,0.3796774336852939,-0.3796774336852939
"Poisson (area, tuned)",2024-12-01,1.7703346781640914,sha256:bd942a7bcbe33ba673b7fdec9b2ff2b747cb0d530af4522e5d003d78fb3f640b,2025-02-01,Humber Summit (21),-79.56057763521508,43.75362439798188,0,0.340312711705018,-0.340312711705018
"Poisson (area, tuned)",2024-12-01,1.7703346781640914,sha256:bd942a7bcbe33ba673b7fdec9b2ff2b747cb0d530af4522e5d003d78fb3f640b,2025-02-01,Humbermede (22),-79.54521679307662,43.74787608113298,0,0.3334874760438442,-0.3334874760438442
"Poisson (area, tuned)",2024-12-01,1.7703346781640914,sha256:bd942a7bcbe33ba673b7fdec9b2ff2b747cb0d530af4522e5d003d78fb3f640b,2025-02-01,Humewood-Cedarvale (106),-79.42603840921164,43.68908389632168,0,1.0529693351496627,-1.0529693351496627
"Poisson (area, tuned)",2024-12-01,1.7703346781640914,sha256:bd942a7bcbe33ba673b7fdec9b2ff2b747cb0d530af4522e5d003d78fb3f640b,2025-02-01,Ionview (125),-79.2682783103958,43.73299077700163,0,0.3499229533815768,-0.3499229533815768
"Poisson (area, tuned)",2024-12-01,1.7703346781640914,sha256:bd942a7bcbe33ba673b7fdec9b2ff2b747cb0d530af4522e5d003d78fb3f640b,2025-02-01,Islington-City Centre West (14),-79.53678079261083,43.641361915813675,3,0.696541718765926,2.3034582812340743
"Poisson (area, tuned)",2024-12-01,1.7703346781640914,sha256:bd942a7bcbe33ba673b7fdec9b2ff2b747cb0d530af4522e5d003d78fb3f640b,2025-02-01,Junction Area (90),-79.46892477498491,43.6655394100211,1,0.8748415790669618,0.1251584209330382
"Poisson (area, tuned)",2024-12-01,1.7703346781640914,sha256:bd942a7bcbe33ba673b7fdec9b2ff2b747cb0d530af4522e5d003d78fb3f640b,2025-02-01,Keelesdale-Eglinton West (110),-79.47055790633043,43.68391780141048,0,0.5255373887457062,-0.5255373887457062
"Poisson (area, tuned)",2024-12-01,1.7703346781640914,sha256:bd942a7bcbe33ba673b7fdec9b2ff2b747cb0d530af4522e5d003d78fb3f640b,2025-02-01,Kennedy Park (124),-79.25874986465229,43.728410786674374,0,0.3965518561749134,-0.3965518561749134
"Poisson (area, tuned)",2024-12-01,1.7703346781640914,sha256:bd942a7bcbe33ba673b7fdec9b2ff2b747cb0d530af4522e5d003d78fb3f640b,2025-02-01,Kensington-Chinatown (78),-79.3967980354919,43.65388049459246,2,4.237984715911019,-2.2379847159110193
"Poisson (area, tuned)",2024-12-01,1.7703346781640914,sha256:bd942a7bcbe33ba673b7fdec9b2ff2b747cb0d530af4522e5d003d78fb3f640b,2025-02-01,Kingsview Village-The Westway (6),-79.54911503533694,43.69584358136977,0,0.363813106738623,-0.363813106738623
"Poisson (area, tuned)",2024-12-01,1.7703346781640914,sha256:bd942a7bcbe33ba673b7fdec9b2ff2b747cb0d530af4522e5d003d78fb3f640b,2025-02-01,Kingsway South (15),-79.51086459422443,43.65032283055947,0,0.5239347760274154,-0.5239347760274154
"Poisson (area, tuned)",2024-12-01,1.7703346781640914,sha256:bd942a7bcbe33ba673b7fdec9b2ff2b747cb0d530af4522e5d003d78fb3f640b,2025-02-01,L'Amoreaux (117),-79.3201008921114,43.79636378659849,0,0.34574428886233727,-0.34574428886233727
"Poisson (area, tuned)",2024-12-01,1.7703346781640914,sha256:bd942a7bcbe33ba673b7fdec9b2ff2b747cb0d530af4522e5d003d78fb3f640b,2025-02-01,Lambton Baby Point (114),-79.49452130561747,43.65593529844182,0,0.5083892407022598,-0.5083892407022598
"Poisson (area, tuned)",2024-12-01,1.7703346781640914,sha256:bd942a7bcbe33ba673b7fdec9b2ff2b747cb0d530af4522e5d003d78fb3f640b,2025-02-01,Lansing-Westgate (38),-79.41222964417364,43.761840287387486,1,0.5120438618616688,0.48795613813833116
"Poisson (area, tuned)",2024-12-01,1.7703346781640914,sha256:bd942a7bcbe33ba673b7fdec9b2ff2b747cb0d530af4522e5d003d78fb3f640b,2025-02-01,Lawrence Park North (105),-79.40643053379212,43.72768097403552,0,0.7720380260526003,-0.7720380260526003
"Poisson (area, tuned)",2024-12-01,1.7703346781640914,sha256:bd942a7bcbe33ba673b7fdec9b2ff2b747cb0d530af4522e5d003d78fb3f640b,2025-02-01,Lawrence Park South (103),-79.41020212544387,43.72248127246825,0,0.7748880786612955,-0.7748880786612955
"Poisson (area, tuned)",2024-12-01,1.7703346781640914,sha256:bd942a7bcbe33ba673b7fdec9b2ff2b747cb0d530af4522e5d003d78fb3f640b,2025-02-01,Leaside-Bennington (56),-79.36756549485442,43.70630335329757,0,1.1078749696489127,-1.1078749696489127
"Poisson (area, tuned)",2024-12-01,1.7703346781640914,sha256:bd942a7bcbe33ba673b7fdec9b2ff2b747cb0d530af4522e5d003d78fb3f640b,2025-02-01,Little Portugal (84),-79.42637552454019,43.64409148964972,2,1.7006094786690849,0.29939052133091515
"Poisson (area, tuned)",2024-12-01,1.7703346781640914,sha256:bd942a7bcbe33ba673b7fdec9b2ff2b747cb0d530af4522e5d003d78fb3f640b,2025-02-01,Long Branch (19),-79.53237502113143,43.591006620404656,0,0.555433080279567,-0.555433080279567
"Poisson (area, tuned)",2024-12-01,1.7703346781640914,sha256:bd942a7bcbe33ba673b7fdec9b2ff2b747cb0d530af4522e5d003d78fb3f640b,2025-02-01,Malvern (132),-79.22095167470565,43.80455499438271,0,0.29704372584639616,-0.29704372584639616
"Poisson (area, tuned)",2024-12-01,1.7703346781640914,sha256:bd942a7bcbe33ba673b7fdec9b2ff2b747cb0d530af4522e5d003d78fb3f640b,2025-02-01,Maple Leaf (29),-79.4843756407544,43.718225646439535,0,0.40594613758496534,-0.40594613758496534
"Poisson (area, tuned)",2024-12-01,1.7703346781640914,sha256:bd942a7bcbe33ba673b7fdec9b2ff2b747cb0d530af4522e5d003d78fb3f640b,2025-02-01,Markland Wood (12),-79.57650734129277,43.633689780366026,0,0.38614451846967385,-0.38614451846967385
"Poisson (area, tuned)",2024-12-01,1.7703346781640914,sha256:bd942a7bcbe33ba673b7fdec9b2ff2b747cb0d530af4522e5d003d78fb3f640b,2025-02-01,Milliken (130),-79.28878321264463,43.82084812422136,0,0.24299891836430867,-0.24299891836430867
"Poisson (area, tuned)",2024-12-01,1.7703346781640914,sha256:bd942a7bcbe33ba673b7fdec9b2ff2b747cb0d530af4522e5d003d78fb3f640b,2025-02-01,Mimico (includes Humber Bay Shores) (17),-79.48568571369577,43.62094188018773,0,1.4519060446150662,-1.4519060446150662
"Poisson (area, tuned)",2024-12-01,1.7703346781640914,sha256:bd942a7bcbe33ba673b7fdec9b2ff2b747cb0d530af4522e5d003d78fb3f640b,2025-02-01,Morningside (135),-79.20335964084892,43.78544794442794,0,0.25396001115178984,-0.25396001115178984
"Poisson (area, tuned)",2024-12-01,1.7703346781640914,sha256:bd942a7bcbe33ba673b7fdec9b2ff2b747cb0d530af4522e5d003d78fb3f640b,2025-02-01,Moss Park (73),-79.36913295325593,43.65425609335975,3,3.8452404019749316,-0.8452404019749316
"Poisson (area, tuned)",2024-12-01,1.7703346781640914,sha256:bd942a7bcbe33ba673b7fdec9b2ff2b747cb0d530af4522e5d003d78fb3f640b,2025-02-01,Mount Dennis (115),-79.48946593742998,43.68565859464735,0,0.46552381991357605,-0.46552381991357605
"Poisson (area, tuned)",2024-12-01,1.7703346781640914,sha256:bd942a7bcbe33ba673b7fdec9b2ff2b747cb0d530af4522e5d003d78fb3f640b,2025-02-01,Mount Olive-Silverstone-Jamestown (2),-79.58577617904946,43.74325917379369,0,0.3861192046285611,-0.3861192046285611
"Poisson (area, tuned)",2024-12-01,1.7703346781640914,sha256:bd942a7bcbe33ba673b7fdec9b2ff2b747cb0d530af4522e5d003d78fb3f640b,2025-02-01,Mount Pleasant East (99),-79.38525136980005,43.70699758566823,0,1.0182161574790363,-1.0182161574790363
"Poisson (area, tuned)",2024-12-01,1.7703346781640914,sha256:bd942a7bcbe33ba673b7fdec9b2ff2b747cb0d530af4522e5d003d78fb3f640b,2025-02-01,Mount Pleasant West (104),-79.39441924813381,43.705281018271585,1,1.8918203348089224,-0.8918203348089224
"Poisson (area, tuned)",2024-12-01,1.7703346781640914,sha256:bd942a7bcbe33ba673b7fdec9b2ff2b747cb0d530af4522e5d003d78fb3f640b,2025-02-01,NSA,NA,NA,0,0.423077556383278,-0.423077556383278
"Poisson (area, tuned)",2024-12-01,1.7703346781640914,sha256:bd942a7bcbe33ba673b7fdec9b2ff2b747cb0d530af4522e5d003d78fb3f640b,2025-02-01,New Toronto (18),-79.50819536860408,43.60067938873378,0,0.5661416260515426,-0.5661416260515426
"Poisson (area, tuned)",2024-12-01,1.7703346781640914,sha256:bd942a7bcbe33ba673b7fdec9b2ff2b747cb0d530af4522e5d003d78fb3f640b,2025-02-01,Newtonbrook East (50),-79.4155662486542,43.782773804672864,0,0.4410290411084843,-0.4410290411084843
"Poisson (area, tuned)",2024-12-01,1.7703346781640914,sha256:bd942a7bcbe33ba673b7fdec9b2ff2b747cb0d530af4522e5d003d78fb3f640b,2025-02-01,Newtonbrook West (36),-79.42082573006313,43.78444945871987,1,0.6234193974144487,0.37658060258555126
"Poisson (area, tuned)",2024-12-01,1.7703346781640914,sha256:bd942a7bcbe33ba673b7fdec9b2ff2b747cb0d530af4522e5d003d78fb3f640b,2025-02-01,Niagara (82),-79.40825413058062,43.639170480800686,1,4.362521828857475,-3.362521828857475
"Poisson (area, tuned)",2024-12-01,1.7703346781640914,sha256:bd942a7bcbe33ba673b7fdec9b2ff2b747cb0d530af4522e5d003d78fb3f640b,2025-02-01,North Riverdale (68),-79.34942497640164,43.67320424441098,0,1.2964298200482338,-1.2964298200482338
"Poisson (area, tuned)",2024-12-01,1.7703346781640914,sha256:bd942a7bcbe33ba673b7fdec9b2ff2b747cb0d530af4522e5d003d78fb3f640b,2025-02-01,North St.James Town (74),-79.37622315570079,43.66924040879271,0,1.867766266379102,-1.867766266379102
"Poisson (area, tuned)",2024-12-01,1.7703346781640914,sha256:bd942a7bcbe33ba673b7fdec9b2ff2b747cb0d530af4522e5d003d78fb3f640b,2025-02-01,O'Connor-Parkview (54),-79.30295705711893,43.707394189060395,0,0.5875984692950994,-0.5875984692950994
"Poisson (area, tuned)",2024-12-01,1.7703346781640914,sha256:bd942a7bcbe33ba673b7fdec9b2ff2b747cb0d530af4522e5d003d78fb3f640b,2025-02-01,Oakridge (121),-79.28580476562132,43.69338422103418,1,0.5863390111025283,0.4136609888974717
"Poisson (area, tuned)",2024-12-01,1.7703346781640914,sha256:bd942a7bcbe33ba673b7fdec9b2ff2b747cb0d530af4522e5d003d78fb3f640b,2025-02-01,Oakwood Village (107),-79.43992214652974,43.693163772618576,2,0.7947987998047911,1.205201200195209
"Poisson (area, tuned)",2024-12-01,1.7703346781640914,sha256:bd942a7bcbe33ba673b7fdec9b2ff2b747cb0d530af4522e5d003d78fb3f640b,2025-02-01,Old East York (58),-79.33971322725657,43.69468655917457,0,0.7018647900723732,-0.7018647900723732
"Poisson (area, tuned)",2024-12-01,1.7703346781640914,sha256:bd942a7bcbe33ba673b7fdec9b2ff2b747cb0d530af4522e5d003d78fb3f640b,2025-02-01,Palmerston-Little Italy (80),-79.41607073008583,43.65977590713319,0,1.8321215531628121,-1.8321215531628121
"Poisson (area, tuned)",2024-12-01,1.7703346781640914,sha256:bd942a7bcbe33ba673b7fdec9b2ff2b747cb0d530af4522e5d003d78fb3f640b,2025-02-01,Parkwoods-Donalda (45),-79.32857716506125,43.75401452181123,0,0.4642567715559198,-0.4642567715559198
"Poisson (area, tuned)",2024-12-01,1.7703346781640914,sha256:bd942a7bcbe33ba673b7fdec9b2ff2b747cb0d530af4522e5d003d78fb3f640b,2025-02-01,Pelmo Park-Humberlea (23),-79.53452633259599,43.71053804014776,0,0.3543198361477633,-0.3543198361477633
"Poisson (area, tuned)",2024-12-01,1.7703346781640914,sha256:bd942a7bcbe33ba673b7fdec9b2ff2b747cb0d530af4522e5d003d78fb3f640b,2025-02-01,Playter Estates-Danforth (67),-79.35537498775473,43.678037843577414,0,1.0748415720187172,-1.0748415720187172
"Poisson (area, tuned)",2024-12-01,1.7703346781640914,sha256:bd942a7bcbe33ba673b7fdec9b2ff2b747cb0d530af4522e5d003d78fb3f640b,2025-02-01,Pleasant View (46),-79.33169496448295,43.78880674789264,0,0.3220795900383516,-0.3220795900383516
"Poisson (area, tuned)",2024-12-01,1.7703346781640914,sha256:bd942a7bcbe33ba673b7fdec9b2ff2b747cb0d530af4522e5d003d78fb3f640b,2025-02-01,Princess-Rosethorn (10),-79.54278218831497,43.6664342839495,0,0.3726033725830336,-0.3726033725830336
"Poisson (area, tuned)",2024-12-01,1.7703346781640914,sha256:bd942a7bcbe33ba673b7fdec9b2ff2b747cb0d530af4522e5d003d78fb3f640b,2025-02-01,Regent Park (72),-79.36178286088128,43.65943439853815,0,1.4319534131655403,-1.4319534131655403
"Poisson (area, tuned)",2024-12-01,1.7703346781640914,sha256:bd942a7bcbe33ba673b7fdec9b2ff2b747cb0d530af4522e5d003d78fb3f640b,2025-02-01,Rexdale-Kipling (4),-79.56943957685264,43.726549256380395,0,0.3178528859594667,-0.3178528859594667
"Poisson (area, tuned)",2024-12-01,1.7703346781640914,sha256:bd942a7bcbe33ba673b7fdec9b2ff2b747cb0d530af4522e5d003d78fb3f640b,2025-02-01,Rockcliffe-Smythe (111),-79.49193279998173,43.67234248080122,0,0.5509936289936854,-0.5509936289936854
"Poisson (area, tuned)",2024-12-01,1.7703346781640914,sha256:bd942a7bcbe33ba673b7fdec9b2ff2b747cb0d530af4522e5d003d78fb3f640b,2025-02-01,Roncesvalles (86),-79.44277811907274,43.64370439603947,0,1.4492596157094868,-1.4492596157094868
"Poisson (area, tuned)",2024-12-01,1.7703346781640914,sha256:bd942a7bcbe33ba673b7fdec9b2ff2b747cb0d530af4522e5d003d78fb3f640b,2025-02-01,Rosedale-Moore Park (98),-79.38462305095243,43.67502671420579,0,2.3354526457802236,-2.3354526457802236
"Poisson (area, tuned)",2024-12-01,1.7703346781640914,sha256:bd942a7bcbe33ba673b7fdec9b2ff2b747cb0d530af4522e5d003d78fb3f640b,2025-02-01,Rouge (131),-79.13309434834144,43.78938806538385,0,0.37864483811412936,-0.37864483811412936
"Poisson (area, tuned)",2024-12-01,1.7703346781640914,sha256:bd942a7bcbe33ba673b7fdec9b2ff2b747cb0d530af4522e5d003d78fb3f640b,2025-02-01,Runnymede-Bloor West Village (89),-79.48480851655415,43.65975616827931,0,0.6479930688462536,-0.6479930688462536
"Poisson (area, tuned)",2024-12-01,1.7703346781640914,sha256:bd942a7bcbe33ba673b7fdec9b2ff2b747cb0d530af4522e5d003d78fb3f640b,2025-02-01,Rustic (28),-79.50024894268427,43.70839284643953,0,0.39237413309850816,-0.39237413309850816
"Poisson (area, tuned)",2024-12-01,1.7703346781640914,sha256:bd942a7bcbe33ba673b7fdec9b2ff2b747cb0d530af4522e5d003d78fb3f640b,2025-02-01,Scarborough Village (139),-79.22121647737255,43.74178808353859,0,0.31323907802623707,-0.31323907802623707
"Poisson (area, tuned)",2024-12-01,1.7703346781640914,sha256:bd942a7bcbe33ba673b7fdec9b2ff2b747cb0d530af4522e5d003d78fb3f640b,2025-02-01,South Parkdale (85),-79.43087572304012,43.63836538756867,0,1.4602513279592124,-1.4602513279592124
"Poisson (area, tuned)",2024-12-01,1.7703346781640914,sha256:bd942a7bcbe33ba673b7fdec9b2ff2b747cb0d530af4522e5d003d78fb3f640b,2025-02-01,South Riverdale (70),-79.34033408773206,43.66227352160024,0,3.2477721435809372,-3.2477721435809372
"Poisson (area, tuned)",2024-12-01,1.7703346781640914,sha256:bd942a7bcbe33ba673b7fdec9b2ff2b747cb0d530af4522e5d003d78fb3f640b,2025-02-01,St.Andrew-Windfields (40),-79.39807496057622,43.75295000125709,0,0.5558139134550729,-0.5558139134550729
"Poisson (area, tuned)",2024-12-01,1.7703346781640914,sha256:bd942a7bcbe33ba673b7fdec9b2ff2b747cb0d530af4522e5d003d78fb3f640b,2025-02-01,Steeles (116),-79.32254019689177,43.815065444286134,0,0.25675501563682684,-0.25675501563682684
"Poisson (area, tuned)",2024-12-01,1.7703346781640914,sha256:bd942a7bcbe33ba673b7fdec9b2ff2b747cb0d530af4522e5d003d78fb3f640b,2025-02-01,Stonegate-Queensway (16),-79.50687874894817,43.63678476785418,0,0.5472289913522912,-0.5472289913522912
"Poisson (area, tuned)",2024-12-01,1.7703346781640914,sha256:bd942a7bcbe33ba673b7fdec9b2ff2b747cb0d530af4522e5d003d78fb3f640b,2025-02-01,Tam O'Shanter-Sullivan (118),-79.29346258821549,43.78211963627784,0,0.33389081716194513,-0.33389081716194513
"Poisson (area, tuned)",2024-12-01,1.7703346781640914,sha256:bd942a7bcbe33ba673b7fdec9b2ff2b747cb0d530af4522e5d003d78fb3f640b,2025-02-01,Taylor-Massey (61),-79.29495186057909,43.692458919227406,0,0.6792206268553644,-0.6792206268553644
"Poisson (area, tuned)",2024-12-01,1.7703346781640914,sha256:bd942a7bcbe33ba673b7fdec9b2ff2b747cb0d530af4522e5d003d78fb3f640b,2025-02-01,The Beaches (63),-79.30297553719052,43.66875560841342,0,1.309696514300438,-1.309696514300438
"Poisson (area, tuned)",2024-12-01,1.7703346781640914,sha256:bd942a7bcbe33ba673b7fdec9b2ff2b747cb0d530af4522e5d003d78fb3f640b,2025-02-01,Thistletown-Beaumond Heights (3),-79.5659329290065,43.73754827301803,0,0.3195151112333464,-0.3195151112333464
"Poisson (area, tuned)",2024-12-01,1.7703346781640914,sha256:bd942a7bcbe33ba673b7fdec9b2ff2b747cb0d530af4522e5d003d78fb3f640b,2025-02-01,Thorncliffe Park (55),-79.35448121100222,43.71036836631147,0,0.7974401101137261,-0.7974401101137261
"Poisson (area, tuned)",2024-12-01,1.7703346781640914,sha256:bd942a7bcbe33ba673b7fdec9b2ff2b747cb0d530af4522e5d003d78fb3f640b,2025-02-01,Trinity-Bellwoods (81),-79.41373927922925,43.65087049509186,1,1.9886854766432491,-0.9886854766432491
"Poisson (area, tuned)",2024-12-01,1.7703346781640914,sha256:bd942a7bcbe33ba673b7fdec9b2ff2b747cb0d530af4522e5d003d78fb3f640b,2025-02-01,University (79),-79.39982104056267,43.66254295263539,0,3.5168054750276285,-3.5168054750276285
"Poisson (area, tuned)",2024-12-01,1.7703346781640914,sha256:bd942a7bcbe33ba673b7fdec9b2ff2b747cb0d530af4522e5d003d78fb3f640b,2025-02-01,Victoria Village (43),-79.3128138518101,43.72684844443762,0,0.46442053795312294,-0.46442053795312294
"Poisson (area, tuned)",2024-12-01,1.7703346781640914,sha256:bd942a7bcbe33ba673b7fdec9b2ff2b747cb0d530af4522e5d003d78fb3f640b,2025-02-01,Waterfront Communities-The Island (77),-79.38919773860151,43.64473008383375,4,13.062369598514415,-9.062369598514415
"Poisson (area, tuned)",2024-12-01,1.7703346781640914,sha256:bd942a7bcbe33ba673b7fdec9b2ff2b747cb0d530af4522e5d003d78fb3f640b,2025-02-01,West Hill (136),-79.18284860837016,43.76769079627477,0,0.4310040878632861,-0.4310040878632861
"Poisson (area, tuned)",2024-12-01,1.7703346781640914,sha256:bd942a7bcbe33ba673b7fdec9b2ff2b747cb0d530af4522e5d003d78fb3f640b,2025-02-01,West Humber-Clairville (1),-79.60420741329722,43.73006355433667,0,0.4182672599072675,-0.4182672599072675
"Poisson (area, tuned)",2024-12-01,1.7703346781640914,sha256:bd942a7bcbe33ba673b7fdec9b2ff2b747cb0d530af4522e5d003d78fb3f640b,2025-02-01,Westminster-Branson (35),-79.44807552904417,43.781743102812335,0,0.46572582573463545,-0.46572582573463545
"Poisson (area, tuned)",2024-12-01,1.7703346781640914,sha256:bd942a7bcbe33ba673b7fdec9b2ff2b747cb0d530af4522e5d003d78fb3f640b,2025-02-01,Weston (113),-79.5165855480493,43.702833758307314,0,0.4708942087485962,-0.4708942087485962
"Poisson (area, tuned)",2024-12-01,1.7703346781640914,sha256:bd942a7bcbe33ba673b7fdec9b2ff2b747cb0d530af4522e5d003d78fb3f640b,2025-02-01,Weston-Pelham Park (91),-79.45875842314518,43.67071482937652,0,0.6331939670165411,-0.6331939670165411
"Poisson (area, tuned)",2024-12-01,1.7703346781640914,sha256:bd942a7bcbe33ba673b7fdec9b2ff2b747cb0d530af4522e5d003d78fb3f640b,2025-02-01,Wexford/Maryvale (119),-79.30050366891615,43.74264083383781,0,0.5254592692358584,-0.5254592692358584
"Poisson (area, tuned)",2024-12-01,1.7703346781640914,sha256:bd942a7bcbe33ba673b7fdec9b2ff2b747cb0d530af4522e5d003d78fb3f640b,2025-02-01,Willowdale East (51),-79.410074781475,43.76524478810602,1,1.1382069206529641,-0.13820692065296414
"Poisson (area, tuned)",2024-12-01,1.7703346781640914,sha256:bd942a7bcbe33ba673b7fdec9b2ff2b747cb0d530af4522e5d003d78fb3f640b,2025-02-01,Willowdale West (37),-79.41563035776022,43.77061463226557,0,0.6191693911845227,-0.6191693911845227
"Poisson (area, tuned)",2024-12-01,1.7703346781640914,sha256:bd942a7bcbe33ba673b7fdec9b2ff2b747cb0d530af4522e5d003d78fb3f640b,2025-02-01,Willowridge-Martingrove-Richview (7),-79.55960317676033,43.68486812894035,0,0.3601373051010961,-0.3601373051010961
"Poisson (area, tuned)",2024-12-01,1.7703346781640914,sha256:bd942a7bcbe33ba673b7fdec9b2ff2b747cb0d530af4522e5d003d78fb3f640b,2025-02-01,Woburn (137),-79.22656387770975,43.76289989874722,0,0.3641662645395301,-0.3641662645395301
"Poisson (area, tuned)",2024-12-01,1.7703346781640914,sha256:bd942a7bcbe33ba673b7fdec9b2ff2b747cb0d530af4522e5d003d78fb3f640b,2025-02-01,Woodbine Corridor (64),-79.31407054230695,43.67581440173363,0,0.9291966545775233,-0.9291966545775233
"Poisson (area, tuned)",2024-12-01,1.7703346781640914,sha256:bd942a7bcbe33ba673b7fdec9b2ff2b747cb0d530af4522e5d003d78fb3f640b,2025-02-01,Woodbine-Lumsden (60),-79.31039264658962,43.69145821847367,0,0.6187824781053866,-0.6187824781053866
"Poisson (area, tuned)",2024-12-01,1.7703346781640914,sha256:bd942a7bcbe33ba673b7fdec9b2ff2b747cb0d530af4522e5d003d78fb3f640b,2025-02-01,Wychwood (94),-79.42710542937913,43.6784532168336,0,1.0089979114517564,-1.0089979114517564
"Poisson (area, tuned)",2024-12-01,1.7703346781640914,sha256:bd942a7bcbe33ba673b7fdec9b2ff2b747cb0d530af4522e5d003d78fb3f640b,2025-02-01,Yonge-Eglinton (100),-79.40102373824469,43.70674080495774,0,1.0013948910446842,-1.0013948910446842
"Poisson (area, tuned)",2024-12-01,1.7703346781640914,sha256:bd942a7bcbe33ba673b7fdec9b2ff2b747cb0d530af4522e5d003d78fb3f640b,2025-02-01,Yonge-St.Clair (97),-79.39834065134646,43.689263791751046,0,0.9921721188273419,-0.9921721188273419
"Poisson (area, tuned)",2024-12-01,1.7703346781640914,sha256:bd942a7bcbe33ba673b7fdec9b2ff2b747cb0d530af4522e5d003d78fb3f640b,2025-02-01,York University Heights (27),-79.49891755560928,43.76657476817609,0,0.7368626248190777,-0.7368626248190777
"Poisson (area, tuned)",2024-12-01,1.7703346781640914,sha256:bd942a7bcbe33ba673b7fdec9b2ff2b747cb0d530af4522e5d003d78fb3f640b,2025-02-01,Yorkdale-Glen Park (31),-79.45130621630454,43.714348256200424,0,0.8008944201355099,-0.8008944201355099
"Poisson (area, tuned)",2024-12-01,1.7703346781640914,sha256:bd942a7bcbe33ba673b7fdec9b2ff2b747cb0d530af4522e5d003d78fb3f640b,2025-03-01,Agincourt North (129),-79.26928393506104,43.810980375100264,0,0.26938622834009074,-0.26938622834009074
"Poisson (area, tuned)",2024-12-01,1.7703346781640914,sha256:bd942a7bcbe33ba673b7fdec9b2ff2b747cb0d530af4522e5d003d78fb3f640b,2025-03-01,Agincourt South-Malvern West (128),-79.28002861084076,43.7889253690791,0,0.33238507645106957,-0.33238507645106957
"Poisson (area, tuned)",2024-12-01,1.7703346781640914,sha256:bd942a7bcbe33ba673b7fdec9b2ff2b747cb0d530af4522e5d003d78fb3f640b,2025-03-01,Alderwood (20),-79.54538918515296,43.6065751977772,0,0.4338377749433887,-0.4338377749433887
"Poisson (area, tuned)",2024-12-01,1.7703346781640914,sha256:bd942a7bcbe33ba673b7fdec9b2ff2b747cb0d530af4522e5d003d78fb3f640b,2025-03-01,Annex (95),-79.40380913861458,43.670104609767606,10,4.817054586222821,5.182945413777179
"Poisson (area, tuned)",2024-12-01,1.7703346781640914,sha256:bd942a7bcbe33ba673b7fdec9b2ff2b747cb0d530af4522e5d003d78fb3f640b,2025-03-01,Banbury-Don Mills (42),-79.3409210158811,43.73511850435992,0,0.6551359068582425,-0.6551359068582425
"Poisson (area, tuned)",2024-12-01,1.7703346781640914,sha256:bd942a7bcbe33ba673b7fdec9b2ff2b747cb0d530af4522e5d003d78fb3f640b,2025-03-01,Bathurst Manor (34),-79.45175843487672,43.75609728872373,1,0.5136675364713734,0.4863324635286266
"Poisson (area, tuned)",2024-12-01,1.7703346781640914,sha256:bd942a7bcbe33ba673b7fdec9b2ff2b747cb0d530af4522e5d003d78fb3f640b,2025-03-01,Bay Street Corridor (76),-79.38436854475557,43.65730879641258,12,11.76047092783565,0.23952907216435015
"Poisson (area, tuned)",2024-12-01,1.7703346781640914,sha256:bd942a7bcbe33ba673b7fdec9b2ff2b747cb0d530af4522e5d003d78fb3f640b,2025-03-01,Bayview Village (52),-79.38403601743099,43.769051789694494,0,0.6783289825942915,-0.6783289825942915
"Poisson (area, tuned)",2024-12-01,1.7703346781640914,sha256:bd942a7bcbe33ba673b7fdec9b2ff2b747cb0d530af4522e5d003d78fb3f640b,2025-03-01,Bayview Woods-Steeles (49),-79.3743681512798,43.797822785562154,0,0.3525479106336524,-0.3525479106336524
"Poisson (area, tuned)",2024-12-01,1.7703346781640914,sha256:bd942a7bcbe33ba673b7fdec9b2ff2b747cb0d530af4522e5d003d78fb3f640b,2025-03-01,Bedford Park-Nortown (39),-79.42125788351791,43.72757981721193,0,0.7713786256619735,-0.7713786256619735
"Poisson (area, tuned)",2024-12-01,1.7703346781640914,sha256:bd942a7bcbe33ba673b7fdec9b2ff2b747cb0d530af4522e5d003d78fb3f640b,2025-03-01,Beechborough-Greenbrook (112),-79.4744663865561,43.691508083029944,0,0.5270208434661006,-0.5270208434661006
"Poisson (area, tuned)",2024-12-01,1.7703346781640914,sha256:bd942a7bcbe33ba673b7fdec9b2ff2b747cb0d530af4522e5d003d78fb3f640b,2025-03-01,Bendale (127),-79.26046315357324,43.76293076745831,1,0.40842418363664323,0.5915758163633568
"Poisson (area, tuned)",2024-12-01,1.7703346781640914,sha256:bd942a7bcbe33ba673b7fdec9b2ff2b747cb0d530af4522e5d003d78fb3f640b,2025-03-01,Birchcliffe-Cliffside (122),-79.27062357025366,43.69131003372983,0,0.6560952208749575,-0.6560952208749575
"Poisson (area, tuned)",2024-12-01,1.7703346781640914,sha256:bd942a7bcbe33ba673b7fdec9b2ff2b747cb0d530af4522e5d003d78fb3f640b,2025-03-01,Black Creek (24),-79.51869671361172,43.76523138519309,0,0.42613841767325233,-0.42613841767325233
"Poisson (area, tuned)",2024-12-01,1.7703346781640914,sha256:bd942a7bcbe33ba673b7fdec9b2ff2b747cb0d530af4522e5d003d78fb3f640b,2025-03-01,Blake-Jones (69),-79.3394451105104,43.67664416992363,1,1.0444421972816602,-0.04444219728166021
"Poisson (area, tuned)",2024-12-01,1.7703346781640914,sha256:bd942a7bcbe33ba673b7fdec9b2ff2b747cb0d530af4522e5d003d78fb3f640b,2025-03-01,Briar Hill-Belgravia (108),-79.445578280552,43.699313061287725,0,0.7613654617235527,-0.7613654617235527
"Poisson (area, tuned)",2024-12-01,1.7703346781640914,sha256:bd942a7bcbe33ba673b7fdec9b2ff2b747cb0d530af4522e5d003d78fb3f640b,2025-03-01,Bridle Path-Sunnybrook-York Mills (41),-79.38366396163413,43.72516179918022,0,0.7178391247307762,-0.7178391247307762
"Poisson (area, tuned)",2024-12-01,1.7703346781640914,sha256:bd942a7bcbe33ba673b7fdec9b2ff2b747cb0d530af4522e5d003d78fb3f640b,2025-03-01,Broadview North (57),-79.35364911130229,43.683932870884654,1,1.0544633536677521,-0.054463353667752123
"Poisson (area, tuned)",2024-12-01,1.7703346781640914,sha256:bd942a7bcbe33ba673b7fdec9b2ff2b747cb0d530af4522e5d003d78fb3f640b,2025-03-01,Brookhaven-Amesbury (30),-79.49015206607174,43.69942696476651,0,0.5225850866005851,-0.5225850866005851
"Poisson (area, tuned)",2024-12-01,1.7703346781640914,sha256:bd942a7bcbe33ba673b7fdec9b2ff2b747cb0d530af4522e5d003d78fb3f640b,2025-03-01,Cabbagetown-South St.James Town (71),-79.36975340775743,43.66521290431659,0,2.3118323533362015,-2.3118323533362015
"Poisson (area, tuned)",2024-12-01,1.7703346781640914,sha256:bd942a7bcbe33ba673b7fdec9b2ff2b747cb0d530af4522e5d003d78fb3f640b,2025-03-01,Caledonia-Fairbank (109),-79.4517849962554,43.690036179158305,0,0.6532611403983178,-0.6532611403983178
"Poisson (area, tuned)",2024-12-01,1.7703346781640914,sha256:bd942a7bcbe33ba673b7fdec9b2ff2b747cb0d530af4522e5d003d78fb3f640b,2025-03-01,Casa Loma (96),-79.40864864037756,43.67955392863041,0,1.0928998024857897,-1.0928998024857897
"Poisson (area, tuned)",2024-12-01,1.7703346781640914,sha256:bd942a7bcbe33ba673b7fdec9b2ff2b747cb0d530af4522e5d003d78fb3f640b,2025-03-01,Centennial Scarborough (133),-79.15053423026679,43.780757885389185,0,0.3268999651465072,-0.3268999651465072
"Poisson (area, tuned)",2024-12-01,1.7703346781640914,sha256:bd942a7bcbe33ba673b7fdec9b2ff2b747cb0d530af4522e5d003d78fb3f640b,2025-03-01,Church-Yonge Corridor (75),-79.37956284727365,43.66018909929288,14,10.632465428162243,3.3675345718377567
"Poisson (area, tuned)",2024-12-01,1.7703346781640914,sha256:bd942a7bcbe33ba673b7fdec9b2ff2b747cb0d530af4522e5d003d78fb3f640b,2025-03-01,Clairlea-Birchmount (120),-79.28672506823307,43.709414591668256,0,0.6558620514855293,-0.6558620514855293
"Poisson (area, tuned)",2024-12-01,1.7703346781640914,sha256:bd942a7bcbe33ba673b7fdec9b2ff2b747cb0d530af4522e5d003d78fb3f640b,2025-03-01,Clanton Park (33),-79.44643447690169,43.74149776462126,0,0.6148293791372513,-0.6148293791372513
"Poisson (area, tuned)",2024-12-01,1.7703346781640914,sha256:bd942a7bcbe33ba673b7fdec9b2ff2b747cb0d530af4522e5d003d78fb3f640b,2025-03-01,Cliffcrest (123),-79.23329029919245,43.72191819765982,0,0.3795898108814158,-0.3795898108814158
"Poisson (area, tuned)",2024-12-01,1.7703346781640914,sha256:bd942a7bcbe33ba673b7fdec9b2ff2b747cb0d530af4522e5d003d78fb3f640b,2025-03-01,Corso Italia-Davenport (92),-79.4427553703874,43.67658111935704,1,0.87024239517538,0.12975760482461995
"Poisson (area, tuned)",2024-12-01,1.7703346781640914,sha256:bd942a7bcbe33ba673b7fdec9b2ff2b747cb0d530af4522e5d003d78fb3f640b,2025-03-01,Danforth (66),-79.33065782618279,43.682847803276616,0,1.3000103321179264,-1.3000103321179264
"Poisson (area, tuned)",2024-12-01,1.7703346781640914,sha256:bd942a7bcbe33ba673b7fdec9b2ff2b747cb0d530af4522e5d003d78fb3f640b,2025-03-01,Danforth East York (59),-79.3313092800722,43.69082681262244,0,0.91830547186498,-0.91830547186498
"Poisson (area, tuned)",2024-12-01,1.7703346781640914,sha256:bd942a7bcbe33ba673b7fdec9b2ff2b747cb0d530af4522e5d003d78fb3f640b,2025-03-01,Don Valley Village (47),-79.35240298959988,43.77988611135725,1,0.4511721360528213,0.5488278639471786
"Poisson (area, tuned)",2024-12-01,1.7703346781640914,sha256:bd942a7bcbe33ba673b7fdec9b2ff2b747cb0d530af4522e5d003d78fb3f640b,2025-03-01,Dorset Park (126),-79.28077525994308,43.75528945083431,0,0.42079540269173354,-0.42079540269173354
"Poisson (area, tuned)",2024-12-01,1.7703346781640914,sha256:bd942a7bcbe33ba673b7fdec9b2ff2b747cb0d530af4522e5d003d78fb3f640b,2025-03-01,Dovercourt-Wallace Emerson-Junction (93),-79.43778332382438,43.66463002065643,5,3.1888689815644784,1.8111310184355216
"Poisson (area, tuned)",2024-12-01,1.7703346781640914,sha256:bd942a7bcbe33ba673b7fdec9b2ff2b747cb0d530af4522e5d003d78fb3f640b,2025-03-01,Downsview-Roding-CFB (26),-79.4835940990325,43.727986861303435,0,0.6905688220285638,-0.6905688220285638
"Poisson (area, tuned)",2024-12-01,1.7703346781640914,sha256:bd942a7bcbe33ba673b7fdec9b2ff2b747cb0d530af4522e5d003d78fb3f640b,2025-03-01,Dufferin Grove (83),-79.4370618209781,43.65521640563446,5,1.6421549845841712,3.357845015415829
"Poisson (area, tuned)",2024-12-01,1.7703346781640914,sha256:bd942a7bcbe33ba673b7fdec9b2ff2b747cb0d530af4522e5d003d78fb3f640b,2025-03-01,East End-Danforth (62),-79.30055625233094,43.68572312555001,1,1.5290973101329448,-0.5290973101329448
"Poisson (area, tuned)",2024-12-01,1.7703346781640914,sha256:bd942a7bcbe33ba673b7fdec9b2ff2b747cb0d530af4522e5d003d78fb3f640b,2025-03-01,Edenbridge-Humber Valley (9),-79.52023309003076,43.66557816852869,0,0.47415623426918657,-0.47415623426918657
"Poisson (area, tuned)",2024-12-01,1.7703346781640914,sha256:bd942a7bcbe33ba673b7fdec9b2ff2b747cb0d530af4522e5d003d78fb3f640b,2025-03-01,Eglinton East (138),-79.24473615792672,43.73991827916189,0,0.390692634467371,-0.390692634467371
"Poisson (area, tuned)",2024-12-01,1.7703346781640914,sha256:bd942a7bcbe33ba673b7fdec9b2ff2b747cb0d530af4522e5d003d78fb3f640b,2025-03-01,Elms-Old Rexdale (5),-79.55208772185198,43.71927285915033,0,0.3807759051757734,-0.3807759051757734
"Poisson (area, tuned)",2024-12-01,1.7703346781640914,sha256:bd942a7bcbe33ba673b7fdec9b2ff2b747cb0d530af4522e5d003d78fb3f640b,2025-03-01,Englemount-Lawrence (32),-79.43712596977969,43.7204676607881,0,0.8272671939953401,-0.8272671939953401
"Poisson (area, tuned)",2024-12-01,1.7703346781640914,sha256:bd942a7bcbe33ba673b7fdec9b2ff2b747cb0d530af4522e5d003d78fb3f640b,2025-03-01,Eringate-Centennial-West Deane (11),-79.57787073233334,43.65860025717794,0,0.38038535034399806,-0.38038535034399806
"Poisson (area, tuned)",2024-12-01,1.7703346781640914,sha256:bd942a7bcbe33ba673b7fdec9b2ff2b747cb0d530af4522e5d003d78fb3f640b,2025-03-01,Etobicoke West Mall (13),-79.5678030787646,43.64190931147644,0,0.3985371308960682,-0.3985371308960682
"Poisson (area, tuned)",2024-12-01,1.7703346781640914,sha256:bd942a7bcbe33ba673b7fdec9b2ff2b747cb0d530af4522e5d003d78fb3f640b,2025-03-01,Flemingdon Park (44),-79.33198682919883,43.71530756444098,0,0.6970181602819082,-0.6970181602819082
"Poisson (area, tuned)",2024-12-01,1.7703346781640914,sha256:bd942a7bcbe33ba673b7fdec9b2ff2b747cb0d530af4522e5d003d78fb3f640b,2025-03-01,Forest Hill North (102),-79.43346069412912,43.70194436532484,0,0.9084733845864419,-0.9084733845864419
"Poisson (area, tuned)",2024-12-01,1.7703346781640914,sha256:bd942a7bcbe33ba673b7fdec9b2ff2b747cb0d530af4522e5d003d78fb3f640b,2025-03-01,Forest Hill South (101),-79.41299883590433,43.6890600119443,2,0.9892955084013769,1.0107044915986232
"Poisson (area, tuned)",2024-12-01,1.7703346781640914,sha256:bd942a7bcbe33ba673b7fdec9b2ff2b747cb0d530af4522e5d003d78fb3f640b,2025-03-01,Glenfield-Jane Heights (25),-79.50908241975385,43.74806287596809,0,0.5147088221536772,-0.5147088221536772
"Poisson (area, tuned)",2024-12-01,1.7703346781640914,sha256:bd942a7bcbe33ba673b7fdec9b2ff2b747cb0d530af4522e5d003d78fb3f640b,2025-03-01,Greenwood-Coxwell (65),-79.32392461588157,43.67182578504262,2,1.4904115782486143,0.5095884217513857
"Poisson (area, tuned)",2024-12-01,1.7703346781640914,sha256:bd942a7bcbe33ba673b7fdec9b2ff2b747cb0d530af4522e5d003d78fb3f640b,2025-03-01,Guildwood (140),-79.1987335919193,43.747914590059,0,0.3168655358451044,-0.3168655358451044
"Poisson (area, tuned)",2024-12-01,1.7703346781640914,sha256:bd942a7bcbe33ba673b7fdec9b2ff2b747cb0d530af4522e5d003d78fb3f640b,2025-03-01,Henry Farm (53),-79.34642185767248,43.76957681680956,0,0.4686300202672153,-0.4686300202672153
"Poisson (area, tuned)",2024-12-01,1.7703346781640914,sha256:bd942a7bcbe33ba673b7fdec9b2ff2b747cb0d530af4522e5d003d78fb3f640b,2025-03-01,High Park North (88),-79.4652298180643,43.65722103912335,0,1.5855447197005623,-1.5855447197005623
"Poisson (area, tuned)",2024-12-01,1.7703346781640914,sha256:bd942a7bcbe33ba673b7fdec9b2ff2b747cb0d530af4522e5d003d78fb3f640b,2025-03-01,High Park-Swansea (87),-79.4648159122912,43.64453199862067,0,1.1619634434629957,-1.1619634434629957
"Poisson (area, tuned)",2024-12-01,1.7703346781640914,sha256:bd942a7bcbe33ba673b7fdec9b2ff2b747cb0d530af4522e5d003d78fb3f640b,2025-03-01,Highland Creek (134),-79.18452149622338,43.786273991320705,0,0.3340693856382414,-0.3340693856382414
"Poisson (area, tuned)",2024-12-01,1.7703346781640914,sha256:bd942a7bcbe33ba673b7fdec9b2ff2b747cb0d530af4522e5d003d78fb3f640b,2025-03-01,Hillcrest Village (48),-79.35806283641195,43.79960270136573,0,0.3662973924793902,-0.3662973924793902
"Poisson (area, tuned)",2024-12-01,1.7703346781640914,sha256:bd942a7bcbe33ba673b7fdec9b2ff2b747cb0d530af4522e5d003d78fb3f640b,2025-03-01,Humber Heights-Westmount (8),-79.51864457298561,43.69564007439048,0,0.4234121514586807,-0.4234121514586807
"Poisson (area, tuned)",2024-12-01,1.7703346781640914,sha256:bd942a7bcbe33ba673b7fdec9b2ff2b747cb0d530af4522e5d003d78fb3f640b,2025-03-01,Humber Summit (21),-79.56057763521508,43.75362439798188,0,0.37951304093356913,-0.37951304093356913
"Poisson (area, tuned)",2024-12-01,1.7703346781640914,sha256:bd942a7bcbe33ba673b7fdec9b2ff2b747cb0d530af4522e5d003d78fb3f640b,2025-03-01,Humbermede (22),-79.54521679307662,43.74787608113298,0,0.3719016122335283,-0.3719016122335283
"Poisson (area, tuned)",2024-12-01,1.7703346781640914,sha256:bd942a7bcbe33ba673b7fdec9b2ff2b747cb0d530af4522e5d003d78fb3f640b,2025-03-01,Humewood-Cedarvale (106),-79.42603840921164,43.68908389632168,0,1.1742599692803501,-1.1742599692803501
"Poisson (area, tuned)",2024-12-01,1.7703346781640914,sha256:bd942a7bcbe33ba673b7fdec9b2ff2b747cb0d530af4522e5d003d78fb3f640b,2025-03-01,Ionview (125),-79.2682783103958,43.73299077700163,0,0.39023027810200833,-0.39023027810200833
"Poisson (area, tuned)",2024-12-01,1.7703346781640914,sha256:bd942a7bcbe33ba673b7fdec9b2ff2b747cb0d530af4522e5d003d78fb3f640b,2025-03-01,Islington-City Centre West (14),-79.53678079261083,43.641361915813675,3,0.7767757616268133,2.2232242383731866
"Poisson (area, tuned)",2024-12-01,1.7703346781640914,sha256:bd942a7bcbe33ba673b7fdec9b2ff2b747cb0d530af4522e5d003d78fb3f640b,2025-03-01,Junction Area (90),-79.46892477498491,43.6655394100211,1,0.9756138298313601,0.024386170168639865
"Poisson (area, tuned)",2024-12-01,1.7703346781640914,sha256:bd942a7bcbe33ba673b7fdec9b2ff2b747cb0d530af4522e5d003d78fb3f640b,2025-03-01,Keelesdale-Eglinton West (110),-79.47055790633043,43.68391780141048,0,0.5860735895756118,-0.5860735895756118
"Poisson (area, tuned)",2024-12-01,1.7703346781640914,sha256:bd942a7bcbe33ba673b7fdec9b2ff2b747cb0d530af4522e5d003d78fb3f640b,2025-03-01,Kennedy Park (124),-79.25874986465229,43.728410786674374,1,0.4422303241944213,0.5577696758055787
"Poisson (area, tuned)",2024-12-01,1.7703346781640914,sha256:bd942a7bcbe33ba673b7fdec9b2ff2b747cb0d530af4522e5d003d78fb3f640b,2025-03-01,Kensington-Chinatown (78),-79.3967980354919,43.65388049459246,3,4.726154538592463,-1.7261545385924633
"Poisson (area, tuned)",2024-12-01,1.7703346781640914,sha256:bd942a7bcbe33ba673b7fdec9b2ff2b747cb0d530af4522e5d003d78fb3f640b,2025-03-01,Kingsview Village-The Westway (6),-79.54911503533694,43.69584358136977,0,0.40572042630468724,-0.40572042630468724
"Poisson (area, tuned)",2024-12-01,1.7703346781640914,sha256:bd942a7bcbe33ba673b7fdec9b2ff2b747cb0d530af4522e5d003d78fb3f640b,2025-03-01,Kingsway South (15),-79.51086459422443,43.65032283055947,0,0.5842863732735522,-0.5842863732735522
"Poisson (area, tuned)",2024-12-01,1.7703346781640914,sha256:bd942a7bcbe33ba673b7fdec9b2ff2b747cb0d530af4522e5d003d78fb3f640b,2025-03-01,L'Amoreaux (117),-79.3201008921114,43.79636378659849,1,0.3855702768026375,0.6144297231973626
"Poisson (area, tuned)",2024-12-01,1.7703346781640914,sha256:bd942a7bcbe33ba673b7fdec9b2ff2b747cb0d530af4522e5d003d78fb3f640b,2025-03-01,Lambton Baby Point (114),-79.49452130561747,43.65593529844182,0,0.5669501610743913,-0.5669501610743913
"Poisson (area, tuned)",2024-12-01,1.7703346781640914,sha256:bd942a7bcbe33ba673b7fdec9b2ff2b747cb0d530af4522e5d003d78fb3f640b,2025-03-01,Lansing-Westgate (38),-79.41222964417364,43.761840287387486,1,0.5710257549090104,0.4289742450909896
"Poisson (area, tuned)",2024-12-01,1.7703346781640914,sha256:bd942a7bcbe33ba673b7fdec9b2ff2b747cb0d530af4522e5d003d78fb3f640b,2025-03-01,Lawrence Park North (105),-79.40643053379212,43.72768097403552,0,0.8609684237641484,-0.8609684237641484
"Poisson (area, tuned)",2024-12-01,1.7703346781640914,sha256:bd942a7bcbe33ba673b7fdec9b2ff2b747cb0d530af4522e5d003d78fb3f640b,2025-03-01,Lawrence Park South (103),-79.41020212544387,43.72248127246825,0,0.8641467714871218,-0.8641467714871218
"Poisson (area, tuned)",2024-12-01,1.7703346781640914,sha256:bd942a7bcbe33ba673b7fdec9b2ff2b747cb0d530af4522e5d003d78fb3f640b,2025-03-01,Leaside-Bennington (56),-79.36756549485442,43.70630335329757,0,1.235490136701364,-1.235490136701364
"Poisson (area, tuned)",2024-12-01,1.7703346781640914,sha256:bd942a7bcbe33ba673b7fdec9b2ff2b747cb0d530af4522e5d003d78fb3f640b,2025-03-01,Little Portugal (84),-79.42637552454019,43.64409148964972,0,1.8965012251719529,-1.8965012251719529
"Poisson (area, tuned)",2024-12-01,1.7703346781640914,sha256:bd942a7bcbe33ba673b7fdec9b2ff2b747cb0d530af4522e5d003d78fb3f640b,2025-03-01,Long Branch (19),-79.53237502113143,43.591006620404656,0,0.6194129401628505,-0.6194129401628505
"Poisson (area, tuned)",2024-12-01,1.7703346781640914,sha256:bd942a7bcbe33ba673b7fdec9b2ff2b747cb0d530af4522e5d003d78fb3f640b,2025-03-01,Malvern (132),-79.22095167470565,43.80455499438271,0,0.33125993772433326,-0.33125993772433326
"Poisson (area, tuned)",2024-12-01,1.7703346781640914,sha256:bd942a7bcbe33ba673b7fdec9b2ff2b747cb0d530af4522e5d003d78fb3f640b,2025-03-01,Maple Leaf (29),-79.4843756407544,43.718225646439535,0,0.4527067248185769,-0.4527067248185769
"Poisson (area, tuned)",2024-12-01,1.7703346781640914,sha256:bd942a7bcbe33ba673b7fdec9b2ff2b747cb0d530af4522e5d003d78fb3f640b,2025-03-01,Markland Wood (12),-79.57650734129277,43.633689780366026,0,0.43062417418977006,-0.43062417418977006
"Poisson (area, tuned)",2024-12-01,1.7703346781640914,sha256:bd942a7bcbe33ba673b7fdec9b2ff2b747cb0d530af4522e5d003d78fb3f640b,2025-03-01,Milliken (130),-79.28878321264463,43.82084812422136,0,0.2709897552458869,-0.2709897552458869
"Poisson (area, tuned)",2024-12-01,1.7703346781640914,sha256:bd942a7bcbe33ba673b7fdec9b2ff2b747cb0d530af4522e5d003d78fb3f640b,2025-03-01,Mimico (includes Humber Bay Shores) (17),-79.48568571369577,43.62094188018773,0,1.6191498559692772,-1.6191498559692772
"Poisson (area, tuned)",2024-12-01,1.7703346781640914,sha256:bd942a7bcbe33ba673b7fdec9b2ff2b747cb0d530af4522e5d003d78fb3f640b,2025-03-01,Morningside (135),-79.20335964084892,43.78544794442794,0,0.2832134469055089,-0.2832134469055089
"Poisson (area, tuned)",2024-12-01,1.7703346781640914,sha256:bd942a7bcbe33ba673b7fdec9b2ff2b747cb0d530af4522e5d003d78fb3f640b,2025-03-01,Moss Park (73),-79.36913295325593,43.65425609335975,10,4.2881703441599885,5.7118296558400115
"Poisson (area, tuned)",2024-12-01,1.7703346781640914,sha256:bd942a7bcbe33ba673b7fdec9b2ff2b747cb0d530af4522e5d003d78fb3f640b,2025-03-01,Mount Dennis (115),-79.48946593742998,43.68565859464735,0,0.5191471092491882,-0.5191471092491882
"Poisson (area, tuned)",2024-12-01,1.7703346781640914,sha256:bd942a7bcbe33ba673b7fdec9b2ff2b747cb0d530af4522e5d003d78fb3f640b,2025-03-01,Mount Olive-Silverstone-Jamestown (2),-79.58577617904946,43.74325917379369,0,0.4305959444690221,-0.4305959444690221
"Poisson (area, tuned)",2024-12-01,1.7703346781640914,sha256:bd942a7bcbe33ba673b7fdec9b2ff2b747cb0d530af4522e5d003d78fb3f640b,2025-03-01,Mount Pleasant East (99),-79.38525136980005,43.70699758566823,1,1.1355036028966092,-0.13550360289660923
"Poisson (area, tuned)",2024-12-01,1.7703346781640914,sha256:bd942a7bcbe33ba673b7fdec9b2ff2b747cb0d530af4522e5d003d78fb3f640b,2025-03-01,Mount Pleasant West (104),-79.39441924813381,43.705281018271585,2,2.1097374957466526,-0.10973749574665259
"Poisson (area, tuned)",2024-12-01,1.7703346781640914,sha256:bd942a7bcbe33ba673b7fdec9b2ff2b747cb0d530af4522e5d003d78fb3f640b,2025-03-01,NSA,NA,NA,1,0.4718114970472725,0.5281885029527276
"Poisson (area, tuned)",2024-12-01,1.7703346781640914,sha256:bd942a7bcbe33ba673b7fdec9b2ff2b747cb0d530af4522e5d003d78fb3f640b,2025-03-01,New Toronto (18),-79.50819536860408,43.60067938873378,1,0.6313549941329692,0.36864500586703075
"Poisson (area, tuned)",2024-12-01,1.7703346781640914,sha256:bd942a7bcbe33ba673b7fdec9b2ff2b747cb0d530af4522e5d003d78fb3f640b,2025-03-01,Newtonbrook East (50),-79.4155662486542,43.782773804672864,0,0.491830797893257,-0.491830797893257
"Poisson (area, tuned)",2024-12-01,1.7703346781640914,sha256:bd942a7bcbe33ba673b7fdec9b2ff2b747cb0d530af4522e5d003d78fb3f640b,2025-03-01,Newtonbrook West (36),-79.42082573006313,43.78444945871987,0,0.6952305428273606,-0.6952305428273606
"Poisson (area, tuned)",2024-12-01,1.7703346781640914,sha256:bd942a7bcbe33ba673b7fdec9b2ff2b747cb0d530af4522e5d003d78fb3f640b,2025-03-01,Niagara (82),-79.40825413058062,43.639170480800686,2,4.865036974710115,-2.865036974710115
"Poisson (area, tuned)",2024-12-01,1.7703346781640914,sha256:bd942a7bcbe33ba673b7fdec9b2ff2b747cb0d530af4522e5d003d78fb3f640b,2025-03-01,North Riverdale (68),-79.34942497640164,43.67320424441098,0,1.4457644585134968,-1.4457644585134968
"Poisson (area, tuned)",2024-12-01,1.7703346781640914,sha256:bd942a7bcbe33ba673b7fdec9b2ff2b747cb0d530af4522e5d003d78fb3f640b,2025-03-01,North St.James Town (74),-79.37622315570079,43.66924040879271,3,2.0829126598159324,0.9170873401840676
"Poisson (area, tuned)",2024-12-01,1.7703346781640914,sha256:bd942a7bcbe33ba673b7fdec9b2ff2b747cb0d530af4522e5d003d78fb3f640b,2025-03-01,O'Connor-Parkview (54),-79.30295705711893,43.707394189060395,0,0.6552834327369775,-0.6552834327369775
"Poisson (area, tuned)",2024-12-01,1.7703346781640914,sha256:bd942a7bcbe33ba673b7fdec9b2ff2b747cb0d530af4522e5d003d78fb3f640b,2025-03-01,Oakridge (121),-79.28580476562132,43.69338422103418,0,0.6538788986359839,-0.6538788986359839
"Poisson (area, tuned)",2024-12-01,1.7703346781640914,sha256:bd942a7bcbe33ba673b7fdec9b2ff2b747cb0d530af4522e5d003d78fb3f640b,2025-03-01,Oakwood Village (107),-79.43992214652974,43.693163772618576,0,0.8863509915131377,-0.8863509915131377
"Poisson (area, tuned)",2024-12-01,1.7703346781640914,sha256:bd942a7bcbe33ba673b7fdec9b2ff2b747cb0d530af4522e5d003d78fb3f640b,2025-03-01,Old East York (58),-79.33971322725657,43.69468655917457,0,0.7827119929491599,-0.7827119929491599
"Poisson (area, tuned)",2024-12-01,1.7703346781640914,sha256:bd942a7bcbe33ba673b7fdec9b2ff2b747cb0d530af4522e5d003d78fb3f640b,2025-03-01,Palmerston-Little Italy (80),-79.41607073008583,43.65977590713319,2,2.0431620626720775,-0.04316206267207745
"Poisson (area, tuned)",2024-12-01,1.7703346781640914,sha256:bd942a7bcbe33ba673b7fdec9b2ff2b747cb0d530af4522e5d003d78fb3f640b,2025-03-01,Parkwoods-Donalda (45),-79.32857716506125,43.75401452181123,0,0.5177341106785064,-0.5177341106785064
"Poisson (area, tuned)",2024-12-01,1.7703346781640914,sha256:bd942a7bcbe33ba673b7fdec9b2ff2b747cb0d530af4522e5d003d78fb3f640b,2025-03-01,Pelmo Park-Humberlea (23),-79.53452633259599,43.71053804014776,0,0.3951336340209322,-0.3951336340209322
"Poisson (area, tuned)",2024-12-01,1.7703346781640914,sha256:bd942a7bcbe33ba673b7fdec9b2ff2b747cb0d530af4522e5d003d78fb3f640b,2025-03-01,Playter Estates-Danforth (67),-79.35537498775473,43.678037843577414,0,1.1986516503451154,-1.1986516503451154
"Poisson (area, tuned)",2024-12-01,1.7703346781640914,sha256:bd942a7bcbe33ba673b7fdec9b2ff2b747cb0d530af4522e5d003d78fb3f640b,2025-03-01,Pleasant View (46),-79.33169496448295,43.78880674789264,0,0.359179661628519,-0.359179661628519
"Poisson (area, tuned)",2024-12-01,1.7703346781640914,sha256:bd942a7bcbe33ba673b7fdec9b2ff2b747cb0d530af4522e5d003d78fb3f640b,2025-03-01,Princess-Rosethorn (10),-79.54278218831497,43.6664342839495,0,0.4155232353285194,-0.4155232353285194
"Poisson (area, tuned)",2024-12-01,1.7703346781640914,sha256:bd942a7bcbe33ba673b7fdec9b2ff2b747cb0d530af4522e5d003d78fb3f640b,2025-03-01,Regent Park (72),-79.36178286088128,43.65943439853815,0,1.596898898025044,-1.596898898025044
"Poisson (area, tuned)",2024-12-01,1.7703346781640914,sha256:bd942a7bcbe33ba673b7fdec9b2ff2b747cb0d530af4522e5d003d78fb3f640b,2025-03-01,Rexdale-Kipling (4),-79.56943957685264,43.726549256380395,0,0.35446608713385147,-0.35446608713385147
"Poisson (area, tuned)",2024-12-01,1.7703346781640914,sha256:bd942a7bcbe33ba673b7fdec9b2ff2b747cb0d530af4522e5d003d78fb3f640b,2025-03-01,Rockcliffe-Smythe (111),-79.49193279998173,43.67234248080122,0,0.6144621122929772,-0.6144621122929772
"Poisson (area, tuned)",2024-12-01,1.7703346781640914,sha256:bd942a7bcbe33ba673b7fdec9b2ff2b747cb0d530af4522e5d003d78fb3f640b,2025-03-01,Roncesvalles (86),-79.44277811907274,43.64370439603947,1,1.6161985871890459,-0.6161985871890459
"Poisson (area, tuned)",2024-12-01,1.7703346781640914,sha256:bd942a7bcbe33ba673b7fdec9b2ff2b747cb0d530af4522e5d003d78fb3f640b,2025-03-01,Rosedale-Moore Park (98),-79.38462305095243,43.67502671420579,0,2.6044714319242783,-2.6044714319242783
"Poisson (area, tuned)",2024-12-01,1.7703346781640914,sha256:bd942a7bcbe33ba673b7fdec9b2ff2b747cb0d530af4522e5d003d78fb3f640b,2025-03-01,Rouge (131),-79.13309434834144,43.78938806538385,0,0.4222606120897756,-0.4222606120897756
"Poisson (area, tuned)",2024-12-01,1.7703346781640914,sha256:bd942a7bcbe33ba673b7fdec9b2ff2b747cb0d530af4522e5d003d78fb3f640b,2025-03-01,Runnymede-Bloor West Village (89),-79.48480851655415,43.65975616827931,0,0.7226348343839758,-0.7226348343839758
"Poisson (area, tuned)",2024-12-01,1.7703346781640914,sha256:bd942a7bcbe33ba673b7fdec9b2ff2b747cb0d530af4522e5d003d78fb3f640b,2025-03-01,Rustic (28),-79.50024894268427,43.70839284643953,0,0.437571372781877,-0.437571372781877
"Poisson (area, tuned)",2024-12-01,1.7703346781640914,sha256:bd942a7bcbe33ba673b7fdec9b2ff2b747cb0d530af4522e5d003d78fb3f640b,2025-03-01,Scarborough Village (139),-79.22121647737255,43.74178808353859,0,0.34932081862404285,-0.34932081862404285
"Poisson (area, tuned)",2024-12-01,1.7703346781640914,sha256:bd942a7bcbe33ba673b7fdec9b2ff2b747cb0d530af4522e5d003d78fb3f640b,2025-03-01,South Parkdale (85),-79.43087572304012,43.63836538756867,3,1.628456425340493,1.371543574659507
"Poisson (area, tuned)",2024-12-01,1.7703346781640914,sha256:bd942a7bcbe33ba673b7fdec9b2ff2b747cb0d530af4522e5d003d78fb3f640b,2025-03-01,South Riverdale (70),-79.34033408773206,43.66227352160024,2,3.621880229787383,-1.6218802297873829
"Poisson (area, tuned)",2024-12-01,1.7703346781640914,sha256:bd942a7bcbe33ba673b7fdec9b2ff2b747cb0d530af4522e5d003d78fb3f640b,2025-03-01,St.Andrew-Windfields (40),-79.39807496057622,43.75295000125709,0,0.6198376411850384,-0.6198376411850384
"Poisson (area, tuned)",2024-12-01,1.7703346781640914,sha256:bd942a7bcbe33ba673b7fdec9b2ff2b747cb0d530af4522e5d003d78fb3f640b,2025-03-01,Steeles (116),-79.32254019689177,43.815065444286134,1,0.2863304055586986,0.7136695944413014
"Poisson (area, tuned)",2024-12-01,1.7703346781640914,sha256:bd942a7bcbe33ba673b7fdec9b2ff2b747cb0d530af4522e5d003d78fb3f640b,2025-03-01,Stonegate-Queensway (16),-79.50687874894817,43.63678476785418,1,0.6102638292722214,0.38973617072777855
"Poisson (area, tuned)",2024-12-01,1.7703346781640914,sha256:bd942a7bcbe33ba673b7fdec9b2ff2b747cb0d530af4522e5d003d78fb3f640b,2025-03-01,Tam O'Shanter-Sullivan (118),-79.29346258821549,43.78211963627784,1,0.37235141386890397,0.6276485861310961
"Poisson (area, tuned)",2024-12-01,1.7703346781640914,sha256:bd942a7bcbe33ba673b7fdec9b2ff2b747cb0d530af4522e5d003d78fb3f640b,2025-03-01,Taylor-Massey (61),-79.29495186057909,43.692458919227406,0,0.7574594680028331,-0.7574594680028331
"Poisson (area, tuned)",2024-12-01,1.7703346781640914,sha256:bd942a7bcbe33ba673b7fdec9b2ff2b747cb0d530af4522e5d003d78fb3f640b,2025-03-01,The Beaches (63),-79.30297553719052,43.66875560841342,1,1.460559331892056,-0.460559331892056
"Poisson (area, tuned)",2024-12-01,1.7703346781640914,sha256:bd942a7bcbe33ba673b7fdec9b2ff2b747cb0d530af4522e5d003d78fb3f640b,2025-03-01,Thistletown-Beaumond Heights (3),-79.5659329290065,43.73754827301803,0,0.35631978271062303,-0.35631978271062303
"Poisson (area, tuned)",2024-12-01,1.7703346781640914,sha256:bd942a7bcbe33ba673b7fdec9b2ff2b747cb0d530af4522e5d003d78fb3f640b,2025-03-01,Thorncliffe Park (55),-79.35448121100222,43.71036836631147,0,0.8892965520899698,-0.8892965520899698
"Poisson (area, tuned)",2024-12-01,1.7703346781640914,sha256:bd942a7bcbe33ba673b7fdec9b2ff2b747cb0d530af4522e5d003d78fb3f640b,2025-03-01,Trinity-Bellwoods (81),-79.41373927922925,43.65087049509186,2,2.2177604501459336,-0.2177604501459336
"Poisson (area, tuned)",2024-12-01,1.7703346781640914,sha256:bd942a7bcbe33ba673b7fdec9b2ff2b747cb0d530af4522e5d003d78fb3f640b,2025-03-01,University (79),-79.39982104056267,43.66254295263539,1,3.921903279817686,-2.921903279817686
"Poisson (area, tuned)",2024-12-01,1.7703346781640914,sha256:bd942a7bcbe33ba673b7fdec9b2ff2b747cb0d530af4522e5d003d78fb3f640b,2025-03-01,Victoria Village (43),-79.3128138518101,43.72684844443762,0,0.5179167411864705,-0.5179167411864705
"Poisson (area, tuned)",2024-12-01,1.7703346781640914,sha256:bd942a7bcbe33ba673b7fdec9b2ff2b747cb0d530af4522e5d003d78fb3f640b,2025-03-01,Waterfront Communities-The Island (77),-79.38919773860151,43.64473008383375,16,14.567012743348295,1.432987256651705
"Poisson (area, tuned)",2024-12-01,1.7703346781640914,sha256:bd942a7bcbe33ba673b7fdec9b2ff2b747cb0d530af4522e5d003d78fb3f640b,2025-03-01,West Hill (136),-79.18284860837016,43.76769079627477,0,0.4806510788864637,-0.4806510788864637
"Poisson (area, tuned)",2024-12-01,1.7703346781640914,sha256:bd942a7bcbe33ba673b7fdec9b2ff2b747cb0d530af4522e5d003d78fb3f640b,2025-03-01,West Humber-Clairville (1),-79.60420741329722,43.73006355433667,0,0.46644710664805294,-0.46644710664805294
"Poisson (area, tuned)",2024-12-01,1.7703346781640914,sha256:bd942a7bcbe33ba673b7fdec9b2ff2b747cb0d530af4522e5d003d78fb3f640b,2025-03-01,Westminster-Branson (35),-79.44807552904417,43.781743102812335,0,0.519372383947428,-0.519372383947428
"Poisson (area, tuned)",2024-12-01,1.7703346781640914,sha256:bd942a7bcbe33ba673b7fdec9b2ff2b747cb0d530af4522e5d003d78fb3f640b,2025-03-01,Weston (113),-79.5165855480493,43.702833758307314,0,0.5251361085656193,-0.5251361085656193
"Poisson (area, tuned)",2024-12-01,1.7703346781640914,sha256:bd942a7bcbe33ba673b7fdec9b2ff2b747cb0d530af4522e5d003d78fb3f640b,2025-03-01,Weston-Pelham Park (91),-79.45875842314518,43.67071482937652,1,0.7061310367140606,0.29386896328593937
"Poisson (area, tuned)",2024-12-01,1.7703346781640914,sha256:bd942a7bcbe33ba673b7fdec9b2ff2b747cb0d530af4522e5d003d78fb3f640b,2025-03-01,Wexford/Maryvale (119),-79.30050366891615,43.74264083383781,0,0.5859864715464616,-0.5859864715464616
"Poisson (area, tuned)",2024-12-01,1.7703346781640914,sha256:bd942a7bcbe33ba673b7fdec9b2ff2b747cb0d530af4522e5d003d78fb3f640b,2025-03-01,Willowdale East (51),-79.410074781475,43.76524478810602,0,1.2693159991127967,-1.2693159991127967
"Poisson (area, tuned)",2024-12-01,1.7703346781640914,sha256:bd942a7bcbe33ba673b7fdec9b2ff2b747cb0d530af4522e5d003d78fb3f640b,2025-03-01,Willowdale West (37),-79.41563035776022,43.77061463226557,1,0.6904909820268696,0.30950901797313035
"Poisson (area, tuned)",2024-12-01,1.7703346781640914,sha256:bd942a7bcbe33ba673b7fdec9b2ff2b747cb0d530af4522e5d003d78fb3f640b,2025-03-01,Willowridge-Martingrove-Richview (7),-79.55960317676033,43.68486812894035,0,0.40162121223085134,-0.40162121223085134
"Poisson (area, tuned)",2024-12-01,1.7703346781640914,sha256:bd942a7bcbe33ba673b7fdec9b2ff2b747cb0d530af4522e5d003d78fb3f640b,2025-03-01,Woburn (137),-79.22656387770975,43.76289989874722,1,0.4061142640496254,0.5938857359503746
"Poisson (area, tuned)",2024-12-01,1.7703346781640914,sha256:bd942a7bcbe33ba673b7fdec9b2ff2b747cb0d530af4522e5d003d78fb3f640b,2025-03-01,Woodbine Corridor (64),-79.31407054230695,43.67581440173363,0,1.03623001984623,-1.03623001984623
"Poisson (area, tuned)",2024-12-01,1.7703346781640914,sha256:bd942a7bcbe33ba673b7fdec9b2ff2b747cb0d530af4522e5d003d78fb3f640b,2025-03-01,Woodbine-Lumsden (60),-79.31039264658962,43.69145821847367,2,0.6900595007621697,1.3099404992378303
"Poisson (area, tuned)",2024-12-01,1.7703346781640914,sha256:bd942a7bcbe33ba673b7fdec9b2ff2b747cb0d530af4522e5d003d78fb3f640b,2025-03-01,Wychwood (94),-79.42710542937913,43.6784532168336,0,1.125223515019906,-1.125223515019906
"Poisson (area, tuned)",2024-12-01,1.7703346781640914,sha256:bd942a7bcbe33ba673b7fdec9b2ff2b747cb0d530af4522e5d003d78fb3f640b,2025-03-01,Yonge-Eglinton (100),-79.40102373824469,43.70674080495774,0,1.1167447092165275,-1.1167447092165275
"Poisson (area, tuned)",2024-12-01,1.7703346781640914,sha256:bd942a7bcbe33ba673b7fdec9b2ff2b747cb0d530af4522e5d003d78fb3f640b,2025-03-01,Yonge-St.Clair (97),-79.39834065134646,43.689263791751046,2,1.1064595737818126,0.8935404262181874
"Poisson (area, tuned)",2024-12-01,1.7703346781640914,sha256:bd942a7bcbe33ba673b7fdec9b2ff2b747cb0d530af4522e5d003d78fb3f640b,2025-03-01,York University Heights (27),-79.49891755560928,43.76657476817609,1,0.8217411982476245,0.17825880175237552
"Poisson (area, tuned)",2024-12-01,1.7703346781640914,sha256:bd942a7bcbe33ba673b7fdec9b2ff2b747cb0d530af4522e5d003d78fb3f640b,2025-03-01,Yorkdale-Glen Park (31),-79.45130621630454,43.714348256200424,0,0.8931487611189137,-0.8931487611189137
"Poisson (area, tuned)",2024-12-01,1.7703346781640914,sha256:bd942a7bcbe33ba673b7fdec9b2ff2b747cb0d530af4522e5d003d78fb3f640b,2025-04-01,Agincourt North (129),-79.26928393506104,43.810980375100264,0,0.32716661252153223,-0.32716661252153223
"Poisson (area, tuned)",2024-12-01,1.7703346781640914,sha256:bd942a7bcbe33ba673b7fdec9b2ff2b747cb0d530af4522e5d003d78fb3f640b,2025-04-01,Agincourt South-Malvern West (128),-79.28002861084076,43.7889253690791,0,0.4036780209043197,-0.4036780209043197
"Poisson (area, tuned)",2024-12-01,1.7703346781640914,sha256:bd942a7bcbe33ba673b7fdec9b2ff2b747cb0d530af4522e5d003d78fb3f640b,2025-04-01,Alderwood (20),-79.54538918515296,43.6065751977772,0,0.5268912077900157,-0.5268912077900157
"Poisson (area, tuned)",2024-12-01,1.7703346781640914,sha256:bd942a7bcbe33ba673b7fdec9b2ff2b747cb0d530af4522e5d003d78fb3f640b,2025-04-01,Annex (95),-79.40380913861458,43.670104609767606,4,5.850259833313424,-1.850259833313424
"Poisson (area, tuned)",2024-12-01,1.7703346781640914,sha256:bd942a7bcbe33ba673b7fdec9b2ff2b747cb0d530af4522e5d003d78fb3f640b,2025-04-01,Banbury-Don Mills (42),-79.3409210158811,43.73511850435992,1,0.79565535591314,0.20434464408686004
"Poisson (area, tuned)",2024-12-01,1.7703346781640914,sha256:bd942a7bcbe33ba673b7fdec9b2ff2b747cb0d530af4522e5d003d78fb3f640b,2025-04-01,Bathurst Manor (34),-79.45175843487672,43.75609728872373,0,0.6238435754683662,-0.6238435754683662
"Poisson (area, tuned)",2024-12-01,1.7703346781640914,sha256:bd942a7bcbe33ba673b7fdec9b2ff2b747cb0d530af4522e5d003d78fb3f640b,2025-04-01,Bay Street Corridor (76),-79.38436854475557,43.65730879641258,23,14.282962640021994,8.717037359978006
"Poisson (area, tuned)",2024-12-01,1.7703346781640914,sha256:bd942a7bcbe33ba673b7fdec9b2ff2b747cb0d530af4522e5d003d78fb3f640b,2025-04-01,Bayview Village (52),-79.38403601743099,43.769051789694494,0,0.823823091395664,-0.823823091395664
"Poisson (area, tuned)",2024-12-01,1.7703346781640914,sha256:bd942a7bcbe33ba673b7fdec9b2ff2b747cb0d530af4522e5d003d78fb3f640b,2025-04-01,Bayview Woods-Steeles (49),-79.3743681512798,43.797822785562154,0,0.4281655613364942,-0.4281655613364942
"Poisson (area, tuned)",2024-12-01,1.7703346781640914,sha256:bd942a7bcbe33ba673b7fdec9b2ff2b747cb0d530af4522e5d003d78fb3f640b,2025-04-01,Bedford Park-Nortown (39),-79.42125788351791,43.72757981721193,0,0.9368308598564866,-0.9368308598564866
"Poisson (area, tuned)",2024-12-01,1.7703346781640914,sha256:bd942a7bcbe33ba673b7fdec9b2ff2b747cb0d530af4522e5d003d78fb3f640b,2025-04-01,Beechborough-Greenbrook (112),-79.4744663865561,43.691508083029944,0,0.6400610199990107,-0.6400610199990107
"Poisson (area, tuned)",2024-12-01,1.7703346781640914,sha256:bd942a7bcbe33ba673b7fdec9b2ff2b747cb0d530af4522e5d003d78fb3f640b,2025-04-01,Bendale (127),-79.26046315357324,43.76293076745831,0,0.49602668056059174,-0.49602668056059174
"Poisson (area, tuned)",2024-12-01,1.7703346781640914,sha256:bd942a7bcbe33ba673b7fdec9b2ff2b747cb0d530af4522e5d003d78fb3f640b,2025-04-01,Birchcliffe-Cliffside (122),-79.27062357025366,43.69131003372983,1,0.7968204322391533,0.20317956776084667
"Poisson (area, tuned)",2024-12-01,1.7703346781640914,sha256:bd942a7bcbe33ba673b7fdec9b2ff2b747cb0d530af4522e5d003d78fb3f640b,2025-04-01,Black Creek (24),-79.51869671361172,43.76523138519309,2,0.5175404230368937,1.4824595769631062
"Poisson (area, tuned)",2024-12-01,1.7703346781640914,sha256:bd942a7bcbe33ba673b7fdec9b2ff2b747cb0d530af4522e5d003d78fb3f640b,2025-04-01,Blake-Jones (69),-79.3394451105104,43.67664416992363,0,1.2684635653601193,-1.2684635653601193
"Poisson (area, tuned)",2024-12-01,1.7703346781640914,sha256:bd942a7bcbe33ba673b7fdec9b2ff2b747cb0d530af4522e5d003d78fb3f640b,2025-04-01,Briar Hill-Belgravia (108),-79.445578280552,43.699313061287725,0,0.9246699823441435,-0.9246699823441435
"Poisson (area, tuned)",2024-12-01,1.7703346781640914,sha256:bd942a7bcbe33ba673b7fdec9b2ff2b747cb0d530af4522e5d003d78fb3f640b,2025-04-01,Bridle Path-Sunnybrook-York Mills (41),-79.38366396163413,43.72516179918022,0,0.8718077246216759,-0.8718077246216759
"Poisson (area, tuned)",2024-12-01,1.7703346781640914,sha256:bd942a7bcbe33ba673b7fdec9b2ff2b747cb0d530af4522e5d003d78fb3f640b,2025-04-01,Broadview North (57),-79.35364911130229,43.683932870884654,0,1.280634149612285,-1.280634149612285
"Poisson (area, tuned)",2024-12-01,1.7703346781640914,sha256:bd942a7bcbe33ba673b7fdec9b2ff2b747cb0d530af4522e5d003d78fb3f640b,2025-04-01,Brookhaven-Amesbury (30),-79.49015206607174,43.69942696476651,0,0.6346738420552752,-0.6346738420552752
"Poisson (area, tuned)",2024-12-01,1.7703346781640914,sha256:bd942a7bcbe33ba673b7fdec9b2ff2b747cb0d530af4522e5d003d78fb3f640b,2025-04-01,Cabbagetown-South St.James Town (71),-79.36975340775743,43.66521290431659,1,2.8076949754232285,-1.8076949754232285
"Poisson (area, tuned)",2024-12-01,1.7703346781640914,sha256:bd942a7bcbe33ba673b7fdec9b2ff2b747cb0d530af4522e5d003d78fb3f640b,2025-04-01,Caledonia-Fairbank (109),-79.4517849962554,43.690036179158305,0,0.7933784726598946,-0.7933784726598946
"Poisson (area, tuned)",2024-12-01,1.7703346781640914,sha256:bd942a7bcbe33ba673b7fdec9b2ff2b747cb0d530af4522e5d003d78fb3f640b,2025-04-01,Casa Loma (96),-79.40864864037756,43.67955392863041,1,1.327314794107886,-0.327314794107886
"Poisson (area, tuned)",2024-12-01,1.7703346781640914,sha256:bd942a7bcbe33ba673b7fdec9b2ff2b747cb0d530af4522e5d003d78fb3f640b,2025-04-01,Centennial Scarborough (133),-79.15053423026679,43.780757885389185,0,0.39701641353160844,-0.39701641353160844
"Poisson (area, tuned)",2024-12-01,1.7703346781640914,sha256:bd942a7bcbe33ba673b7fdec9b2ff2b747cb0d530af4522e5d003d78fb3f640b,2025-04-01,Church-Yonge Corridor (75),-79.37956284727365,43.66018909929288,21,12.913012362653326,8.086987637346674
"Poisson (area, tuned)",2024-12-01,1.7703346781640914,sha256:bd942a7bcbe33ba673b7fdec9b2ff2b747cb0d530af4522e5d003d78fb3f640b,2025-04-01,Clairlea-Birchmount (120),-79.28672506823307,43.709414591668256,1,0.7965372505793002,0.20346274942069975
"Poisson (area, tuned)",2024-12-01,1.7703346781640914,sha256:bd942a7bcbe33ba673b7fdec9b2ff2b747cb0d530af4522e5d003d78fb3f640b,2025-04-01,Clanton Park (33),-79.44643447690169,43.74149776462126,0,0.7467035211506968,-0.7467035211506968
"Poisson (area, tuned)",2024-12-01,1.7703346781640914,sha256:bd942a7bcbe33ba673b7fdec9b2ff2b747cb0d530af4522e5d003d78fb3f640b,2025-04-01,Cliffcrest (123),-79.23329029919245,43.72191819765982,0,0.46100765187215687,-0.46100765187215687
"Poisson (area, tuned)",2024-12-01,1.7703346781640914,sha256:bd942a7bcbe33ba673b7fdec9b2ff2b747cb0d530af4522e5d003d78fb3f640b,2025-04-01,Corso Italia-Davenport (92),-79.4427553703874,43.67658111935704,2,1.0568998209615672,0.9431001790384328
"Poisson (area, tuned)",2024-12-01,1.7703346781640914,sha256:bd942a7bcbe33ba673b7fdec9b2ff2b747cb0d530af4522e5d003d78fb3f640b,2025-04-01,Danforth (66),-79.33065782618279,43.682847803276616,0,1.5788482552458563,-1.5788482552458563
"Poisson (area, tuned)",2024-12-01,1.7703346781640914,sha256:bd942a7bcbe33ba673b7fdec9b2ff2b747cb0d530af4522e5d003d78fb3f640b,2025-04-01,Danforth East York (59),-79.3313092800722,43.69082681262244,0,1.1152718991661266,-1.1152718991661266
"Poisson (area, tuned)",2024-12-01,1.7703346781640914,sha256:bd942a7bcbe33ba673b7fdec9b2ff2b747cb0d530af4522e5d003d78fb3f640b,2025-04-01,Don Valley Village (47),-79.35240298959988,43.77988611135725,0,0.5479435987728182,-0.5479435987728182
"Poisson (area, tuned)",2024-12-01,1.7703346781640914,sha256:bd942a7bcbe33ba673b7fdec9b2ff2b747cb0d530af4522e5d003d78fb3f640b,2025-04-01,Dorset Park (126),-79.28077525994308,43.75528945083431,2,0.5110513900862248,1.4889486099137752
"Poisson (area, tuned)",2024-12-01,1.7703346781640914,sha256:bd942a7bcbe33ba673b7fdec9b2ff2b747cb0d530af4522e5d003d78fb3f640b,2025-04-01,Dovercourt-Wallace Emerson-Junction (93),-79.43778332382438,43.66463002065643,7,3.872846317727571,3.127153682272429
"Poisson (area, tuned)",2024-12-01,1.7703346781640914,sha256:bd942a7bcbe33ba673b7fdec9b2ff2b747cb0d530af4522e5d003d78fb3f640b,2025-04-01,Downsview-Roding-CFB (26),-79.4835940990325,43.727986861303435,2,0.8386882418162819,1.161311758183718
"Poisson (area, tuned)",2024-12-01,1.7703346781640914,sha256:bd942a7bcbe33ba673b7fdec9b2ff2b747cb0d530af4522e5d003d78fb3f640b,2025-04-01,Dufferin Grove (83),-79.4370618209781,43.65521640563446,0,1.9943791739178387,-1.9943791739178387
"Poisson (area, tuned)",2024-12-01,1.7703346781640914,sha256:bd942a7bcbe33ba673b7fdec9b2ff2b747cb0d530af4522e5d003d78fb3f640b,2025-04-01,East End-Danforth (62),-79.30055625233094,43.68572312555001,0,1.8570718713222767,-1.8570718713222767
"Poisson (area, tuned)",2024-12-01,1.7703346781640914,sha256:bd942a7bcbe33ba673b7fdec9b2ff2b747cb0d530af4522e5d003d78fb3f640b,2025-04-01,Edenbridge-Humber Valley (9),-79.52023309003076,43.66557816852869,0,0.5758575333553134,-0.5758575333553134
"Poisson (area, tuned)",2024-12-01,1.7703346781640914,sha256:bd942a7bcbe33ba673b7fdec9b2ff2b747cb0d530af4522e5d003d78fb3f640b,2025-04-01,Eglinton East (138),-79.24473615792672,43.73991827916189,1,0.47449190904604344,0.5255080909539566
"Poisson (area, tuned)",2024-12-01,1.7703346781640914,sha256:bd942a7bcbe33ba673b7fdec9b2ff2b747cb0d530af4522e5d003d78fb3f640b,2025-04-01,Elms-Old Rexdale (5),-79.55208772185198,43.71927285915033,0,0.46244815035200565,-0.46244815035200565
"Poisson (area, tuned)",2024-12-01,1.7703346781640914,sha256:bd942a7bcbe33ba673b7fdec9b2ff2b747cb0d530af4522e5d003d78fb3f640b,2025-04-01,Englemount-Lawrence (32),-79.43712596977969,43.7204676607881,0,1.004706911624143,-1.004706911624143
"Poisson (area, tuned)",2024-12-01,1.7703346781640914,sha256:bd942a7bcbe33ba673b7fdec9b2ff2b747cb0d530af4522e5d003d78fb3f640b,2025-04-01,Eringate-Centennial-West Deane (11),-79.57787073233334,43.65860025717794,0,0.46197382580281393,-0.46197382580281393
"Poisson (area, tuned)",2024-12-01,1.7703346781640914,sha256:bd942a7bcbe33ba673b7fdec9b2ff2b747cb0d530af4522e5d003d78fb3f640b,2025-04-01,Etobicoke West Mall (13),-79.5678030787646,43.64190931147644,0,0.48401896371148856,-0.48401896371148856
"Poisson (area, tuned)",2024-12-01,1.7703346781640914,sha256:bd942a7bcbe33ba673b7fdec9b2ff2b747cb0d530af4522e5d003d78fb3f640b,2025-04-01,Flemingdon Park (44),-79.33198682919883,43.71530756444098,4,0.8465208922169862,3.1534791077830135
"Poisson (area, tuned)",2024-12-01,1.7703346781640914,sha256:bd942a7bcbe33ba673b7fdec9b2ff2b747cb0d530af4522e5d003d78fb3f640b,2025-04-01,Forest Hill North (102),-79.43346069412912,43.70194436532484,1,1.1033309372663431,-0.10333093726634313
"Poisson (area, tuned)",2024-12-01,1.7703346781640914,sha256:bd942a7bcbe33ba673b7fdec9b2ff2b747cb0d530af4522e5d003d78fb3f640b,2025-04-01,Forest Hill South (101),-79.41299883590433,43.6890600119443,0,1.2014885180315544,-1.2014885180315544
"Poisson (area, tuned)",2024-12-01,1.7703346781640914,sha256:bd942a7bcbe33ba673b7fdec9b2ff2b747cb0d530af4522e5d003d78fb3f640b,2025-04-01,Glenfield-Jane Heights (25),-79.50908241975385,43.74806287596809,1,0.6251082054809903,0.37489179451900967
"Poisson (area, tuned)",2024-12-01,1.7703346781640914,sha256:bd942a7bcbe33ba673b7fdec9b2ff2b747cb0d530af4522e5d003d78fb3f640b,2025-04-01,Greenwood-Coxwell (65),-79.32392461588157,43.67182578504262,0,1.810088475283434,-1.810088475283434
"Poisson (area, tuned)",2024-12-01,1.7703346781640914,sha256:bd942a7bcbe33ba673b7fdec9b2ff2b747cb0d530af4522e5d003d78fb3f640b,2025-04-01,Guildwood (140),-79.1987335919193,43.747914590059,0,0.38482970946972817,-0.38482970946972817
"Poisson (area, tuned)",2024-12-01,1.7703346781640914,sha256:bd942a7bcbe33ba673b7fdec9b2ff2b747cb0d530af4522e5d003d78fb3f640b,2025-04-01,Henry Farm (53),-79.34642185767248,43.76957681680956,0,0.5691460072085072,-0.5691460072085072
"Poisson (area, tuned)",2024-12-01,1.7703346781640914,sha256:bd942a7bcbe33ba673b7fdec9b2ff2b747cb0d530af4522e5d003d78fb3f640b,2025-04-01,High Park North (88),-79.4652298180643,43.65722103912335,0,1.9256266296246878,-1.9256266296246878
"Poisson (area, tuned)",2024-12-01,1.7703346781640914,sha256:bd942a7bcbe33ba673b7fdec9b2ff2b747cb0d530af4522e5d003d78fb3f640b,2025-04-01,High Park-Swansea (87),-79.4648159122912,43.64453199862067,2,1.4111918267466517,0.5888081732533483
"Poisson (area, tuned)",2024-12-01,1.7703346781640914,sha256:bd942a7bcbe33ba673b7fdec9b2ff2b747cb0d530af4522e5d003d78fb3f640b,2025-04-01,Highland Creek (134),-79.18452149622338,43.786273991320705,0,0.40572359589381096,-0.40572359589381096
"Poisson (area, tuned)",2024-12-01,1.7703346781640914,sha256:bd942a7bcbe33ba673b7fdec9b2ff2b747cb0d530af4522e5d003d78fb3f640b,2025-04-01,Hillcrest Village (48),-79.35806283641195,43.79960270136573,0,0.4448641558679016,-0.4448641558679016
"Poisson (area, tuned)",2024-12-01,1.7703346781640914,sha256:bd942a7bcbe33ba673b7fdec9b2ff2b747cb0d530af4522e5d003d78fb3f640b,2025-04-01,Humber Heights-Westmount (8),-79.51864457298561,43.69564007439048,0,0.5142294026935403,-0.5142294026935403
"Poisson (area, tuned)",2024-12-01,1.7703346781640914,sha256:bd942a7bcbe33ba673b7fdec9b2ff2b747cb0d530af4522e5d003d78fb3f640b,2025-04-01,Humber Summit (21),-79.56057763521508,43.75362439798188,0,0.46091441561455293,-0.46091441561455293
"Poisson (area, tuned)",2024-12-01,1.7703346781640914,sha256:bd942a7bcbe33ba673b7fdec9b2ff2b747cb0d530af4522e5d003d78fb3f640b,2025-04-01,Humbermede (22),-79.54521679307662,43.74787608113298,0,0.4516704191430714,-0.4516704191430714
"Poisson (area, tuned)",2024-12-01,1.7703346781640914,sha256:bd942a7bcbe33ba673b7fdec9b2ff2b747cb0d530af4522e5d003d78fb3f640b,2025-04-01,Humewood-Cedarvale (106),-79.42603840921164,43.68908389632168,0,1.4261258221562778,-1.4261258221562778
"Poisson (area, tuned)",2024-12-01,1.7703346781640914,sha256:bd942a7bcbe33ba673b7fdec9b2ff2b747cb0d530af4522e5d003d78fb3f640b,2025-04-01,Ionview (125),-79.2682783103958,43.73299077700163,0,0.47393038232374013,-0.47393038232374013
"Poisson (area, tuned)",2024-12-01,1.7703346781640914,sha256:bd942a7bcbe33ba673b7fdec9b2ff2b747cb0d530af4522e5d003d78fb3f640b,2025-04-01,Islington-City Centre West (14),-79.53678079261083,43.641361915813675,8,0.9433856221463593,7.0566143778536405
"Poisson (area, tuned)",2024-12-01,1.7703346781640914,sha256:bd942a7bcbe33ba673b7fdec9b2ff2b747cb0d530af4522e5d003d78fb3f640b,2025-04-01,Junction Area (90),-79.46892477498491,43.6655394100211,1,1.1848722698330394,-0.1848722698330394
"Poisson (area, tuned)",2024-12-01,1.7703346781640914,sha256:bd942a7bcbe33ba673b7fdec9b2ff2b747cb0d530af4522e5d003d78fb3f640b,2025-04-01,Keelesdale-Eglinton West (110),-79.47055790633043,43.68391780141048,0,0.7117799308868826,-0.7117799308868826
"Poisson (area, tuned)",2024-12-01,1.7703346781640914,sha256:bd942a7bcbe33ba673b7fdec9b2ff2b747cb0d530af4522e5d003d78fb3f640b,2025-04-01,Kennedy Park (124),-79.25874986465229,43.728410786674374,0,0.5370838665825582,-0.5370838665825582
"Poisson (area, tuned)",2024-12-01,1.7703346781640914,sha256:bd942a7bcbe33ba673b7fdec9b2ff2b747cb0d530af4522e5d003d78fb3f640b,2025-04-01,Kensington-Chinatown (78),-79.3967980354919,43.65388049459246,13,5.739862724877264,7.260137275122736
"Poisson (area, tuned)",2024-12-01,1.7703346781640914,sha256:bd942a7bcbe33ba673b7fdec9b2ff2b747cb0d530af4522e5d003d78fb3f640b,2025-04-01,Kingsview Village-The Westway (6),-79.54911503533694,43.69584358136977,1,0.49274299700769847,0.5072570029923016
"Poisson (area, tuned)",2024-12-01,1.7703346781640914,sha256:bd942a7bcbe33ba673b7fdec9b2ff2b747cb0d530af4522e5d003d78fb3f640b,2025-04-01,Kingsway South (15),-79.51086459422443,43.65032283055947,0,0.709609376337784,-0.709609376337784
"Poisson (area, tuned)",2024-12-01,1.7703346781640914,sha256:bd942a7bcbe33ba673b7fdec9b2ff2b747cb0d530af4522e5d003d78fb3f640b,2025-04-01,L'Amoreaux (117),-79.3201008921114,43.79636378659849,0,0.4682708619805682,-0.4682708619805682
"Poisson (area, tuned)",2024-12-01,1.7703346781640914,sha256:bd942a7bcbe33ba673b7fdec9b2ff2b747cb0d530af4522e5d003d78fb3f640b,2025-04-01,Lambton Baby Point (114),-79.49452130561747,43.65593529844182,0,0.6885547372268586,-0.6885547372268586
"Poisson (area, tuned)",2024-12-01,1.7703346781640914,sha256:bd942a7bcbe33ba673b7fdec9b2ff2b747cb0d530af4522e5d003d78fb3f640b,2025-04-01,Lansing-Westgate (38),-79.41222964417364,43.761840287387486,0,0.693504501129424,-0.693504501129424
"Poisson (area, tuned)",2024-12-01,1.7703346781640914,sha256:bd942a7bcbe33ba673b7fdec9b2ff2b747cb0d530af4522e5d003d78fb3f640b,2025-04-01,Lawrence Park North (105),-79.40643053379212,43.72768097403552,0,1.0456366846463592,-1.0456366846463592
"Poisson (area, tuned)",2024-12-01,1.7703346781640914,sha256:bd942a7bcbe33ba673b7fdec9b2ff2b747cb0d530af4522e5d003d78fb3f640b,2025-04-01,Lawrence Park South (103),-79.41020212544387,43.72248127246825,0,1.0494967530112052,-1.0494967530112052
"Poisson (area, tuned)",2024-12-01,1.7703346781640914,sha256:bd942a7bcbe33ba673b7fdec9b2ff2b747cb0d530af4522e5d003d78fb3f640b,2025-04-01,Leaside-Bennington (56),-79.36756549485442,43.70630335329757,0,1.5004891872870636,-1.5004891872870636
"Poisson (area, tuned)",2024-12-01,1.7703346781640914,sha256:bd942a7bcbe33ba673b7fdec9b2ff2b747cb0d530af4522e5d003d78fb3f640b,2025-04-01,Little Portugal (84),-79.42637552454019,43.64409148964972,0,2.3032798866730464,-2.3032798866730464
"Poisson (area, tuned)",2024-12-01,1.7703346781640914,sha256:bd942a7bcbe33ba673b7fdec9b2ff2b747cb0d530af4522e5d003d78fb3f640b,2025-04-01,Long Branch (19),-79.53237502113143,43.591006620404656,0,0.7522702056218045,-0.7522702056218045
"Poisson (area, tuned)",2024-12-01,1.7703346781640914,sha256:bd942a7bcbe33ba673b7fdec9b2ff2b747cb0d530af4522e5d003d78fb3f640b,2025-04-01,Malvern (132),-79.22095167470565,43.80455499438271,1,0.40231155229116394,0.597688447708836
"Poisson (area, tuned)",2024-12-01,1.7703346781640914,sha256:bd942a7bcbe33ba673b7fdec9b2ff2b747cb0d530af4522e5d003d78fb3f640b,2025-04-01,Maple Leaf (29),-79.4843756407544,43.718225646439535,0,0.5498073399566176,-0.5498073399566176
"Poisson (area, tuned)",2024-12-01,1.7703346781640914,sha256:bd942a7bcbe33ba673b7fdec9b2ff2b747cb0d530af4522e5d003d78fb3f640b,2025-04-01,Markland Wood (12),-79.57650734129277,43.633689780366026,0,0.5229883250070447,-0.5229883250070447
"Poisson (area, tuned)",2024-12-01,1.7703346781640914,sha256:bd942a7bcbe33ba673b7fdec9b2ff2b747cb0d530af4522e5d003d78fb3f640b,2025-04-01,Milliken (130),-79.28878321264463,43.82084812422136,0,0.3291140783184629,-0.3291140783184629
"Poisson (area, tuned)",2024-12-01,1.7703346781640914,sha256:bd942a7bcbe33ba673b7fdec9b2ff2b747cb0d530af4522e5d003d78fb3f640b,2025-04-01,Mimico (includes Humber Bay Shores) (17),-79.48568571369577,43.62094188018773,5,1.9664396981475512,3.033560301852449
"Poisson (area, tuned)",2024-12-01,1.7703346781640914,sha256:bd942a7bcbe33ba673b7fdec9b2ff2b747cb0d530af4522e5d003d78fb3f640b,2025-04-01,Morningside (135),-79.20335964084892,43.78544794442794,0,0.34395961744430636,-0.34395961744430636
"Poisson (area, tuned)",2024-12-01,1.7703346781640914,sha256:bd942a7bcbe33ba673b7fdec9b2ff2b747cb0d530af4522e5d003d78fb3f640b,2025-04-01,Moss Park (73),-79.36913295325593,43.65425609335975,5,5.207935736206032,-0.20793573620603212
"Poisson (area, tuned)",2024-12-01,1.7703346781640914,sha256:bd942a7bcbe33ba673b7fdec9b2ff2b747cb0d530af4522e5d003d78fb3f640b,2025-04-01,Mount Dennis (115),-79.48946593742998,43.68565859464735,0,0.6304984563612364,-0.6304984563612364
"Poisson (area, tuned)",2024-12-01,1.7703346781640914,sha256:bd942a7bcbe33ba673b7fdec9b2ff2b747cb0d530af4522e5d003d78fb3f640b,2025-04-01,Mount Olive-Silverstone-Jamestown (2),-79.58577617904946,43.74325917379369,0,0.5229540403215712,-0.5229540403215712
"Poisson (area, tuned)",2024-12-01,1.7703346781640914,sha256:bd942a7bcbe33ba673b7fdec9b2ff2b747cb0d530af4522e5d003d78fb3f640b,2025-04-01,Mount Pleasant East (99),-79.38525136980005,43.70699758566823,0,1.3790566412945002,-1.3790566412945002
"Poisson (area, tuned)",2024-12-01,1.7703346781640914,sha256:bd942a7bcbe33ba673b7fdec9b2ff2b747cb0d530af4522e5d003d78fb3f640b,2025-04-01,Mount Pleasant West (104),-79.39441924813381,43.705281018271585,1,2.562252992835604,-1.562252992835604
"Poisson (area, tuned)",2024-12-01,1.7703346781640914,sha256:bd942a7bcbe33ba673b7fdec9b2ff2b747cb0d530af4522e5d003d78fb3f640b,2025-04-01,NSA,NA,NA,1,0.5730098757787786,0.4269901242212214
"Poisson (area, tuned)",2024-12-01,1.7703346781640914,sha256:bd942a7bcbe33ba673b7fdec9b2ff2b747cb0d530af4522e5d003d78fb3f640b,2025-04-01,New Toronto (18),-79.50819536860408,43.60067938873378,0,0.7667736988702438,-0.7667736988702438
"Poisson (area, tuned)",2024-12-01,1.7703346781640914,sha256:bd942a7bcbe33ba673b7fdec9b2ff2b747cb0d530af4522e5d003d78fb3f640b,2025-04-01,Newtonbrook East (50),-79.4155662486542,43.782773804672864,1,0.5973230965517481,0.4026769034482519
"Poisson (area, tuned)",2024-12-01,1.7703346781640914,sha256:bd942a7bcbe33ba673b7fdec9b2ff2b747cb0d530af4522e5d003d78fb3f640b,2025-04-01,Newtonbrook West (36),-79.42082573006313,43.78444945871987,2,0.8443498504726015,1.1556501495273985
"Poisson (area, tuned)",2024-12-01,1.7703346781640914,sha256:bd942a7bcbe33ba673b7fdec9b2ff2b747cb0d530af4522e5d003d78fb3f640b,2025-04-01,Niagara (82),-79.40825413058062,43.639170480800686,3,5.90853391658342,-2.90853391658342
"Poisson (area, tuned)",2024-12-01,1.7703346781640914,sha256:bd942a7bcbe33ba673b7fdec9b2ff2b747cb0d530af4522e5d003d78fb3f640b,2025-04-01,North Riverdale (68),-79.34942497640164,43.67320424441098,2,1.7558650392429664,0.24413496075703356
"Poisson (area, tuned)",2024-12-01,1.7703346781640914,sha256:bd942a7bcbe33ba673b7fdec9b2ff2b747cb0d530af4522e5d003d78fb3f640b,2025-04-01,North St.James Town (74),-79.37622315570079,43.66924040879271,2,2.529674524526453,-0.5296745245264529
"Poisson (area, tuned)",2024-12-01,1.7703346781640914,sha256:bd942a7bcbe33ba673b7fdec9b2ff2b747cb0d530af4522e5d003d78fb3f640b,2025-04-01,O'Connor-Parkview (54),-79.30295705711893,43.707394189060395,0,0.7958345244708738,-0.7958345244708738
"Poisson (area, tuned)",2024-12-01,1.7703346781640914,sha256:bd942a7bcbe33ba673b7fdec9b2ff2b747cb0d530af4522e5d003d78fb3f640b,2025-04-01,Oakridge (121),-79.28580476562132,43.69338422103418,0,0.7941287332475269,-0.7941287332475269
"Poisson (area, tuned)",2024-12-01,1.7703346781640914,sha256:bd942a7bcbe33ba673b7fdec9b2ff2b747cb0d530af4522e5d003d78fb3f640b,2025-04-01,Oakwood Village (107),-79.43992214652974,43.693163772618576,1,1.0764635341059805,-0.0764635341059805
"Poisson (area, tuned)",2024-12-01,1.7703346781640914,sha256:bd942a7bcbe33ba673b7fdec9b2ff2b747cb0d530af4522e5d003d78fb3f640b,2025-04-01,Old East York (58),-79.33971322725657,43.69468655917457,0,0.9505951098207794,-0.9505951098207794
"Poisson (area, tuned)",2024-12-01,1.7703346781640914,sha256:bd942a7bcbe33ba673b7fdec9b2ff2b747cb0d530af4522e5d003d78fb3f640b,2025-04-01,Palmerston-Little Italy (80),-79.41607073008583,43.65977590713319,1,2.4813978613376992,-1.4813978613376992
"Poisson (area, tuned)",2024-12-01,1.7703346781640914,sha256:bd942a7bcbe33ba673b7fdec9b2ff2b747cb0d530af4522e5d003d78fb3f640b,2025-04-01,Parkwoods-Donalda (45),-79.32857716506125,43.75401452181123,0,0.6287823851325168,-0.6287823851325168
"Poisson (area, tuned)",2024-12-01,1.7703346781640914,sha256:bd942a7bcbe33ba673b7fdec9b2ff2b747cb0d530af4522e5d003d78fb3f640b,2025-04-01,Pelmo Park-Humberlea (23),-79.53452633259599,43.71053804014776,0,0.4798854541767692,-0.4798854541767692
"Poisson (area, tuned)",2024-12-01,1.7703346781640914,sha256:bd942a7bcbe33ba673b7fdec9b2ff2b747cb0d530af4522e5d003d78fb3f640b,2025-04-01,Playter Estates-Danforth (67),-79.35537498775473,43.678037843577414,1,1.4557492506323255,-0.4557492506323255
"Poisson (area, tuned)",2024-12-01,1.7703346781640914,sha256:bd942a7bcbe33ba673b7fdec9b2ff2b747cb0d530af4522e5d003d78fb3f640b,2025-04-01,Pleasant View (46),-79.33169496448295,43.78880674789264,0,0.43621975000621954,-0.43621975000621954
"Poisson (area, tuned)",2024-12-01,1.7703346781640914,sha256:bd942a7bcbe33ba673b7fdec9b2ff2b747cb0d530af4522e5d003d78fb3f640b,2025-04-01,Princess-Rosethorn (10),-79.54278218831497,43.6664342839495,0,0.5046484007890447,-0.5046484007890447
"Poisson (area, tuned)",2024-12-01,1.7703346781640914,sha256:bd942a7bcbe33ba673b7fdec9b2ff2b747cb0d530af4522e5d003d78fb3f640b,2025-04-01,Regent Park (72),-79.36178286088128,43.65943439853815,1,1.9394161543649664,-0.9394161543649664
"Poisson (area, tuned)",2024-12-01,1.7703346781640914,sha256:bd942a7bcbe33ba673b7fdec9b2ff2b747cb0d530af4522e5d003d78fb3f640b,2025-04-01,Rexdale-Kipling (4),-79.56943957685264,43.726549256380395,0,0.4304951656063764,-0.4304951656063764
"Poisson (area, tuned)",2024-12-01,1.7703346781640914,sha256:bd942a7bcbe33ba673b7fdec9b2ff2b747cb0d530af4522e5d003d78fb3f640b,2025-04-01,Rockcliffe-Smythe (111),-79.49193279998173,43.67234248080122,1,0.7462574796062831,0.2537425203937169
"Poisson (area, tuned)",2024-12-01,1.7703346781640914,sha256:bd942a7bcbe33ba673b7fdec9b2ff2b747cb0d530af4522e5d003d78fb3f640b,2025-04-01,Roncesvalles (86),-79.44277811907274,43.64370439603947,0,1.9628554146620205,-1.9628554146620205
"Poisson (area, tuned)",2024-12-01,1.7703346781640914,sha256:bd942a7bcbe33ba673b7fdec9b2ff2b747cb0d530af4522e5d003d78fb3f640b,2025-04-01,Rosedale-Moore Park (98),-79.38462305095243,43.67502671420579,5,3.1631019189148346,1.8368980810851654
"Poisson (area, tuned)",2024-12-01,1.7703346781640914,sha256:bd942a7bcbe33ba673b7fdec9b2ff2b747cb0d530af4522e5d003d78fb3f640b,2025-04-01,Rouge (131),-79.13309434834144,43.78938806538385,0,0.5128308707907356,-0.5128308707907356
"Poisson (area, tuned)",2024-12-01,1.7703346781640914,sha256:bd942a7bcbe33ba673b7fdec9b2ff2b747cb0d530af4522e5d003d78fb3f640b,2025-04-01,Runnymede-Bloor West Village (89),-79.48480851655415,43.65975616827931,0,0.8776320612685121,-0.8776320612685121
"Poisson (area, tuned)",2024-12-01,1.7703346781640914,sha256:bd942a7bcbe33ba673b7fdec9b2ff2b747cb0d530af4522e5d003d78fb3f640b,2025-04-01,Rustic (28),-79.50024894268427,43.70839284643953,0,0.5314256213153941,-0.5314256213153941
"Poisson (area, tuned)",2024-12-01,1.7703346781640914,sha256:bd942a7bcbe33ba673b7fdec9b2ff2b747cb0d530af4522e5d003d78fb3f640b,2025-04-01,Scarborough Village (139),-79.22121647737255,43.74178808353859,2,0.4242462935714534,1.5757537064285465
"Poisson (area, tuned)",2024-12-01,1.7703346781640914,sha256:bd942a7bcbe33ba673b7fdec9b2ff2b747cb0d530af4522e5d003d78fb3f640b,2025-04-01,South Parkdale (85),-79.43087572304012,43.63836538756867,3,1.977742424326758,1.022257575673242
"Poisson (area, tuned)",2024-12-01,1.7703346781640914,sha256:bd942a7bcbe33ba673b7fdec9b2ff2b747cb0d530af4522e5d003d78fb3f640b,2025-04-01,South Riverdale (70),-79.34033408773206,43.66227352160024,0,4.398733717902901,-4.398733717902901
"Poisson (area, tuned)",2024-12-01,1.7703346781640914,sha256:bd942a7bcbe33ba673b7fdec9b2ff2b747cb0d530af4522e5d003d78fb3f640b,2025-04-01,St.Andrew-Windfields (40),-79.39807496057622,43.75295000125709,0,0.7527860003438279,-0.7527860003438279
"Poisson (area, tuned)",2024-12-01,1.7703346781640914,sha256:bd942a7bcbe33ba673b7fdec9b2ff2b747cb0d530af4522e5d003d78fb3f640b,2025-04-01,Steeles (116),-79.32254019689177,43.815065444286134,0,0.34774512945884917,-0.34774512945884917
"Poisson (area, tuned)",2024-12-01,1.7703346781640914,sha256:bd942a7bcbe33ba673b7fdec9b2ff2b747cb0d530af4522e5d003d78fb3f640b,2025-04-01,Stonegate-Queensway (16),-79.50687874894817,43.63678476785418,0,0.7411587110360749,-0.7411587110360749
"Poisson (area, tuned)",2024-12-01,1.7703346781640914,sha256:bd942a7bcbe33ba673b7fdec9b2ff2b747cb0d530af4522e5d003d78fb3f640b,2025-04-01,Tam O'Shanter-Sullivan (118),-79.29346258821549,43.78211963627784,0,0.4522166982838399,-0.4522166982838399
"Poisson (area, tuned)",2024-12-01,1.7703346781640914,sha256:bd942a7bcbe33ba673b7fdec9b2ff2b747cb0d530af4522e5d003d78fb3f640b,2025-04-01,Taylor-Massey (61),-79.29495186057909,43.692458919227406,0,0.9199261959152215,-0.9199261959152215
"Poisson (area, tuned)",2024-12-01,1.7703346781640914,sha256:bd942a7bcbe33ba673b7fdec9b2ff2b747cb0d530af4522e5d003d78fb3f640b,2025-04-01,The Beaches (63),-79.30297553719052,43.66875560841342,0,1.7738332502973098,-1.7738332502973098
"Poisson (area, tuned)",2024-12-01,1.7703346781640914,sha256:bd942a7bcbe33ba673b7fdec9b2ff2b747cb0d530af4522e5d003d78fb3f640b,2025-04-01,Thistletown-Beaumond Heights (3),-79.5659329290065,43.73754827301803,0,0.4327464585036987,-0.4327464585036987
"Poisson (area, tuned)",2024-12-01,1.7703346781640914,sha256:bd942a7bcbe33ba673b7fdec9b2ff2b747cb0d530af4522e5d003d78fb3f640b,2025-04-01,Thorncliffe Park (55),-79.35448121100222,43.71036836631147,0,1.0800408850412426,-1.0800408850412426
"Poisson (area, tuned)",2024-12-01,1.7703346781640914,sha256:bd942a7bcbe33ba673b7fdec9b2ff2b747cb0d530af4522e5d003d78fb3f640b,2025-04-01,Trinity-Bellwoods (81),-79.41373927922925,43.65087049509186,1,2.69344568328288,-1.6934456832828801
"Poisson (area, tuned)",2024-12-01,1.7703346781640914,sha256:bd942a7bcbe33ba673b7fdec9b2ff2b747cb0d530af4522e5d003d78fb3f640b,2025-04-01,University (79),-79.39982104056267,43.66254295263539,5,4.763108413527177,0.23689158647282316
"Poisson (area, tuned)",2024-12-01,1.7703346781640914,sha256:bd942a7bcbe33ba673b7fdec9b2ff2b747cb0d530af4522e5d003d78fb3f640b,2025-04-01,Victoria Village (43),-79.3128138518101,43.72684844443762,0,0.6290041878764873,-0.6290041878764873
"Poisson (area, tuned)",2024-12-01,1.7703346781640914,sha256:bd942a7bcbe33ba673b7fdec9b2ff2b747cb0d530af4522e5d003d78fb3f640b,2025-04-01,Waterfront Communities-The Island (77),-79.38919773860151,43.64473008383375,18,17.691476818119106,0.30852318188089356
"Poisson (area, tuned)",2024-12-01,1.7703346781640914,sha256:bd942a7bcbe33ba673b7fdec9b2ff2b747cb0d530af4522e5d003d78fb3f640b,2025-04-01,West Hill (136),-79.18284860837016,43.76769079627477,1,0.583745450734689,0.416254549265311
"Poisson (area, tuned)",2024-12-01,1.7703346781640914,sha256:bd942a7bcbe33ba673b7fdec9b2ff2b747cb0d530af4522e5d003d78fb3f640b,2025-04-01,West Humber-Clairville (1),-79.60420741329722,43.73006355433667,2,0.5664948826183265,1.4335051173816735
"Poisson (area, tuned)",2024-12-01,1.7703346781640914,sha256:bd942a7bcbe33ba673b7fdec9b2ff2b747cb0d530af4522e5d003d78fb3f640b,2025-04-01,Westminster-Branson (35),-79.44807552904417,43.781743102812335,0,0.6307720500054405,-0.6307720500054405
"Poisson (area, tuned)",2024-12-01,1.7703346781640914,sha256:bd942a7bcbe33ba673b7fdec9b2ff2b747cb0d530af4522e5d003d78fb3f640b,2025-04-01,Weston (113),-79.5165855480493,43.702833758307314,0,0.6377720301843082,-0.6377720301843082
"Poisson (area, tuned)",2024-12-01,1.7703346781640914,sha256:bd942a7bcbe33ba673b7fdec9b2ff2b747cb0d530af4522e5d003d78fb3f640b,2025-04-01,Weston-Pelham Park (91),-79.45875842314518,43.67071482937652,0,0.8575883804512794,-0.8575883804512794
"Poisson (area, tuned)",2024-12-01,1.7703346781640914,sha256:bd942a7bcbe33ba673b7fdec9b2ff2b747cb0d530af4522e5d003d78fb3f640b,2025-04-01,Wexford/Maryvale (119),-79.30050366891615,43.74264083383781,1,0.7116741269983087,0.2883258730016913
"Poisson (area, tuned)",2024-12-01,1.7703346781640914,sha256:bd942a7bcbe33ba673b7fdec9b2ff2b747cb0d530af4522e5d003d78fb3f640b,2025-04-01,Willowdale East (51),-79.410074781475,43.76524478810602,1,1.5415703252834594,-0.5415703252834594
"Poisson (area, tuned)",2024-12-01,1.7703346781640914,sha256:bd942a7bcbe33ba673b7fdec9b2ff2b747cb0d530af4522e5d003d78fb3f640b,2025-04-01,Willowdale West (37),-79.41563035776022,43.77061463226557,2,0.8385937059900451,1.161406294009955
"Poisson (area, tuned)",2024-12-01,1.7703346781640914,sha256:bd942a7bcbe33ba673b7fdec9b2ff2b747cb0d530af4522e5d003d78fb3f640b,2025-04-01,Willowridge-Martingrove-Richview (7),-79.55960317676033,43.68486812894035,0,0.4877645465842999,-0.4877645465842999
"Poisson (area, tuned)",2024-12-01,1.7703346781640914,sha256:bd942a7bcbe33ba673b7fdec9b2ff2b747cb0d530af4522e5d003d78fb3f640b,2025-04-01,Woburn (137),-79.22656387770975,43.76289989874722,0,0.49322130861883184,-0.49322130861883184
"Poisson (area, tuned)",2024-12-01,1.7703346781640914,sha256:bd942a7bcbe33ba673b7fdec9b2ff2b747cb0d530af4522e5d003d78fb3f640b,2025-04-01,Woodbine Corridor (64),-79.31407054230695,43.67581440173363,0,1.2584899661545077,-1.2584899661545077
"Poisson (area, tuned)",2024-12-01,1.7703346781640914,sha256:bd942a7bcbe33ba673b7fdec9b2ff2b747cb0d530af4522e5d003d78fb3f640b,2025-04-01,Woodbine-Lumsden (60),-79.31039264658962,43.69145821847367,0,0.8380696767380368,-0.8380696767380368
"Poisson (area, tuned)",2024-12-01,1.7703346781640914,sha256:bd942a7bcbe33ba673b7fdec9b2ff2b747cb0d530af4522e5d003d78fb3f640b,2025-04-01,Wychwood (94),-79.42710542937913,43.6784532168336,1,1.3665715875938385,-0.36657158759383845
"Poisson (area, tuned)",2024-12-01,1.7703346781640914,sha256:bd942a7bcbe33ba673b7fdec9b2ff2b747cb0d530af4522e5d003d78fb3f640b,2025-04-01,Yonge-Eglinton (100),-79.40102373824469,43.70674080495774,0,1.35627417116683,-1.35627417116683
"Poisson (area, tuned)",2024-12-01,1.7703346781640914,sha256:bd942a7bcbe33ba673b7fdec9b2ff2b747cb0d530af4522e5d003d78fb3f640b,2025-04-01,Yonge-St.Clair (97),-79.39834065134646,43.689263791751046,0,1.343782987262459,-1.343782987262459
"Poisson (area, tuned)",2024-12-01,1.7703346781640914,sha256:bd942a7bcbe33ba673b7fdec9b2ff2b747cb0d530af4522e5d003d78fb3f640b,2025-04-01,York University Heights (27),-79.49891755560928,43.76657476817609,1,0.9979956505447308,0.002004349455269172
"Poisson (area, tuned)",2024-12-01,1.7703346781640914,sha256:bd942a7bcbe33ba673b7fdec9b2ff2b747cb0d530af4522e5d003d78fb3f640b,2025-04-01,Yorkdale-Glen Park (31),-79.45130621630454,43.714348256200424,1,1.0847193505533448,-0.08471935055334479
"Poisson (area, tuned)",2024-12-01,1.7703346781640914,sha256:bd942a7bcbe33ba673b7fdec9b2ff2b747cb0d530af4522e5d003d78fb3f640b,2025-05-01,Agincourt North (129),-79.26928393506104,43.810980375100264,0,0.40799044197196394,-0.40799044197196394
"Poisson (area, tuned)",2024-12-01,1.7703346781640914,sha256:bd942a7bcbe33ba673b7fdec9b2ff2b747cb0d530af4522e5d003d78fb3f640b,2025-05-01,Agincourt South-Malvern West (128),-79.28002861084076,43.7889253690791,0,0.5034033665408988,-0.5034033665408988
"Poisson (area, tuned)",2024-12-01,1.7703346781640914,sha256:bd942a7bcbe33ba673b7fdec9b2ff2b747cb0d530af4522e5d003d78fb3f640b,2025-05-01,Alderwood (20),-79.54538918515296,43.6065751977772,1,0.6570553611219805,0.3429446388780195
"Poisson (area, tuned)",2024-12-01,1.7703346781640914,sha256:bd942a7bcbe33ba673b7fdec9b2ff2b747cb0d530af4522e5d003d78fb3f640b,2025-05-01,Annex (95),-79.40380913861458,43.670104609767606,6,7.29551856361041,-1.2955185636104103
"Poisson (area, tuned)",2024-12-01,1.7703346781640914,sha256:bd942a7bcbe33ba673b7fdec9b2ff2b747cb0d530af4522e5d003d78fb3f640b,2025-05-01,Banbury-Don Mills (42),-79.3409210158811,43.73511850435992,2,0.9922154886602239,1.007784511339776
"Poisson (area, tuned)",2024-12-01,1.7703346781640914,sha256:bd942a7bcbe33ba673b7fdec9b2ff2b747cb0d530af4522e5d003d78fb3f640b,2025-05-01,Bathurst Manor (34),-79.45175843487672,43.75609728872373,0,0.7779590164016439,-0.7779590164016439
"Poisson (area, tuned)",2024-12-01,1.7703346781640914,sha256:bd942a7bcbe33ba673b7fdec9b2ff2b747cb0d530af4522e5d003d78fb3f640b,2025-05-01,Bay Street Corridor (76),-79.38436854475557,43.65730879641258,24,17.811451465843273,6.188548534156727
"Poisson (area, tuned)",2024-12-01,1.7703346781640914,sha256:bd942a7bcbe33ba673b7fdec9b2ff2b747cb0d530af4522e5d003d78fb3f640b,2025-05-01,Bayview Village (52),-79.38403601743099,43.769051789694494,0,1.0273418322693475,-1.0273418322693475
"Poisson (area, tuned)",2024-12-01,1.7703346781640914,sha256:bd942a7bcbe33ba673b7fdec9b2ff2b747cb0d530af4522e5d003d78fb3f640b,2025-05-01,Bayview Woods-Steeles (49),-79.3743681512798,43.797822785562154,0,0.5339403530834105,-0.5339403530834105
"Poisson (area, tuned)",2024-12-01,1.7703346781640914,sha256:bd942a7bcbe33ba673b7fdec9b2ff2b747cb0d530af4522e5d003d78fb3f640b,2025-05-01,Bedford Park-Nortown (39),-79.42125788351791,43.72757981721193,0,1.1682672434696175,-1.1682672434696175
"Poisson (area, tuned)",2024-12-01,1.7703346781640914,sha256:bd942a7bcbe33ba673b7fdec9b2ff2b747cb0d530af4522e5d003d78fb3f640b,2025-05-01,Beechborough-Greenbrook (112),-79.4744663865561,43.691508083029944,1,0.7981828476499438,0.20181715235005615
"Poisson (area, tuned)",2024-12-01,1.7703346781640914,sha256:bd942a7bcbe33ba673b7fdec9b2ff2b747cb0d530af4522e5d003d78fb3f640b,2025-05-01,Bendale (127),-79.26046315357324,43.76293076745831,0,0.6185660054736878,-0.6185660054736878
"Poisson (area, tuned)",2024-12-01,1.7703346781640914,sha256:bd942a7bcbe33ba673b7fdec9b2ff2b747cb0d530af4522e5d003d78fb3f640b,2025-05-01,Birchcliffe-Cliffside (122),-79.27062357025366,43.69131003372983,0,0.9936683875410655,-0.9936683875410655
"Poisson (area, tuned)",2024-12-01,1.7703346781640914,sha256:bd942a7bcbe33ba673b7fdec9b2ff2b747cb0d530af4522e5d003d78fb3f640b,2025-05-01,Black Creek (24),-79.51869671361172,43.76523138519309,1,0.64539454165508,0.35460545834491997
"Poisson (area, tuned)",2024-12-01,1.7703346781640914,sha256:bd942a7bcbe33ba673b7fdec9b2ff2b747cb0d530af4522e5d003d78fb3f640b,2025-05-01,Blake-Jones (69),-79.3394451105104,43.67664416992363,0,1.5818270900810452,-1.5818270900810452
"Poisson (area, tuned)",2024-12-01,1.7703346781640914,sha256:bd942a7bcbe33ba673b7fdec9b2ff2b747cb0d530af4522e5d003d78fb3f640b,2025-05-01,Briar Hill-Belgravia (108),-79.445578280552,43.699313061287725,4,1.153102120864996,2.846897879135004
"Poisson (area, tuned)",2024-12-01,1.7703346781640914,sha256:bd942a7bcbe33ba673b7fdec9b2ff2b747cb0d530af4522e5d003d78fb3f640b,2025-05-01,Bridle Path-Sunnybrook-York Mills (41),-79.38366396163413,43.72516179918022,0,1.0871806757468576,-1.0871806757468576
"Poisson (area, tuned)",2024-12-01,1.7703346781640914,sha256:bd942a7bcbe33ba673b7fdec9b2ff2b747cb0d530af4522e5d003d78fb3f640b,2025-05-01,Broadview North (57),-79.35364911130229,43.683932870884654,0,1.5970043173959856,-1.5970043173959856
"Poisson (area, tuned)",2024-12-01,1.7703346781640914,sha256:bd942a7bcbe33ba673b7fdec9b2ff2b747cb0d530af4522e5d003d78fb3f640b,2025-05-01,Brookhaven-Amesbury (30),-79.49015206607174,43.69942696476651,1,0.7914648115602998,0.2085351884397002
"Poisson (area, tuned)",2024-12-01,1.7703346781640914,sha256:bd942a7bcbe33ba673b7fdec9b2ff2b747cb0d530af4522e5d003d78fb3f640b,2025-05-01,Cabbagetown-South St.James Town (71),-79.36975340775743,43.66521290431659,1,3.5013130010935756,-2.5013130010935756
"Poisson (area, tuned)",2024-12-01,1.7703346781640914,sha256:bd942a7bcbe33ba673b7fdec9b2ff2b747cb0d530af4522e5d003d78fb3f640b,2025-05-01,Caledonia-Fairbank (109),-79.4517849962554,43.690036179158305,0,0.9893761200655785,-0.9893761200655785
"Poisson (area, tuned)",2024-12-01,1.7703346781640914,sha256:bd942a7bcbe33ba673b7fdec9b2ff2b747cb0d530af4522e5d003d78fb3f640b,2025-05-01,Casa Loma (96),-79.40864864037756,43.67955392863041,1,1.6552170324175792,-0.6552170324175792
"Poisson (area, tuned)",2024-12-01,1.7703346781640914,sha256:bd942a7bcbe33ba673b7fdec9b2ff2b747cb0d530af4522e5d003d78fb3f640b,2025-05-01,Centennial Scarborough (133),-79.15053423026679,43.780757885389185,0,0.4950960636798609,-0.4950960636798609
"Poisson (area, tuned)",2024-12-01,1.7703346781640914,sha256:bd942a7bcbe33ba673b7fdec9b2ff2b747cb0d530af4522e5d003d78fb3f640b,2025-05-01,Church-Yonge Corridor (75),-79.37956284727365,43.66018909929288,15,16.103066203558992,-1.103066203558992
"Poisson (area, tuned)",2024-12-01,1.7703346781640914,sha256:bd942a7bcbe33ba673b7fdec9b2ff2b747cb0d530af4522e5d003d78fb3f640b,2025-05-01,Clairlea-Birchmount (120),-79.28672506823307,43.709414591668256,1,0.9933152481737217,0.006684751826278257
"Poisson (area, tuned)",2024-12-01,1.7703346781640914,sha256:bd942a7bcbe33ba673b7fdec9b2ff2b747cb0d530af4522e5d003d78fb3f640b,2025-05-01,Clanton Park (33),-79.44643447690169,43.74149776462126,1,0.931170504436006,0.06882949556399398
"Poisson (area, tuned)",2024-12-01,1.7703346781640914,sha256:bd942a7bcbe33ba673b7fdec9b2ff2b747cb0d530af4522e5d003d78fb3f640b,2025-05-01,Cliffcrest (123),-79.23329029919245,43.72191819765982,0,0.5748958128403147,-0.5748958128403147
"Poisson (area, tuned)",2024-12-01,1.7703346781640914,sha256:bd942a7bcbe33ba673b7fdec9b2ff2b747cb0d530af4522e5d003d78fb3f640b,2025-05-01,Corso Italia-Davenport (92),-79.4427553703874,43.67658111935704,1,1.3179982570679332,-0.31799825706793317
"Poisson (area, tuned)",2024-12-01,1.7703346781640914,sha256:bd942a7bcbe33ba673b7fdec9b2ff2b747cb0d530af4522e5d003d78fb3f640b,2025-05-01,Danforth (66),-79.33065782618279,43.682847803276616,0,1.9688897730113777,-1.9688897730113777
"Poisson (area, tuned)",2024-12-01,1.7703346781640914,sha256:bd942a7bcbe33ba673b7fdec9b2ff2b747cb0d530af4522e5d003d78fb3f640b,2025-05-01,Danforth East York (59),-79.3313092800722,43.69082681262244,0,1.3907906786477262,-1.3907906786477262
"Poisson (area, tuned)",2024-12-01,1.7703346781640914,sha256:bd942a7bcbe33ba673b7fdec9b2ff2b747cb0d530af4522e5d003d78fb3f640b,2025-05-01,Don Valley Village (47),-79.35240298959988,43.77988611135725,1,0.6833085727056497,0.3166914272943503
"Poisson (area, tuned)",2024-12-01,1.7703346781640914,sha256:bd942a7bcbe33ba673b7fdec9b2ff2b747cb0d530af4522e5d003d78fb3f640b,2025-05-01,Dorset Park (126),-79.28077525994308,43.75528945083431,0,0.6373024463122529,-0.6373024463122529
"Poisson (area, tuned)",2024-12-01,1.7703346781640914,sha256:bd942a7bcbe33ba673b7fdec9b2ff2b747cb0d530af4522e5d003d78fb3f640b,2025-05-01,Dovercourt-Wallace Emerson-Junction (93),-79.43778332382438,43.66463002065643,8,4.829601250204504,3.1703987497954964
"Poisson (area, tuned)",2024-12-01,1.7703346781640914,sha256:bd942a7bcbe33ba673b7fdec9b2ff2b747cb0d530af4522e5d003d78fb3f640b,2025-05-01,Downsview-Roding-CFB (26),-79.4835940990325,43.727986861303435,0,1.0458792962340986,-1.0458792962340986
"Poisson (area, tuned)",2024-12-01,1.7703346781640914,sha256:bd942a7bcbe33ba673b7fdec9b2ff2b747cb0d530af4522e5d003d78fb3f640b,2025-05-01,Dufferin Grove (83),-79.4370618209781,43.65521640563446,3,2.48707419854117,0.51292580145883
"Poisson (area, tuned)",2024-12-01,1.7703346781640914,sha256:bd942a7bcbe33ba673b7fdec9b2ff2b747cb0d530af4522e5d003d78fb3f640b,2025-05-01,East End-Danforth (62),-79.30055625233094,43.68572312555001,0,2.3158462525102936,-2.3158462525102936
"Poisson (area, tuned)",2024-12-01,1.7703346781640914,sha256:bd942a7bcbe33ba673b7fdec9b2ff2b747cb0d530af4522e5d003d78fb3f640b,2025-05-01,Edenbridge-Humber Valley (9),-79.52023309003076,43.66557816852869,0,0.7181184159830997,-0.7181184159830997
"Poisson (area, tuned)",2024-12-01,1.7703346781640914,sha256:bd942a7bcbe33ba673b7fdec9b2ff2b747cb0d530af4522e5d003d78fb3f640b,2025-05-01,Eglinton East (138),-79.24473615792672,43.73991827916189,1,0.5917112452025504,0.40828875479744964
"Poisson (area, tuned)",2024-12-01,1.7703346781640914,sha256:bd942a7bcbe33ba673b7fdec9b2ff2b747cb0d530af4522e5d003d78fb3f640b,2025-05-01,Elms-Old Rexdale (5),-79.55208772185198,43.71927285915033,0,0.5766921746601343,-0.5766921746601343
"Poisson (area, tuned)",2024-12-01,1.7703346781640914,sha256:bd942a7bcbe33ba673b7fdec9b2ff2b747cb0d530af4522e5d003d78fb3f640b,2025-05-01,Englemount-Lawrence (32),-79.43712596977969,43.7204676607881,1,1.2529115173659202,-0.2529115173659202
"Poisson (area, tuned)",2024-12-01,1.7703346781640914,sha256:bd942a7bcbe33ba673b7fdec9b2ff2b747cb0d530af4522e5d003d78fb3f640b,2025-05-01,Eringate-Centennial-West Deane (11),-79.57787073233334,43.65860025717794,0,0.5761006721196661,-0.5761006721196661
"Poisson (area, tuned)",2024-12-01,1.7703346781640914,sha256:bd942a7bcbe33ba673b7fdec9b2ff2b747cb0d530af4522e5d003d78fb3f640b,2025-05-01,Etobicoke West Mall (13),-79.5678030787646,43.64190931147644,0,0.6035918806185196,-0.6035918806185196
"Poisson (area, tuned)",2024-12-01,1.7703346781640914,sha256:bd942a7bcbe33ba673b7fdec9b2ff2b747cb0d530af4522e5d003d78fb3f640b,2025-05-01,Flemingdon Park (44),-79.33198682919883,43.71530756444098,1,1.0556469387027658,-0.055646938702765825
"Poisson (area, tuned)",2024-12-01,1.7703346781640914,sha256:bd942a7bcbe33ba673b7fdec9b2ff2b747cb0d530af4522e5d003d78fb3f640b,2025-05-01,Forest Hill North (102),-79.43346069412912,43.70194436532484,0,1.3758998000048381,-1.3758998000048381
"Poisson (area, tuned)",2024-12-01,1.7703346781640914,sha256:bd942a7bcbe33ba673b7fdec9b2ff2b747cb0d530af4522e5d003d78fb3f640b,2025-05-01,Forest Hill South (101),-79.41299883590433,43.6890600119443,0,1.4983064063839093,-1.4983064063839093
"Poisson (area, tuned)",2024-12-01,1.7703346781640914,sha256:bd942a7bcbe33ba673b7fdec9b2ff2b747cb0d530af4522e5d003d78fb3f640b,2025-05-01,Glenfield-Jane Heights (25),-79.50908241975385,43.74806287596809,0,0.7795360628912137,-0.7795360628912137
"Poisson (area, tuned)",2024-12-01,1.7703346781640914,sha256:bd942a7bcbe33ba673b7fdec9b2ff2b747cb0d530af4522e5d003d78fb3f640b,2025-05-01,Greenwood-Coxwell (65),-79.32392461588157,43.67182578504262,0,2.2572559936587133,-2.2572559936587133
"Poisson (area, tuned)",2024-12-01,1.7703346781640914,sha256:bd942a7bcbe33ba673b7fdec9b2ff2b747cb0d530af4522e5d003d78fb3f640b,2025-05-01,Guildwood (140),-79.1987335919193,43.747914590059,0,0.4798987342883699,-0.4798987342883699
"Poisson (area, tuned)",2024-12-01,1.7703346781640914,sha256:bd942a7bcbe33ba673b7fdec9b2ff2b747cb0d530af4522e5d003d78fb3f640b,2025-05-01,Henry Farm (53),-79.34642185767248,43.76957681680956,1,0.7097488623240701,0.2902511376759299
"Poisson (area, tuned)",2024-12-01,1.7703346781640914,sha256:bd942a7bcbe33ba673b7fdec9b2ff2b747cb0d530af4522e5d003d78fb3f640b,2025-05-01,High Park North (88),-79.4652298180643,43.65722103912335,6,2.401336901826599,3.598663098173401
"Poisson (area, tuned)",2024-12-01,1.7703346781640914,sha256:bd942a7bcbe33ba673b7fdec9b2ff2b747cb0d530af4522e5d003d78fb3f640b,2025-05-01,High Park-Swansea (87),-79.4648159122912,43.64453199862067,4,1.7598151983301684,2.2401848016698316
"Poisson (area, tuned)",2024-12-01,1.7703346781640914,sha256:bd942a7bcbe33ba673b7fdec9b2ff2b747cb0d530af4522e5d003d78fb3f640b,2025-05-01,Highland Creek (134),-79.18452149622338,43.786273991320705,0,0.5059542840615379,-0.5059542840615379
"Poisson (area, tuned)",2024-12-01,1.7703346781640914,sha256:bd942a7bcbe33ba673b7fdec9b2ff2b747cb0d530af4522e5d003d78fb3f640b,2025-05-01,Hillcrest Village (48),-79.35806283641195,43.79960270136573,1,0.5547641984956047,0.44523580150439535
"Poisson (area, tuned)",2024-12-01,1.7703346781640914,sha256:bd942a7bcbe33ba673b7fdec9b2ff2b747cb0d530af4522e5d003d78fb3f640b,2025-05-01,Humber Heights-Westmount (8),-79.51864457298561,43.69564007439048,0,0.6412655608802645,-0.6412655608802645
"Poisson (area, tuned)",2024-12-01,1.7703346781640914,sha256:bd942a7bcbe33ba673b7fdec9b2ff2b747cb0d530af4522e5d003d78fb3f640b,2025-05-01,Humber Summit (21),-79.56057763521508,43.75362439798188,0,0.5747795433296379,-0.5747795433296379
"Poisson (area, tuned)",2024-12-01,1.7703346781640914,sha256:bd942a7bcbe33ba673b7fdec9b2ff2b747cb0d530af4522e5d003d78fb3f640b,2025-05-01,Humbermede (22),-79.54521679307662,43.74787608113298,0,0.5632518933138869,-0.5632518933138869
"Poisson (area, tuned)",2024-12-01,1.7703346781640914,sha256:bd942a7bcbe33ba673b7fdec9b2ff2b747cb0d530af4522e5d003d78fb3f640b,2025-05-01,Humewood-Cedarvale (106),-79.42603840921164,43.68908389632168,0,1.7784385148740582,-1.7784385148740582
"Poisson (area, tuned)",2024-12-01,1.7703346781640914,sha256:bd942a7bcbe33ba673b7fdec9b2ff2b747cb0d530af4522e5d003d78fb3f640b,2025-05-01,Ionview (125),-79.2682783103958,43.73299077700163,0,0.5910109979070031,-0.5910109979070031
"Poisson (area, tuned)",2024-12-01,1.7703346781640914,sha256:bd942a7bcbe33ba673b7fdec9b2ff2b747cb0d530af4522e5d003d78fb3f640b,2025-05-01,Islington-City Centre West (14),-79.53678079261083,43.641361915813675,1,1.1764413060460377,-0.1764413060460377
"Poisson (area, tuned)",2024-12-01,1.7703346781640914,sha256:bd942a7bcbe33ba673b7fdec9b2ff2b747cb0d530af4522e5d003d78fb3f640b,2025-05-01,Junction Area (90),-79.46892477498491,43.6655394100211,1,1.477585250291058,-0.47758525029105803
"Poisson (area, tuned)",2024-12-01,1.7703346781640914,sha256:bd942a7bcbe33ba673b7fdec9b2ff2b747cb0d530af4522e5d003d78fb3f640b,2025-05-01,Keelesdale-Eglinton West (110),-79.47055790633043,43.68391780141048,0,0.8876193275076343,-0.8876193275076343
"Poisson (area, tuned)",2024-12-01,1.7703346781640914,sha256:bd942a7bcbe33ba673b7fdec9b2ff2b747cb0d530af4522e5d003d78fb3f640b,2025-05-01,Kennedy Park (124),-79.25874986465229,43.728410786674374,1,0.6697660327078995,0.3302339672921005
"Poisson (area, tuned)",2024-12-01,1.7703346781640914,sha256:bd942a7bcbe33ba673b7fdec9b2ff2b747cb0d530af4522e5d003d78fb3f640b,2025-05-01,Kensington-Chinatown (78),-79.3967980354919,43.65388049459246,17,7.157848754591212,9.842151245408788
"Poisson (area, tuned)",2024-12-01,1.7703346781640914,sha256:bd942a7bcbe33ba673b7fdec9b2ff2b747cb0d530af4522e5d003d78fb3f640b,2025-05-01,Kingsview Village-The Westway (6),-79.54911503533694,43.69584358136977,0,0.6144711148193033,-0.6144711148193033
"Poisson (area, tuned)",2024-12-01,1.7703346781640914,sha256:bd942a7bcbe33ba673b7fdec9b2ff2b747cb0d530af4522e5d003d78fb3f640b,2025-05-01,Kingsway South (15),-79.51086459422443,43.65032283055947,0,0.8849125552517925,-0.8849125552517925
"Poisson (area, tuned)",2024-12-01,1.7703346781640914,sha256:bd942a7bcbe33ba673b7fdec9b2ff2b747cb0d530af4522e5d003d78fb3f640b,2025-05-01,L'Amoreaux (117),-79.3201008921114,43.79636378659849,4,0.5839533394608556,3.4160466605391444
"Poisson (area, tuned)",2024-12-01,1.7703346781640914,sha256:bd942a7bcbe33ba673b7fdec9b2ff2b747cb0d530af4522e5d003d78fb3f640b,2025-05-01,Lambton Baby Point (114),-79.49452130561747,43.65593529844182,0,0.8586565401583779,-0.8586565401583779
"Poisson (area, tuned)",2024-12-01,1.7703346781640914,sha256:bd942a7bcbe33ba673b7fdec9b2ff2b747cb0d530af4522e5d003d78fb3f640b,2025-05-01,Lansing-Westgate (38),-79.41222964417364,43.761840287387486,1,0.8648291026539827,0.13517089734601728
"Poisson (area, tuned)",2024-12-01,1.7703346781640914,sha256:bd942a7bcbe33ba673b7fdec9b2ff2b747cb0d530af4522e5d003d78fb3f640b,2025-05-01,Lawrence Park North (105),-79.40643053379212,43.72768097403552,1,1.3039526552633487,-0.3039526552633487
"Poisson (area, tuned)",2024-12-01,1.7703346781640914,sha256:bd942a7bcbe33ba673b7fdec9b2ff2b747cb0d530af4522e5d003d78fb3f640b,2025-05-01,Lawrence Park South (103),-79.41020212544387,43.72248127246825,0,1.3087663218721683,-1.3087663218721683
"Poisson (area, tuned)",2024-12-01,1.7703346781640914,sha256:bd942a7bcbe33ba673b7fdec9b2ff2b747cb0d530af4522e5d003d78fb3f640b,2025-05-01,Leaside-Bennington (56),-79.36756549485442,43.70630335329757,0,1.8711727397156441,-1.8711727397156441
"Poisson (area, tuned)",2024-12-01,1.7703346781640914,sha256:bd942a7bcbe33ba673b7fdec9b2ff2b747cb0d530af4522e5d003d78fb3f640b,2025-05-01,Little Portugal (84),-79.42637552454019,43.64409148964972,2,2.872286299956798,-0.872286299956798
"Poisson (area, tuned)",2024-12-01,1.7703346781640914,sha256:bd942a7bcbe33ba673b7fdec9b2ff2b747cb0d530af4522e5d003d78fb3f640b,2025-05-01,Long Branch (19),-79.53237502113143,43.591006620404656,0,0.9381123926689815,-0.9381123926689815
"Poisson (area, tuned)",2024-12-01,1.7703346781640914,sha256:bd942a7bcbe33ba673b7fdec9b2ff2b747cb0d530af4522e5d003d78fb3f640b,2025-05-01,Malvern (132),-79.22095167470565,43.80455499438271,4,0.5016993230594279,3.498300676940572
"Poisson (area, tuned)",2024-12-01,1.7703346781640914,sha256:bd942a7bcbe33ba673b7fdec9b2ff2b747cb0d530af4522e5d003d78fb3f640b,2025-05-01,Maple Leaf (29),-79.4843756407544,43.718225646439535,0,0.6856327358696084,-0.6856327358696084
"Poisson (area, tuned)",2024-12-01,1.7703346781640914,sha256:bd942a7bcbe33ba673b7fdec9b2ff2b747cb0d530af4522e5d003d78fb3f640b,2025-05-01,Markland Wood (12),-79.57650734129277,43.633689780366026,0,0.6521883031440385,-0.6521883031440385
"Poisson (area, tuned)",2024-12-01,1.7703346781640914,sha256:bd942a7bcbe33ba673b7fdec9b2ff2b747cb0d530af4522e5d003d78fb3f640b,2025-05-01,Milliken (130),-79.28878321264463,43.82084812422136,0,0.41041901322833785,-0.41041901322833785
"Poisson (area, tuned)",2024-12-01,1.7703346781640914,sha256:bd942a7bcbe33ba673b7fdec9b2ff2b747cb0d530af4522e5d003d78fb3f640b,2025-05-01,Mimico (includes Humber Bay Shores) (17),-79.48568571369577,43.62094188018773,1,2.4522325043348756,-1.4522325043348756
"Poisson (area, tuned)",2024-12-01,1.7703346781640914,sha256:bd942a7bcbe33ba673b7fdec9b2ff2b747cb0d530af4522e5d003d78fb3f640b,2025-05-01,Morningside (135),-79.20335964084892,43.78544794442794,0,0.42893202108871764,-0.42893202108871764
"Poisson (area, tuned)",2024-12-01,1.7703346781640914,sha256:bd942a7bcbe33ba673b7fdec9b2ff2b747cb0d530af4522e5d003d78fb3f640b,2025-05-01,Moss Park (73),-79.36913295325593,43.65425609335975,8,6.494513564205586,1.5054864357944142
"Poisson (area, tuned)",2024-12-01,1.7703346781640914,sha256:bd942a7bcbe33ba673b7fdec9b2ff2b747cb0d530af4522e5d003d78fb3f640b,2025-05-01,Mount Dennis (115),-79.48946593742998,43.68565859464735,0,0.7862579310611406,-0.7862579310611406
"Poisson (area, tuned)",2024-12-01,1.7703346781640914,sha256:bd942a7bcbe33ba673b7fdec9b2ff2b747cb0d530af4522e5d003d78fb3f640b,2025-05-01,Mount Olive-Silverstone-Jamestown (2),-79.58577617904946,43.74325917379369,0,0.6521455487080912,-0.6521455487080912
"Poisson (area, tuned)",2024-12-01,1.7703346781640914,sha256:bd942a7bcbe33ba673b7fdec9b2ff2b747cb0d530af4522e5d003d78fb3f640b,2025-05-01,Mount Pleasant East (99),-79.38525136980005,43.70699758566823,1,1.7197412787623167,-0.7197412787623167
"Poisson (area, tuned)",2024-12-01,1.7703346781640914,sha256:bd942a7bcbe33ba673b7fdec9b2ff2b747cb0d530af4522e5d003d78fb3f640b,2025-05-01,Mount Pleasant West (104),-79.39441924813381,43.705281018271585,0,3.195236588886908,-3.195236588886908
"Poisson (area, tuned)",2024-12-01,1.7703346781640914,sha256:bd942a7bcbe33ba673b7fdec9b2ff2b747cb0d530af4522e5d003d78fb3f640b,2025-05-01,NSA,NA,NA,0,0.7145672679479107,-0.7145672679479107
"Poisson (area, tuned)",2024-12-01,1.7703346781640914,sha256:bd942a7bcbe33ba673b7fdec9b2ff2b747cb0d530af4522e5d003d78fb3f640b,2025-05-01,New Toronto (18),-79.50819536860408,43.60067938873378,1,0.9561988550221006,0.04380114497789944
"Poisson (area, tuned)",2024-12-01,1.7703346781640914,sha256:bd942a7bcbe33ba673b7fdec9b2ff2b747cb0d530af4522e5d003d78fb3f640b,2025-05-01,Newtonbrook East (50),-79.4155662486542,43.782773804672864,0,0.7448868705885162,-0.7448868705885162
"Poisson (area, tuned)",2024-12-01,1.7703346781640914,sha256:bd942a7bcbe33ba673b7fdec9b2ff2b747cb0d530af4522e5d003d78fb3f640b,2025-05-01,Newtonbrook West (36),-79.42082573006313,43.78444945871987,3,1.0529395588940365,1.9470604411059635
"Poisson (area, tuned)",2024-12-01,1.7703346781640914,sha256:bd942a7bcbe33ba673b7fdec9b2ff2b747cb0d530af4522e5d003d78fb3f640b,2025-05-01,Niagara (82),-79.40825413058062,43.639170480800686,6,7.368188781410434,-1.368188781410434
"Poisson (area, tuned)",2024-12-01,1.7703346781640914,sha256:bd942a7bcbe33ba673b7fdec9b2ff2b747cb0d530af4522e5d003d78fb3f640b,2025-05-01,North Riverdale (68),-79.34942497640164,43.67320424441098,6,2.1896371022783074,3.8103628977216926
"Poisson (area, tuned)",2024-12-01,1.7703346781640914,sha256:bd942a7bcbe33ba673b7fdec9b2ff2b747cb0d530af4522e5d003d78fb3f640b,2025-05-01,North St.James Town (74),-79.37622315570079,43.66924040879271,0,3.1546098770663495,-3.1546098770663495
"Poisson (area, tuned)",2024-12-01,1.7703346781640914,sha256:bd942a7bcbe33ba673b7fdec9b2ff2b747cb0d530af4522e5d003d78fb3f640b,2025-05-01,O'Connor-Parkview (54),-79.30295705711893,43.707394189060395,0,0.9924389193412885,-0.9924389193412885
"Poisson (area, tuned)",2024-12-01,1.7703346781640914,sha256:bd942a7bcbe33ba673b7fdec9b2ff2b747cb0d530af4522e5d003d78fb3f640b,2025-05-01,Oakridge (121),-79.28580476562132,43.69338422103418,0,0.9903117263806088,-0.9903117263806088
"Poisson (area, tuned)",2024-12-01,1.7703346781640914,sha256:bd942a7bcbe33ba673b7fdec9b2ff2b747cb0d530af4522e5d003d78fb3f640b,2025-05-01,Oakwood Village (107),-79.43992214652974,43.693163772618576,2,1.3423950251576982,0.6576049748423018
"Poisson (area, tuned)",2024-12-01,1.7703346781640914,sha256:bd942a7bcbe33ba673b7fdec9b2ff2b747cb0d530af4522e5d003d78fb3f640b,2025-05-01,Old East York (58),-79.33971322725657,43.69468655917457,0,1.1854318385456963,-1.1854318385456963
"Poisson (area, tuned)",2024-12-01,1.7703346781640914,sha256:bd942a7bcbe33ba673b7fdec9b2ff2b747cb0d530af4522e5d003d78fb3f640b,2025-05-01,Palmerston-Little Italy (80),-79.41607073008583,43.65977590713319,3,3.0944068600179198,-0.09440686001791976
"Poisson (area, tuned)",2024-12-01,1.7703346781640914,sha256:bd942a7bcbe33ba673b7fdec9b2ff2b747cb0d530af4522e5d003d78fb3f640b,2025-05-01,Parkwoods-Donalda (45),-79.32857716506125,43.75401452181123,1,0.7841179185040386,0.21588208149596144
"Poisson (area, tuned)",2024-12-01,1.7703346781640914,sha256:bd942a7bcbe33ba673b7fdec9b2ff2b747cb0d530af4522e5d003d78fb3f640b,2025-05-01,Pelmo Park-Humberlea (23),-79.53452633259599,43.71053804014776,0,0.5984372214405314,-0.5984372214405314
"Poisson (area, tuned)",2024-12-01,1.7703346781640914,sha256:bd942a7bcbe33ba673b7fdec9b2ff2b747cb0d530af4522e5d003d78fb3f640b,2025-05-01,Playter Estates-Danforth (67),-79.35537498775473,43.678037843577414,1,1.8153801684967121,-0.8153801684967121
"Poisson (area, tuned)",2024-12-01,1.7703346781640914,sha256:bd942a7bcbe33ba673b7fdec9b2ff2b747cb0d530af4522e5d003d78fb3f640b,2025-05-01,Pleasant View (46),-79.33169496448295,43.78880674789264,1,0.543984263034248,0.45601573696575204
"Poisson (area, tuned)",2024-12-01,1.7703346781640914,sha256:bd942a7bcbe33ba673b7fdec9b2ff2b747cb0d530af4522e5d003d78fb3f640b,2025-05-01,Princess-Rosethorn (10),-79.54278218831497,43.6664342839495,1,0.6293176510021068,0.3706823489978932
"Poisson (area, tuned)",2024-12-01,1.7703346781640914,sha256:bd942a7bcbe33ba673b7fdec9b2ff2b747cb0d530af4522e5d003d78fb3f640b,2025-05-01,Regent Park (72),-79.36178286088128,43.65943439853815,2,2.4185330156048632,-0.4185330156048632
"Poisson (area, tuned)",2024-12-01,1.7703346781640914,sha256:bd942a7bcbe33ba673b7fdec9b2ff2b747cb0d530af4522e5d003d78fb3f640b,2025-05-01,Rexdale-Kipling (4),-79.56943957685264,43.726549256380395,0,0.5368454669896361,-0.5368454669896361
"Poisson (area, tuned)",2024-12-01,1.7703346781640914,sha256:bd942a7bcbe33ba673b7fdec9b2ff2b747cb0d530af4522e5d003d78fb3f640b,2025-05-01,Rockcliffe-Smythe (111),-79.49193279998173,43.67234248080122,0,0.9306142719847768,-0.9306142719847768
"Poisson (area, tuned)",2024-12-01,1.7703346781640914,sha256:bd942a7bcbe33ba673b7fdec9b2ff2b747cb0d530af4522e5d003d78fb3f640b,2025-05-01,Roncesvalles (86),-79.44277811907274,43.64370439603947,1,2.4477627529988695,-1.4477627529988695
"Poisson (area, tuned)",2024-12-01,1.7703346781640914,sha256:bd942a7bcbe33ba673b7fdec9b2ff2b747cb0d530af4522e5d003d78fb3f640b,2025-05-01,Rosedale-Moore Park (98),-79.38462305095243,43.67502671420579,4,3.9445203162822624,0.05547968371773759
"Poisson (area, tuned)",2024-12-01,1.7703346781640914,sha256:bd942a7bcbe33ba673b7fdec9b2ff2b747cb0d530af4522e5d003d78fb3f640b,2025-05-01,Rouge (131),-79.13309434834144,43.78938806538385,1,0.6395215331362977,0.36047846686370233
"Poisson (area, tuned)",2024-12-01,1.7703346781640914,sha256:bd942a7bcbe33ba673b7fdec9b2ff2b747cb0d530af4522e5d003d78fb3f640b,2025-05-01,Runnymede-Bloor West Village (89),-79.48480851655415,43.65975616827931,1,1.0944438670132948,-0.09444386701329477
"Poisson (area, tuned)",2024-12-01,1.7703346781640914,sha256:bd942a7bcbe33ba673b7fdec9b2ff2b747cb0d530af4522e5d003d78fb3f640b,2025-05-01,Rustic (28),-79.50024894268427,43.70839284643953,1,0.6627099643348341,0.3372900356651659
"Poisson (area, tuned)",2024-12-01,1.7703346781640914,sha256:bd942a7bcbe33ba673b7fdec9b2ff2b747cb0d530af4522e5d003d78fb3f640b,2025-05-01,Scarborough Village (139),-79.22121647737255,43.74178808353859,0,0.5290528623479058,-0.5290528623479058
"Poisson (area, tuned)",2024-12-01,1.7703346781640914,sha256:bd942a7bcbe33ba673b7fdec9b2ff2b747cb0d530af4522e5d003d78fb3f640b,2025-05-01,South Parkdale (85),-79.43087572304012,43.63836538756867,0,2.466327476354794,-2.466327476354794
"Poisson (area, tuned)",2024-12-01,1.7703346781640914,sha256:bd942a7bcbe33ba673b7fdec9b2ff2b747cb0d530af4522e5d003d78fb3f640b,2025-05-01,South Riverdale (70),-79.34033408773206,43.66227352160024,2,5.485404821269993,-3.4854048212699933
"Poisson (area, tuned)",2024-12-01,1.7703346781640914,sha256:bd942a7bcbe33ba673b7fdec9b2ff2b747cb0d530af4522e5d003d78fb3f640b,2025-05-01,St.Andrew-Windfields (40),-79.39807496057622,43.75295000125709,0,0.9387556102484993,-0.9387556102484993
"Poisson (area, tuned)",2024-12-01,1.7703346781640914,sha256:bd942a7bcbe33ba673b7fdec9b2ff2b747cb0d530af4522e5d003d78fb3f640b,2025-05-01,Steeles (116),-79.32254019689177,43.815065444286134,0,0.43365271281211853,-0.43365271281211853
"Poisson (area, tuned)",2024-12-01,1.7703346781640914,sha256:bd942a7bcbe33ba673b7fdec9b2ff2b747cb0d530af4522e5d003d78fb3f640b,2025-05-01,Stonegate-Queensway (16),-79.50687874894817,43.63678476785418,1,0.9242558944399559,0.07574410556004407
"Poisson (area, tuned)",2024-12-01,1.7703346781640914,sha256:bd942a7bcbe33ba673b7fdec9b2ff2b747cb0d530af4522e5d003d78fb3f640b,2025-05-01,Tam O'Shanter-Sullivan (118),-79.29346258821549,43.78211963627784,1,0.5639331262378839,0.43606687376211606
"Poisson (area, tuned)",2024-12-01,1.7703346781640914,sha256:bd942a7bcbe33ba673b7fdec9b2ff2b747cb0d530af4522e5d003d78fb3f640b,2025-05-01,Taylor-Massey (61),-79.29495186057909,43.692458919227406,0,1.1471864208892562,-1.1471864208892562
"Poisson (area, tuned)",2024-12-01,1.7703346781640914,sha256:bd942a7bcbe33ba673b7fdec9b2ff2b747cb0d530af4522e5d003d78fb3f640b,2025-05-01,The Beaches (63),-79.30297553719052,43.66875560841342,1,2.212044212566875,-1.212044212566875
"Poisson (area, tuned)",2024-12-01,1.7703346781640914,sha256:bd942a7bcbe33ba673b7fdec9b2ff2b747cb0d530af4522e5d003d78fb3f640b,2025-05-01,Thistletown-Beaumond Heights (3),-79.5659329290065,43.73754827301803,0,0.5396529233407222,-0.5396529233407222
"Poisson (area, tuned)",2024-12-01,1.7703346781640914,sha256:bd942a7bcbe33ba673b7fdec9b2ff2b747cb0d530af4522e5d003d78fb3f640b,2025-05-01,Thorncliffe Park (55),-79.35448121100222,43.71036836631147,0,1.3468561313137253,-1.3468561313137253
"Poisson (area, tuned)",2024-12-01,1.7703346781640914,sha256:bd942a7bcbe33ba673b7fdec9b2ff2b747cb0d530af4522e5d003d78fb3f640b,2025-05-01,Trinity-Bellwoods (81),-79.41373927922925,43.65087049509186,6,3.3588393579669966,2.6411606420330034
"Poisson (area, tuned)",2024-12-01,1.7703346781640914,sha256:bd942a7bcbe33ba673b7fdec9b2ff2b747cb0d530af4522e5d003d78fb3f640b,2025-05-01,University (79),-79.39982104056267,43.66254295263539,6,5.939795298236416,0.060204701763583834
"Poisson (area, tuned)",2024-12-01,1.7703346781640914,sha256:bd942a7bcbe33ba673b7fdec9b2ff2b747cb0d530af4522e5d003d78fb3f640b,2025-05-01,Victoria Village (43),-79.3128138518101,43.72684844443762,1,0.7843945157975265,0.2156054842024735
"Poisson (area, tuned)",2024-12-01,1.7703346781640914,sha256:bd942a7bcbe33ba673b7fdec9b2ff2b747cb0d530af4522e5d003d78fb3f640b,2025-05-01,Waterfront Communities-The Island (77),-79.38919773860151,43.64473008383375,26,22.062011128003242,3.937988871996758
"Poisson (area, tuned)",2024-12-01,1.7703346781640914,sha256:bd942a7bcbe33ba673b7fdec9b2ff2b747cb0d530af4522e5d003d78fb3f640b,2025-05-01,West Hill (136),-79.18284860837016,43.76769079627477,0,0.7279549786844296,-0.7279549786844296
"Poisson (area, tuned)",2024-12-01,1.7703346781640914,sha256:bd942a7bcbe33ba673b7fdec9b2ff2b747cb0d530af4522e5d003d78fb3f640b,2025-05-01,West Humber-Clairville (1),-79.60420741329722,43.73006355433667,0,0.7064427991383,-0.7064427991383
"Poisson (area, tuned)",2024-12-01,1.7703346781640914,sha256:bd942a7bcbe33ba673b7fdec9b2ff2b747cb0d530af4522e5d003d78fb3f640b,2025-05-01,Westminster-Branson (35),-79.44807552904417,43.781743102812335,0,0.7865991137721734,-0.7865991137721734
"Poisson (area, tuned)",2024-12-01,1.7703346781640914,sha256:bd942a7bcbe33ba673b7fdec9b2ff2b747cb0d530af4522e5d003d78fb3f640b,2025-05-01,Weston (113),-79.5165855480493,43.702833758307314,0,0.7953283816670854,-0.7953283816670854
"Poisson (area, tuned)",2024-12-01,1.7703346781640914,sha256:bd942a7bcbe33ba673b7fdec9b2ff2b747cb0d530af4522e5d003d78fb3f640b,2025-05-01,Weston-Pelham Park (91),-79.45875842314518,43.67071482937652,2,1.0694485591720049,0.9305514408279951
"Poisson (area, tuned)",2024-12-01,1.7703346781640914,sha256:bd942a7bcbe33ba673b7fdec9b2ff2b747cb0d530af4522e5d003d78fb3f640b,2025-05-01,Wexford/Maryvale (119),-79.30050366891615,43.74264083383781,3,0.887487385635788,2.112512614364212
"Poisson (area, tuned)",2024-12-01,1.7703346781640914,sha256:bd942a7bcbe33ba673b7fdec9b2ff2b747cb0d530af4522e5d003d78fb3f640b,2025-05-01,Willowdale East (51),-79.410074781475,43.76524478810602,3,1.9224026360632052,1.0775973639367948
"Poisson (area, tuned)",2024-12-01,1.7703346781640914,sha256:bd942a7bcbe33ba673b7fdec9b2ff2b747cb0d530af4522e5d003d78fb3f640b,2025-05-01,Willowdale West (37),-79.41563035776022,43.77061463226557,1,1.0457614061070124,-0.0457614061070124
"Poisson (area, tuned)",2024-12-01,1.7703346781640914,sha256:bd942a7bcbe33ba673b7fdec9b2ff2b747cb0d530af4522e5d003d78fb3f640b,2025-05-01,Willowridge-Martingrove-Richview (7),-79.55960317676033,43.68486812894035,0,0.6082627790330709,-0.6082627790330709
"Poisson (area, tuned)",2024-12-01,1.7703346781640914,sha256:bd942a7bcbe33ba673b7fdec9b2ff2b747cb0d530af4522e5d003d78fb3f640b,2025-05-01,Woburn (137),-79.22656387770975,43.76289989874722,0,0.6150675893926794,-0.6150675893926794
"Poisson (area, tuned)",2024-12-01,1.7703346781640914,sha256:bd942a7bcbe33ba673b7fdec9b2ff2b747cb0d530af4522e5d003d78fb3f640b,2025-05-01,Woodbine Corridor (64),-79.31407054230695,43.67581440173363,0,1.5693895949571168,-1.5693895949571168
"Poisson (area, tuned)",2024-12-01,1.7703346781640914,sha256:bd942a7bcbe33ba673b7fdec9b2ff2b747cb0d530af4522e5d003d78fb3f640b,2025-05-01,Woodbine-Lumsden (60),-79.31039264658962,43.69145821847367,0,1.045107919724385,-1.045107919724385
"Poisson (area, tuned)",2024-12-01,1.7703346781640914,sha256:bd942a7bcbe33ba673b7fdec9b2ff2b747cb0d530af4522e5d003d78fb3f640b,2025-05-01,Wychwood (94),-79.42710542937913,43.6784532168336,0,1.7041718948997093,-1.7041718948997093
"Poisson (area, tuned)",2024-12-01,1.7703346781640914,sha256:bd942a7bcbe33ba673b7fdec9b2ff2b747cb0d530af4522e5d003d78fb3f640b,2025-05-01,Yonge-Eglinton (100),-79.40102373824469,43.70674080495774,2,1.691330586164552,0.308669413835448
"Poisson (area, tuned)",2024-12-01,1.7703346781640914,sha256:bd942a7bcbe33ba673b7fdec9b2ff2b747cb0d530af4522e5d003d78fb3f640b,2025-05-01,Yonge-St.Clair (97),-79.39834065134646,43.689263791751046,0,1.6757535576816653,-1.6757535576816653
"Poisson (area, tuned)",2024-12-01,1.7703346781640914,sha256:bd942a7bcbe33ba673b7fdec9b2ff2b747cb0d530af4522e5d003d78fb3f640b,2025-05-01,York University Heights (27),-79.49891755560928,43.76657476817609,2,1.2445422942570115,0.7554577057429885
"Poisson (area, tuned)",2024-12-01,1.7703346781640914,sha256:bd942a7bcbe33ba673b7fdec9b2ff2b747cb0d530af4522e5d003d78fb3f640b,2025-05-01,Yorkdale-Glen Park (31),-79.45130621630454,43.714348256200424,0,1.3526903733756583,-1.3526903733756583
"Poisson (area, tuned)",2024-12-01,1.7703346781640914,sha256:bd942a7bcbe33ba673b7fdec9b2ff2b747cb0d530af4522e5d003d78fb3f640b,2025-06-01,Agincourt North (129),-79.26928393506104,43.810980375100264,2,0.4881624107394843,1.5118375892605158
"Poisson (area, tuned)",2024-12-01,1.7703346781640914,sha256:bd942a7bcbe33ba673b7fdec9b2ff2b747cb0d530af4522e5d003d78fb3f640b,2025-06-01,Agincourt South-Malvern West (128),-79.28002861084076,43.7889253690791,0,0.60232440690819955,-0.60232440690819955
"Poisson (area, tuned)",2024-12-01,1.7703346781640914,sha256:bd942a7bcbe33ba673b7fdec9b2ff2b747cb0d530af4522e5d003d78fb3f640b,2025-06-01,Alderwood (20),-79.54538918515296,43.6065751977772,0,0.7861697139871955,-0.7861697139871955
"Poisson (area, tuned)",2024-12-01,1.7703346781640914,sha256:bd942a7bcbe33ba673b7fdec9b2ff2b747cb0d530af4522e5d003d78fb3f640b,2025-06-01,Annex (95),-79.40380913861458,43.670104609767606,15,8.72912098723001,6.27087901276999
"Poisson (area, tuned)",2024-12-01,1.7703346781640914,sha256:bd942a7bcbe33ba673b7fdec9b2ff2b747cb0d530af4522e5d003d78fb3f640b,2025-06-01,Banbury-Don Mills (42),-79.3409210158811,43.73511850435992,0,1.1871903238133075,-1.1871903238133075
"Poisson (area, tuned)",2024-12-01,1.7703346781640914,sha256:bd942a7bcbe33ba673b7fdec9b2ff2b747cb0d530af4522e5d003d78fb3f640b,2025-06-01,Bathurst Manor (34),-79.45175843487672,43.75609728872373,0,0.9308314848445427,-0.9308314848445427
"Poisson (area, tuned)",2024-12-01,1.7703346781640914,sha256:bd942a7bcbe33ba673b7fdec9b2ff2b747cb0d530af4522e5d003d78fb3f640b,2025-06-01,Bay Street Corridor (76),-79.38436854475557,43.65730879641258,21,21.311482309021503,-0.3114823090215033
"Poisson (area, tuned)",2024-12-01,1.7703346781640914,sha256:bd942a7bcbe33ba673b7fdec9b2ff2b747cb0d530af4522e5d003d78fb3f640b,2025-06-01,Bayview Village (52),-79.38403601743099,43.769051789694494,2,1.229219152954044,0.7707808470459561
"Poisson (area, tuned)",2024-12-01,1.7703346781640914,sha256:bd942a7bcbe33ba673b7fdec9b2ff2b747cb0d530af4522e5d003d78fb3f640b,2025-06-01,Bayview Woods-Steeles (49),-79.3743681512798,43.797822785562154,0,0.6388620495433084,-0.6388620495433084
"Poisson (area, tuned)",2024-12-01,1.7703346781640914,sha256:bd942a7bcbe33ba673b7fdec9b2ff2b747cb0d530af4522e5d003d78fb3f640b,2025-06-01,Bedford Park-Nortown (39),-79.42125788351791,43.72757981721193,0,1.3978370454063,-1.3978370454063
"Poisson (area, tuned)",2024-12-01,1.7703346781640914,sha256:bd942a7bcbe33ba673b7fdec9b2ff2b747cb0d530af4522e5d003d78fb3f640b,2025-06-01,Beechborough-Greenbrook (112),-79.4744663865561,43.691508083029944,0,0.9550293904838054,-0.9550293904838054
"Poisson (area, tuned)",2024-12-01,1.7703346781640914,sha256:bd942a7bcbe33ba673b7fdec9b2ff2b747cb0d530af4522e5d003d78fb3f640b,2025-06-01,Bendale (127),-79.26046315357324,43.76293076745831,1,0.7401170257176721,0.25988297428232787
"Poisson (area, tuned)",2024-12-01,1.7703346781640914,sha256:bd942a7bcbe33ba673b7fdec9b2ff2b747cb0d530af4522e5d003d78fb3f640b,2025-06-01,Birchcliffe-Cliffside (122),-79.27062357025366,43.69131003372983,0,1.18892872390132,-1.18892872390132
"Poisson (area, tuned)",2024-12-01,1.7703346781640914,sha256:bd942a7bcbe33ba673b7fdec9b2ff2b747cb0d530af4522e5d003d78fb3f640b,2025-06-01,Black Creek (24),-79.51869671361172,43.76523138519309,2,0.7722174907080257,1.2277825092919743
"Poisson (area, tuned)",2024-12-01,1.7703346781640914,sha256:bd942a7bcbe33ba673b7fdec9b2ff2b747cb0d530af4522e5d003d78fb3f640b,2025-06-01,Blake-Jones (69),-79.3394451105104,43.67664416992363,0,1.8926632740088776,-1.8926632740088776
"Poisson (area, tuned)",2024-12-01,1.7703346781640914,sha256:bd942a7bcbe33ba673b7fdec9b2ff2b747cb0d530af4522e5d003d78fb3f640b,2025-06-01,Briar Hill-Belgravia (108),-79.445578280552,43.699313061287725,1,1.379691907559319,-0.37969190755931903
"Poisson (area, tuned)",2024-12-01,1.7703346781640914,sha256:bd942a7bcbe33ba673b7fdec9b2ff2b747cb0d530af4522e5d003d78fb3f640b,2025-06-01,Bridle Path-Sunnybrook-York Mills (41),-79.38366396163413,43.72516179918022,0,1.3008166000575998,-1.3008166000575998
"Poisson (area, tuned)",2024-12-01,1.7703346781640914,sha256:bd942a7bcbe33ba673b7fdec9b2ff2b747cb0d530af4522e5d003d78fb3f640b,2025-06-01,Broadview North (57),-79.35364911130229,43.683932870884654,3,1.9108228951965516,1.0891771048034484
"Poisson (area, tuned)",2024-12-01,1.7703346781640914,sha256:bd942a7bcbe33ba673b7fdec9b2ff2b747cb0d530af4522e5d003d78fb3f640b,2025-06-01,Brookhaven-Amesbury (30),-79.49015206607174,43.69942696476651,0,0.9469912298908647,-0.9469912298908647
"Poisson (area, tuned)",2024-12-01,1.7703346781640914,sha256:bd942a7bcbe33ba673b7fdec9b2ff2b747cb0d530af4522e5d003d78fb3f640b,2025-06-01,Cabbagetown-South St.James Town (71),-79.36975340775743,43.66521290431659,2,4.189336855800144,-2.1893368558001436
"Poisson (area, tuned)",2024-12-01,1.7703346781640914,sha256:bd942a7bcbe33ba673b7fdec9b2ff2b747cb0d530af4522e5d003d78fb3f640b,2025-06-01,Caledonia-Fairbank (109),-79.4517849962554,43.690036179158305,0,1.1837930064363593,-1.1837930064363593
"Poisson (area, tuned)",2024-12-01,1.7703346781640914,sha256:bd942a7bcbe33ba673b7fdec9b2ff2b747cb0d530af4522e5d003d78fb3f640b,2025-06-01,Casa Loma (96),-79.40864864037756,43.67955392863041,7,1.9804746722413302,5.01952532775867
"Poisson (area, tuned)",2024-12-01,1.7703346781640914,sha256:bd942a7bcbe33ba673b7fdec9b2ff2b747cb0d530af4522e5d003d78fb3f640b,2025-06-01,Centennial Scarborough (133),-79.15053423026679,43.780757885389185,0,0.5923846814288808,-0.5923846814288808
"Poisson (area, tuned)",2024-12-01,1.7703346781640914,sha256:bd942a7bcbe33ba673b7fdec9b2ff2b747cb0d530af4522e5d003d78fb3f640b,2025-06-01,Church-Yonge Corridor (75),-79.37956284727365,43.66018909929288,22,19.267391609058958,2.732608390941042
"Poisson (area, tuned)",2024-12-01,1.7703346781640914,sha256:bd942a7bcbe33ba673b7fdec9b2ff2b747cb0d530af4522e5d003d78fb3f640b,2025-06-01,Clairlea-Birchmount (120),-79.28672506823307,43.709414591668256,0,1.188506191049677,-1.188506191049677
"Poisson (area, tuned)",2024-12-01,1.7703346781640914,sha256:bd942a7bcbe33ba673b7fdec9b2ff2b747cb0d530af4522e5d003d78fb3f640b,2025-06-01,Clanton Park (33),-79.44643447690169,43.74149776462126,6,1.1141497238462725,4.885850276153727
"Poisson (area, tuned)",2024-12-01,1.7703346781640914,sha256:bd942a7bcbe33ba673b7fdec9b2ff2b747cb0d530af4522e5d003d78fb3f640b,2025-06-01,Cliffcrest (123),-79.23329029919245,43.72191819765982,1,0.6878654425425201,0.31213455745747987
"Poisson (area, tuned)",2024-12-01,1.7703346781640914,sha256:bd942a7bcbe33ba673b7fdec9b2ff2b747cb0d530af4522e5d003d78fb3f640b,2025-06-01,Corso Italia-Davenport (92),-79.4427553703874,43.67658111935704,1,1.576990880989642,-0.576990880989642
"Poisson (area, tuned)",2024-12-01,1.7703346781640914,sha256:bd942a7bcbe33ba673b7fdec9b2ff2b747cb0d530af4522e5d003d78fb3f640b,2025-06-01,Danforth (66),-79.33065782618279,43.682847803276616,0,2.3557855263177885,-2.3557855263177885
"Poisson (area, tuned)",2024-12-01,1.7703346781640914,sha256:bd942a7bcbe33ba673b7fdec9b2ff2b747cb0d530af4522e5d003d78fb3f640b,2025-06-01,Danforth East York (59),-79.3313092800722,43.69082681262244,1,1.6640873429317535,-0.6640873429317535
"Poisson (area, tuned)",2024-12-01,1.7703346781640914,sha256:bd942a7bcbe33ba673b7fdec9b2ff2b747cb0d530af4522e5d003d78fb3f640b,2025-06-01,Don Valley Village (47),-79.35240298959988,43.77988611135725,1,0.8175818004919535,0.1824181995080465
"Poisson (area, tuned)",2024-12-01,1.7703346781640914,sha256:bd942a7bcbe33ba673b7fdec9b2ff2b747cb0d530af4522e5d003d78fb3f640b,2025-06-01,Dorset Park (126),-79.28077525994308,43.75528945083431,2,0.7625352619984627,1.2374647380015373
"Poisson (area, tuned)",2024-12-01,1.7703346781640914,sha256:bd942a7bcbe33ba673b7fdec9b2ff2b747cb0d530af4522e5d003d78fb3f640b,2025-06-01,Dovercourt-Wallace Emerson-Junction (93),-79.43778332382438,43.66463002065643,9,5.7786397588506935,3.2213602411493065
"Poisson (area, tuned)",2024-12-01,1.7703346781640914,sha256:bd942a7bcbe33ba673b7fdec9b2ff2b747cb0d530af4522e5d003d78fb3f640b,2025-06-01,Downsview-Roding-CFB (26),-79.4835940990325,43.727986861303435,2,1.2513993125045737,0.7486006874954263
"Poisson (area, tuned)",2024-12-01,1.7703346781640914,sha256:bd942a7bcbe33ba673b7fdec9b2ff2b747cb0d530af4522e5d003d78fb3f640b,2025-06-01,Dufferin Grove (83),-79.4370618209781,43.65521640563446,3,2.9757955372181435,0.024204462781856506
"Poisson (area, tuned)",2024-12-01,1.7703346781640914,sha256:bd942a7bcbe33ba673b7fdec9b2ff2b747cb0d530af4522e5d003d78fb3f640b,2025-06-01,East End-Danforth (62),-79.30055625233094,43.68572312555001,3,2.7709205246654065,0.2290794753345935
"Poisson (area, tuned)",2024-12-01,1.7703346781640914,sha256:bd942a7bcbe33ba673b7fdec9b2ff2b747cb0d530af4522e5d003d78fb3f640b,2025-06-01,Edenbridge-Humber Valley (9),-79.52023309003076,43.66557816852869,0,0.8592319355530863,-0.8592319355530863
"Poisson (area, tuned)",2024-12-01,1.7703346781640914,sha256:bd942a7bcbe33ba673b7fdec9b2ff2b747cb0d530af4522e5d003d78fb3f640b,2025-06-01,Eglinton East (138),-79.24473615792672,43.73991827916189,0,0.7079851834852253,-0.7079851834852253
"Poisson (area, tuned)",2024-12-01,1.7703346781640914,sha256:bd942a7bcbe33ba673b7fdec9b2ff2b747cb0d530af4522e5d003d78fb3f640b,2025-06-01,Elms-Old Rexdale (5),-79.55208772185198,43.71927285915033,0,0.6900147975918323,-0.6900147975918323
"Poisson (area, tuned)",2024-12-01,1.7703346781640914,sha256:bd942a7bcbe33ba673b7fdec9b2ff2b747cb0d530af4522e5d003d78fb3f640b,2025-06-01,Englemount-Lawrence (32),-79.43712596977969,43.7204676607881,2,1.49911430229692,0.50088569770308
"Poisson (area, tuned)",2024-12-01,1.7703346781640914,sha256:bd942a7bcbe33ba673b7fdec9b2ff2b747cb0d530af4522e5d003d78fb3f640b,2025-06-01,Eringate-Centennial-West Deane (11),-79.57787073233334,43.65860025717794,0,0.6893070621245065,-0.6893070621245065
"Poisson (area, tuned)",2024-12-01,1.7703346781640914,sha256:bd942a7bcbe33ba673b7fdec9b2ff2b747cb0d530af4522e5d003d78fb3f640b,2025-06-01,Etobicoke West Mall (13),-79.5678030787646,43.64190931147644,0,0.7222004175425345,-0.7222004175425345
"Poisson (area, tuned)",2024-12-01,1.7703346781640914,sha256:bd942a7bcbe33ba673b7fdec9b2ff2b747cb0d530af4522e5d003d78fb3f640b,2025-06-01,Flemingdon Park (44),-79.33198682919883,43.71530756444098,1,1.2630863409351896,-0.26308634093518957
"Poisson (area, tuned)",2024-12-01,1.7703346781640914,sha256:bd942a7bcbe33ba673b7fdec9b2ff2b747cb0d530af4522e5d003d78fb3f640b,2025-06-01,Forest Hill North (102),-79.43346069412912,43.70194436532484,1,1.6462703392264542,-0.6462703392264542
"Poisson (area, tuned)",2024-12-01,1.7703346781640914,sha256:bd942a7bcbe33ba673b7fdec9b2ff2b747cb0d530af4522e5d003d78fb3f640b,2025-06-01,Forest Hill South (101),-79.41299883590433,43.6890600119443,0,1.7927303978779086,-1.7927303978779086
"Poisson (area, tuned)",2024-12-01,1.7703346781640914,sha256:bd942a7bcbe33ba673b7fdec9b2ff2b747cb0d530af4522e5d003d78fb3f640b,2025-06-01,Glenfield-Jane Heights (25),-79.50908241975385,43.74806287596809,0,0.9327184281083988,-0.9327184281083988
"Poisson (area, tuned)",2024-12-01,1.7703346781640914,sha256:bd942a7bcbe33ba673b7fdec9b2ff2b747cb0d530af4522e5d003d78fb3f640b,2025-06-01,Greenwood-Coxwell (65),-79.32392461588157,43.67182578504262,0,2.7008170147189574,-2.7008170147189574
"Poisson (area, tuned)",2024-12-01,1.7703346781640914,sha256:bd942a7bcbe33ba673b7fdec9b2ff2b747cb0d530af4522e5d003d78fb3f640b,2025-06-01,Guildwood (140),-79.1987335919193,43.747914590059,0,0.5742010080156148,-0.5742010080156148
"Poisson (area, tuned)",2024-12-01,1.7703346781640914,sha256:bd942a7bcbe33ba673b7fdec9b2ff2b747cb0d530af4522e5d003d78fb3f640b,2025-06-01,Henry Farm (53),-79.34642185767248,43.76957681680956,2,0.8492177267121692,1.1507822732878308
"Poisson (area, tuned)",2024-12-01,1.7703346781640914,sha256:bd942a7bcbe33ba673b7fdec9b2ff2b747cb0d530af4522e5d003d78fb3f640b,2025-06-01,High Park North (88),-79.4652298180643,43.65722103912335,1,2.873210473577492,-1.8732104735774922
"Poisson (area, tuned)",2024-12-01,1.7703346781640914,sha256:bd942a7bcbe33ba673b7fdec9b2ff2b747cb0d530af4522e5d003d78fb3f640b,2025-06-01,High Park-Swansea (87),-79.4648159122912,43.64453199862067,1,2.105626851258129,-1.1056268512581289
"Poisson (area, tuned)",2024-12-01,1.7703346781640914,sha256:bd942a7bcbe33ba673b7fdec9b2ff2b747cb0d530af4522e5d003d78fb3f640b,2025-06-01,Highland Creek (134),-79.18452149622338,43.786273991320705,1,0.6053765912693184,0.3946234087306816
"Poisson (area, tuned)",2024-12-01,1.7703346781640914,sha256:bd942a7bcbe33ba673b7fdec9b2ff2b747cb0d530af4522e5d003d78fb3f640b,2025-06-01,Hillcrest Village (48),-79.35806283641195,43.79960270136573,0,0.6637778748458569,-0.6637778748458569
"Poisson (area, tuned)",2024-12-01,1.7703346781640914,sha256:bd942a7bcbe33ba673b7fdec9b2ff2b747cb0d530af4522e5d003d78fb3f640b,2025-06-01,Humber Heights-Westmount (8),-79.51864457298561,43.69564007439048,1,0.7672771465195963,0.23272285348040367
"Poisson (area, tuned)",2024-12-01,1.7703346781640914,sha256:bd942a7bcbe33ba673b7fdec9b2ff2b747cb0d530af4522e5d003d78fb3f640b,2025-06-01,Humber Summit (21),-79.56057763521508,43.75362439798188,0,0.6877263255466584,-0.6877263255466584
"Poisson (area, tuned)",2024-12-01,1.7703346781640914,sha256:bd942a7bcbe33ba673b7fdec9b2ff2b747cb0d530af4522e5d003d78fb3f640b,2025-06-01,Humbermede (22),-79.54521679307662,43.74787608113298,0,0.6739334401186298,-0.6739334401186298
"Poisson (area, tuned)",2024-12-01,1.7703346781640914,sha256:bd942a7bcbe33ba673b7fdec9b2ff2b747cb0d530af4522e5d003d78fb3f640b,2025-06-01,Humewood-Cedarvale (106),-79.42603840921164,43.68908389632168,1,2.127909733808241,-1.1279097338082411
"Poisson (area, tuned)",2024-12-01,1.7703346781640914,sha256:bd942a7bcbe33ba673b7fdec9b2ff2b747cb0d530af4522e5d003d78fb3f640b,2025-06-01,Ionview (125),-79.2682783103958,43.73299077700163,0,0.707147334426174,-0.707147334426174
"Poisson (area, tuned)",2024-12-01,1.7703346781640914,sha256:bd942a7bcbe33ba673b7fdec9b2ff2b747cb0d530af4522e5d003d78fb3f640b,2025-06-01,Islington-City Centre West (14),-79.53678079261083,43.641361915813675,1,1.4076173482819119,-0.4076173482819119
"Poisson (area, tuned)",2024-12-01,1.7703346781640914,sha256:bd942a7bcbe33ba673b7fdec9b2ff2b747cb0d530af4522e5d003d78fb3f640b,2025-06-01,Junction Area (90),-79.46892477498491,43.6655394100211,2,1.767937440810815,0.23206255918918495
"Poisson (area, tuned)",2024-12-01,1.7703346781640914,sha256:bd942a7bcbe33ba673b7fdec9b2ff2b747cb0d530af4522e5d003d78fb3f640b,2025-06-01,Keelesdale-Eglinton West (110),-79.47055790633043,43.68391780141048,0,1.0620405435009235,-1.0620405435009235
"Poisson (area, tuned)",2024-12-01,1.7703346781640914,sha256:bd942a7bcbe33ba673b7fdec9b2ff2b747cb0d530af4522e5d003d78fb3f640b,2025-06-01,Kennedy Park (124),-79.25874986465229,43.728410786674374,1,0.8013780900793159,0.19862190992068407
"Poisson (area, tuned)",2024-12-01,1.7703346781640914,sha256:bd942a7bcbe33ba673b7fdec9b2ff2b747cb0d530af4522e5d003d78fb3f640b,2025-06-01,Kensington-Chinatown (78),-79.3967980354919,43.65388049459246,8,8.564398437525094,-0.5643984375250941
"Poisson (area, tuned)",2024-12-01,1.7703346781640914,sha256:bd942a7bcbe33ba673b7fdec9b2ff2b747cb0d530af4522e5d003d78fb3f640b,2025-06-01,Kingsview Village-The Westway (6),-79.54911503533694,43.69584358136977,0,0.7352174705126601,-0.7352174705126601
"Poisson (area, tuned)",2024-12-01,1.7703346781640914,sha256:bd942a7bcbe33ba673b7fdec9b2ff2b747cb0d530af4522e5d003d78fb3f640b,2025-06-01,Kingsway South (15),-79.51086459422443,43.65032283055947,3,1.0588018782436004,1.9411981217563996
"Poisson (area, tuned)",2024-12-01,1.7703346781640914,sha256:bd942a7bcbe33ba673b7fdec9b2ff2b747cb0d530af4522e5d003d78fb3f640b,2025-06-01,L'Amoreaux (117),-79.3201008921114,43.79636378659849,0,0.6987028141462504,-0.6987028141462504
"Poisson (area, tuned)",2024-12-01,1.7703346781640914,sha256:bd942a7bcbe33ba673b7fdec9b2ff2b747cb0d530af4522e5d003d78fb3f640b,2025-06-01,Lambton Baby Point (114),-79.49452130561747,43.65593529844182,1,1.0273864373267412,-0.027386437326741175
"Poisson (area, tuned)",2024-12-01,1.7703346781640914,sha256:bd942a7bcbe33ba673b7fdec9b2ff2b747cb0d530af4522e5d003d78fb3f640b,2025-06-01,Lansing-Westgate (38),-79.41222964417364,43.761840287387486,3,1.0347719362951253,1.9652280637048747
"Poisson (area, tuned)",2024-12-01,1.7703346781640914,sha256:bd942a7bcbe33ba673b7fdec9b2ff2b747cb0d530af4522e5d003d78fb3f640b,2025-06-01,Lawrence Park North (105),-79.40643053379212,43.72768097403552,0,1.5601852548478312,-1.5601852548478312
"Poisson (area, tuned)",2024-12-01,1.7703346781640914,sha256:bd942a7bcbe33ba673b7fdec9b2ff2b747cb0d530af4522e5d003d78fb3f640b,2025-06-01,Lawrence Park South (103),-79.41020212544387,43.72248127246825,0,1.5659448287361313,-1.5659448287361313
"Poisson (area, tuned)",2024-12-01,1.7703346781640914,sha256:bd942a7bcbe33ba673b7fdec9b2ff2b747cb0d530af4522e5d003d78fb3f640b,2025-06-01,Leaside-Bennington (56),-79.36756549485442,43.70630335329757,0,2.2388666536270563,-2.2388666536270563
"Poisson (area, tuned)",2024-12-01,1.7703346781640914,sha256:bd942a7bcbe33ba673b7fdec9b2ff2b747cb0d530af4522e5d003d78fb3f640b,2025-06-01,Little Portugal (84),-79.42637552454019,43.64409148964972,4,3.4367035603673664,0.5632964396326336
"Poisson (area, tuned)",2024-12-01,1.7703346781640914,sha256:bd942a7bcbe33ba673b7fdec9b2ff2b747cb0d530af4522e5d003d78fb3f640b,2025-06-01,Long Branch (19),-79.53237502113143,43.591006620404656,0,1.122455724542059,-1.122455724542059
"Poisson (area, tuned)",2024-12-01,1.7703346781640914,sha256:bd942a7bcbe33ba673b7fdec9b2ff2b747cb0d530af4522e5d003d78fb3f640b,2025-06-01,Malvern (132),-79.22095167470565,43.80455499438271,0,0.6002855111686348,-0.6002855111686348
"Poisson (area, tuned)",2024-12-01,1.7703346781640914,sha256:bd942a7bcbe33ba673b7fdec9b2ff2b747cb0d530af4522e5d003d78fb3f640b,2025-06-01,Maple Leaf (29),-79.4843756407544,43.718225646439535,0,0.8203626722388164,-0.8203626722388164
"Poisson (area, tuned)",2024-12-01,1.7703346781640914,sha256:bd942a7bcbe33ba673b7fdec9b2ff2b747cb0d530af4522e5d003d78fb3f640b,2025-06-01,Markland Wood (12),-79.57650734129277,43.633689780366026,0,0.7803462570840453,-0.7803462570840453
"Poisson (area, tuned)",2024-12-01,1.7703346781640914,sha256:bd942a7bcbe33ba673b7fdec9b2ff2b747cb0d530af4522e5d003d78fb3f640b,2025-06-01,Milliken (130),-79.28878321264463,43.82084812422136,0,0.49106820724156397,-0.49106820724156397
"Poisson (area, tuned)",2024-12-01,1.7703346781640914,sha256:bd942a7bcbe33ba673b7fdec9b2ff2b747cb0d530af4522e5d003d78fb3f640b,2025-06-01,Mimico (includes Humber Bay Shores) (17),-79.48568571369577,43.62094188018773,3,2.934107292376463,0.06589270762353694
"Poisson (area, tuned)",2024-12-01,1.7703346781640914,sha256:bd942a7bcbe33ba673b7fdec9b2ff2b747cb0d530af4522e5d003d78fb3f640b,2025-06-01,Morningside (135),-79.20335964084892,43.78544794442794,0,0.5132191049525037,-0.5132191049525037
"Poisson (area, tuned)",2024-12-01,1.7703346781640914,sha256:bd942a7bcbe33ba673b7fdec9b2ff2b747cb0d530af4522e5d003d78fb3f640b,2025-06-01,Moss Park (73),-79.36913295325593,43.65425609335975,5,7.7707148793959755,-2.7707148793959755
"Poisson (area, tuned)",2024-12-01,1.7703346781640914,sha256:bd942a7bcbe33ba673b7fdec9b2ff2b747cb0d530af4522e5d003d78fb3f640b,2025-06-01,Mount Dennis (115),-79.48946593742998,43.68565859464735,0,0.9407611738027454,-0.9407611738027454
"Poisson (area, tuned)",2024-12-01,1.7703346781640914,sha256:bd942a7bcbe33ba673b7fdec9b2ff2b747cb0d530af4522e5d003d78fb3f640b,2025-06-01,Mount Olive-Silverstone-Jamestown (2),-79.58577617904946,43.74325917379369,0,0.7802951012078906,-0.7802951012078906
"Poisson (area, tuned)",2024-12-01,1.7703346781640914,sha256:bd942a7bcbe33ba673b7fdec9b2ff2b747cb0d530af4522e5d003d78fb3f640b,2025-06-01,Mount Pleasant East (99),-79.38525136980005,43.70699758566823,2,2.057678225085737,-0.057678225085736834
"Poisson (area, tuned)",2024-12-01,1.7703346781640914,sha256:bd942a7bcbe33ba673b7fdec9b2ff2b747cb0d530af4522e5d003d78fb3f640b,2025-06-01,Mount Pleasant West (104),-79.39441924813381,43.705281018271585,1,3.823115043026485,-2.823115043026485
"Poisson (area, tuned)",2024-12-01,1.7703346781640914,sha256:bd942a7bcbe33ba673b7fdec9b2ff2b747cb0d530af4522e5d003d78fb3f640b,2025-06-01,NSA,NA,NA,3,0.8549829708533944,2.1450170291466057
"Poisson (area, tuned)",2024-12-01,1.7703346781640914,sha256:bd942a7bcbe33ba673b7fdec9b2ff2b747cb0d530af4522e5d003d78fb3f640b,2025-06-01,New Toronto (18),-79.50819536860408,43.60067938873378,1,1.1440962586226449,-0.14409625862264486
"Poisson (area, tuned)",2024-12-01,1.7703346781640914,sha256:bd942a7bcbe33ba673b7fdec9b2ff2b747cb0d530af4522e5d003d78fb3f640b,2025-06-01,Newtonbrook East (50),-79.4155662486542,43.782773804672864,0,0.8912605126658035,-0.8912605126658035
"Poisson (area, tuned)",2024-12-01,1.7703346781640914,sha256:bd942a7bcbe33ba673b7fdec9b2ff2b747cb0d530af4522e5d003d78fb3f640b,2025-06-01,Newtonbrook West (36),-79.42082573006313,43.78444945871987,4,1.2598469487380863,2.7401530512619137
"Poisson (area, tuned)",2024-12-01,1.7703346781640914,sha256:bd942a7bcbe33ba673b7fdec9b2ff2b747cb0d530af4522e5d003d78fb3f640b,2025-06-01,Niagara (82),-79.40825413058062,43.639170480800686,8,8.816071231796428,-0.8160712317964283
"Poisson (area, tuned)",2024-12-01,1.7703346781640914,sha256:bd942a7bcbe33ba673b7fdec9b2ff2b747cb0d530af4522e5d003d78fb3f640b,2025-06-01,North Riverdale (68),-79.34942497640164,43.67320424441098,2,2.619910705080315,-0.619910705080315
"Poisson (area, tuned)",2024-12-01,1.7703346781640914,sha256:bd942a7bcbe33ba673b7fdec9b2ff2b747cb0d530af4522e5d003d78fb3f640b,2025-06-01,North St.James Town (74),-79.37622315570079,43.66924040879271,1,3.774504998421311,-2.774504998421311
"Poisson (area, tuned)",2024-12-01,1.7703346781640914,sha256:bd942a7bcbe33ba673b7fdec9b2ff2b747cb0d530af4522e5d003d78fb3f640b,2025-06-01,O'Connor-Parkview (54),-79.30295705711893,43.707394189060395,0,1.1874576596346433,-1.1874576596346433
"Poisson (area, tuned)",2024-12-01,1.7703346781640914,sha256:bd942a7bcbe33ba673b7fdec9b2ff2b747cb0d530af4522e5d003d78fb3f640b,2025-06-01,Oakridge (121),-79.28580476562132,43.69338422103418,0,1.1849124636276622,-1.1849124636276622
"Poisson (area, tuned)",2024-12-01,1.7703346781640914,sha256:bd942a7bcbe33ba673b7fdec9b2ff2b747cb0d530af4522e5d003d78fb3f640b,2025-06-01,Oakwood Village (107),-79.43992214652974,43.693163772618576,3,1.6061817244500631,1.3938182755499369
"Poisson (area, tuned)",2024-12-01,1.7703346781640914,sha256:bd942a7bcbe33ba673b7fdec9b2ff2b747cb0d530af4522e5d003d78fb3f640b,2025-06-01,Old East York (58),-79.33971322725657,43.69468655917457,0,1.4183745611167329,-1.4183745611167329
"Poisson (area, tuned)",2024-12-01,1.7703346781640914,sha256:bd942a7bcbe33ba673b7fdec9b2ff2b747cb0d530af4522e5d003d78fb3f640b,2025-06-01,Palmerston-Little Italy (80),-79.41607073008583,43.65977590713319,11,3.702471815991582,7.297528184008418
"Poisson (area, tuned)",2024-12-01,1.7703346781640914,sha256:bd942a7bcbe33ba673b7fdec9b2ff2b747cb0d530af4522e5d003d78fb3f640b,2025-06-01,Parkwoods-Donalda (45),-79.32857716506125,43.75401452181123,0,0.9382006390906124,-0.9382006390906124
"Poisson (area, tuned)",2024-12-01,1.7703346781640914,sha256:bd942a7bcbe33ba673b7fdec9b2ff2b747cb0d530af4522e5d003d78fb3f640b,2025-06-01,Pelmo Park-Humberlea (23),-79.53452633259599,43.71053804014776,0,0.7160328445015952,-0.7160328445015952
"Poisson (area, tuned)",2024-12-01,1.7703346781640914,sha256:bd942a7bcbe33ba673b7fdec9b2ff2b747cb0d530af4522e5d003d78fb3f640b,2025-06-01,Playter Estates-Danforth (67),-79.35537498775473,43.678037843577414,2,2.17211058959784,-0.17211058959783987
"Poisson (area, tuned)",2024-12-01,1.7703346781640914,sha256:bd942a7bcbe33ba673b7fdec9b2ff2b747cb0d530af4522e5d003d78fb3f640b,2025-06-01,Pleasant View (46),-79.33169496448295,43.78880674789264,0,0.6508796332669684,-0.6508796332669684
"Poisson (area, tuned)",2024-12-01,1.7703346781640914,sha256:bd942a7bcbe33ba673b7fdec9b2ff2b747cb0d530af4522e5d003d78fb3f640b,2025-06-01,Princess-Rosethorn (10),-79.54278218831497,43.6664342839495,0,0.7529814182637359,-0.7529814182637359
"Poisson (area, tuned)",2024-12-01,1.7703346781640914,sha256:bd942a7bcbe33ba673b7fdec9b2ff2b747cb0d530af4522e5d003d78fb3f640b,2025-06-01,Regent Park (72),-79.36178286088128,43.65943439853815,2,2.893785701557772,-0.8937857015577721
"Poisson (area, tuned)",2024-12-01,1.7703346781640914,sha256:bd942a7bcbe33ba673b7fdec9b2ff2b747cb0d530af4522e5d003d78fb3f640b,2025-06-01,Rexdale-Kipling (4),-79.56943957685264,43.726549256380395,0,0.6423380314831827,-0.6423380314831827
"Poisson (area, tuned)",2024-12-01,1.7703346781640914,sha256:bd942a7bcbe33ba673b7fdec9b2ff2b747cb0d530af4522e5d003d78fb3f640b,2025-06-01,Rockcliffe-Smythe (111),-79.49193279998173,43.67234248080122,0,1.1134841892003844,-1.1134841892003844
"Poisson (area, tuned)",2024-12-01,1.7703346781640914,sha256:bd942a7bcbe33ba673b7fdec9b2ff2b747cb0d530af4522e5d003d78fb3f640b,2025-06-01,Roncesvalles (86),-79.44277811907274,43.64370439603947,3,2.928759214668945,0.07124078533105482
"Poisson (area, tuned)",2024-12-01,1.7703346781640914,sha256:bd942a7bcbe33ba673b7fdec9b2ff2b747cb0d530af4522e5d003d78fb3f640b,2025-06-01,Rosedale-Moore Park (98),-79.38462305095243,43.67502671420579,4,4.719636414765671,-0.7196364147656711
"Poisson (area, tuned)",2024-12-01,1.7703346781640914,sha256:bd942a7bcbe33ba673b7fdec9b2ff2b747cb0d530af4522e5d003d78fb3f640b,2025-06-01,Rouge (131),-79.13309434834144,43.78938806538385,1,0.7651904094289517,0.23480959057104833
"Poisson (area, tuned)",2024-12-01,1.7703346781640914,sha256:bd942a7bcbe33ba673b7fdec9b2ff2b747cb0d530af4522e5d003d78fb3f640b,2025-06-01,Runnymede-Bloor West Village (89),-79.48480851655415,43.65975616827931,1,1.3095070412874203,-0.30950704128742035
"Poisson (area, tuned)",2024-12-01,1.7703346781640914,sha256:bd942a7bcbe33ba673b7fdec9b2ff2b747cb0d530af4522e5d003d78fb3f640b,2025-06-01,Rustic (28),-79.50024894268427,43.70839284643953,1,0.7929354723290332,0.20706452767096684
"Poisson (area, tuned)",2024-12-01,1.7703346781640914,sha256:bd942a7bcbe33ba673b7fdec9b2ff2b747cb0d530af4522e5d003d78fb3f640b,2025-06-01,Scarborough Village (139),-79.22121647737255,43.74178808353859,1,0.6330141447532376,0.3669858552467624
"Poisson (area, tuned)",2024-12-01,1.7703346781640914,sha256:bd942a7bcbe33ba673b7fdec9b2ff2b747cb0d530af4522e5d003d78fb3f640b,2025-06-01,South Parkdale (85),-79.43087572304012,43.63836538756867,3,2.950971990204413,0.04902800979558686
"Poisson (area, tuned)",2024-12-01,1.7703346781640914,sha256:bd942a7bcbe33ba673b7fdec9b2ff2b747cb0d530af4522e5d003d78fb3f640b,2025-06-01,South Riverdale (70),-79.34033408773206,43.66227352160024,7,6.5633117003686055,0.43668829963139455
"Poisson (area, tuned)",2024-12-01,1.7703346781640914,sha256:bd942a7bcbe33ba673b7fdec9b2ff2b747cb0d530af4522e5d003d78fb3f640b,2025-06-01,St.Andrew-Windfields (40),-79.39807496057622,43.75295000125709,0,1.1232253372877152,-1.1232253372877152
"Poisson (area, tuned)",2024-12-01,1.7703346781640914,sha256:bd942a7bcbe33ba673b7fdec9b2ff2b747cb0d530af4522e5d003d78fb3f640b,2025-06-01,Steeles (116),-79.32254019689177,43.815065444286134,0,0.5188674339695144,-0.5188674339695144
"Poisson (area, tuned)",2024-12-01,1.7703346781640914,sha256:bd942a7bcbe33ba673b7fdec9b2ff2b747cb0d530af4522e5d003d78fb3f640b,2025-06-01,Stonegate-Queensway (16),-79.50687874894817,43.63678476785418,0,1.1058763616844525,-1.1058763616844525
"Poisson (area, tuned)",2024-12-01,1.7703346781640914,sha256:bd942a7bcbe33ba673b7fdec9b2ff2b747cb0d530af4522e5d003d78fb3f640b,2025-06-01,Tam O'Shanter-Sullivan (118),-79.29346258821549,43.78211963627784,0,0.6747485383960456,-0.6747485383960456
"Poisson (area, tuned)",2024-12-01,1.7703346781640914,sha256:bd942a7bcbe33ba673b7fdec9b2ff2b747cb0d530af4522e5d003d78fb3f640b,2025-06-01,Taylor-Massey (61),-79.29495186057909,43.692458919227406,4,1.3726137457587368,2.627386254241263
"Poisson (area, tuned)",2024-12-01,1.7703346781640914,sha256:bd942a7bcbe33ba673b7fdec9b2ff2b747cb0d530af4522e5d003d78fb3f640b,2025-06-01,The Beaches (63),-79.30297553719052,43.66875560841342,2,2.6467209139746797,-0.6467209139746797
"Poisson (area, tuned)",2024-12-01,1.7703346781640914,sha256:bd942a7bcbe33ba673b7fdec9b2ff2b747cb0d530af4522e5d003d78fb3f640b,2025-06-01,Thistletown-Beaumond Heights (3),-79.5659329290065,43.73754827301803,1,0.6456971657162495,0.35430283428375053
"Poisson (area, tuned)",2024-12-01,1.7703346781640914,sha256:bd942a7bcbe33ba673b7fdec9b2ff2b747cb0d530af4522e5d003d78fb3f640b,2025-06-01,Thorncliffe Park (55),-79.35448121100222,43.71036836631147,0,1.6115194581606014,-1.6115194581606014
"Poisson (area, tuned)",2024-12-01,1.7703346781640914,sha256:bd942a7bcbe33ba673b7fdec9b2ff2b747cb0d530af4522e5d003d78fb3f640b,2025-06-01,Trinity-Bellwoods (81),-79.41373927922925,43.65087049509186,5,4.018866496839414,0.9811335031605859
"Poisson (area, tuned)",2024-12-01,1.7703346781640914,sha256:bd942a7bcbe33ba673b7fdec9b2ff2b747cb0d530af4522e5d003d78fb3f640b,2025-06-01,University (79),-79.39982104056267,43.66254295263539,7,7.106991963025924,-0.10699196302592373
"Poisson (area, tuned)",2024-12-01,1.7703346781640914,sha256:bd942a7bcbe33ba673b7fdec9b2ff2b747cb0d530af4522e5d003d78fb3f640b,2025-06-01,Victoria Village (43),-79.3128138518101,43.72684844443762,0,0.9385315890043908,-0.9385315890043908
"Poisson (area, tuned)",2024-12-01,1.7703346781640914,sha256:bd942a7bcbe33ba673b7fdec9b2ff2b747cb0d530af4522e5d003d78fb3f640b,2025-06-01,Waterfront Communities-The Island (77),-79.38919773860151,43.64473008383375,26,26.39729618653043,-0.3972961865304292
"Poisson (area, tuned)",2024-12-01,1.7703346781640914,sha256:bd942a7bcbe33ba673b7fdec9b2ff2b747cb0d530af4522e5d003d78fb3f640b,2025-06-01,West Hill (136),-79.18284860837016,43.76769079627477,1,0.8710014273540762,0.12899857264592385
"Poisson (area, tuned)",2024-12-01,1.7703346781640914,sha256:bd942a7bcbe33ba673b7fdec9b2ff2b747cb0d530af4522e5d003d78fb3f640b,2025-06-01,West Humber-Clairville (1),-79.60420741329722,43.73006355433667,0,0.8452620071442742,-0.8452620071442742
"Poisson (area, tuned)",2024-12-01,1.7703346781640914,sha256:bd942a7bcbe33ba673b7fdec9b2ff2b747cb0d530af4522e5d003d78fb3f640b,2025-06-01,Westminster-Branson (35),-79.44807552904417,43.781743102812335,4,0.9411694004609861,3.058830599539014
"Poisson (area, tuned)",2024-12-01,1.7703346781640914,sha256:bd942a7bcbe33ba673b7fdec9b2ff2b747cb0d530af4522e5d003d78fb3f640b,2025-06-01,Weston (113),-79.5165855480493,43.702833758307314,0,0.9516140090135166,-0.9516140090135166
"Poisson (area, tuned)",2024-12-01,1.7703346781640914,sha256:bd942a7bcbe33ba673b7fdec9b2ff2b747cb0d530af4522e5d003d78fb3f640b,2025-06-01,Weston-Pelham Park (91),-79.45875842314518,43.67071482937652,0,1.2796000423047873,-1.2796000423047873
"Poisson (area, tuned)",2024-12-01,1.7703346781640914,sha256:bd942a7bcbe33ba673b7fdec9b2ff2b747cb0d530af4522e5d003d78fb3f640b,2025-06-01,Wexford/Maryvale (119),-79.30050366891615,43.74264083383781,0,1.0618826744539756,-1.0618826744539756
"Poisson (area, tuned)",2024-12-01,1.7703346781640914,sha256:bd942a7bcbe33ba673b7fdec9b2ff2b747cb0d530af4522e5d003d78fb3f640b,2025-06-01,Willowdale East (51),-79.410074781475,43.76524478810602,8,2.3001634565180358,5.699836543481965
"Poisson (area, tuned)",2024-12-01,1.7703346781640914,sha256:bd942a7bcbe33ba673b7fdec9b2ff2b747cb0d530af4522e5d003d78fb3f640b,2025-06-01,Willowdale West (37),-79.41563035776022,43.77061463226557,4,1.2512582564338415,2.7487417435661587
"Poisson (area, tuned)",2024-12-01,1.7703346781640914,sha256:bd942a7bcbe33ba673b7fdec9b2ff2b747cb0d530af4522e5d003d78fb3f640b,2025-06-01,Willowridge-Martingrove-Richview (7),-79.55960317676033,43.68486812894035,0,0.7277891686400989,-0.7277891686400989
"Poisson (area, tuned)",2024-12-01,1.7703346781640914,sha256:bd942a7bcbe33ba673b7fdec9b2ff2b747cb0d530af4522e5d003d78fb3f640b,2025-06-01,Woburn (137),-79.22656387770975,43.76289989874722,2,0.735931155039868,1.264068844960132
"Poisson (area, tuned)",2024-12-01,1.7703346781640914,sha256:bd942a7bcbe33ba673b7fdec9b2ff2b747cb0d530af4522e5d003d78fb3f640b,2025-06-01,Woodbine Corridor (64),-79.31407054230695,43.67581440173363,0,1.877781754790164,-1.877781754790164
"Poisson (area, tuned)",2024-12-01,1.7703346781640914,sha256:bd942a7bcbe33ba673b7fdec9b2ff2b747cb0d530af4522e5d003d78fb3f640b,2025-06-01,Woodbine-Lumsden (60),-79.31039264658962,43.69145821847367,0,1.2504763570187798,-1.2504763570187798
"Poisson (area, tuned)",2024-12-01,1.7703346781640914,sha256:bd942a7bcbe33ba673b7fdec9b2ff2b747cb0d530af4522e5d003d78fb3f640b,2025-06-01,Wychwood (94),-79.42710542937913,43.6784532168336,0,2.039049386813537,-2.039049386813537
"Poisson (area, tuned)",2024-12-01,1.7703346781640914,sha256:bd942a7bcbe33ba673b7fdec9b2ff2b747cb0d530af4522e5d003d78fb3f640b,2025-06-01,Yonge-Eglinton (100),-79.40102373824469,43.70674080495774,0,2.0236847027809755,-2.0236847027809755
"Poisson (area, tuned)",2024-12-01,1.7703346781640914,sha256:bd942a7bcbe33ba673b7fdec9b2ff2b747cb0d530af4522e5d003d78fb3f640b,2025-06-01,Yonge-St.Clair (97),-79.39834065134646,43.689263791751046,1,2.0050467176860063,-1.0050467176860063
"Poisson (area, tuned)",2024-12-01,1.7703346781640914,sha256:bd942a7bcbe33ba673b7fdec9b2ff2b747cb0d530af4522e5d003d78fb3f640b,2025-06-01,York University Heights (27),-79.49891755560928,43.76657476817609,1,1.4891004889607187,-0.48910048896071867
"Poisson (area, tuned)",2024-12-01,1.7703346781640914,sha256:bd942a7bcbe33ba673b7fdec9b2ff2b747cb0d530af4522e5d003d78fb3f640b,2025-06-01,Yorkdale-Glen Park (31),-79.45130621630454,43.714348256200424,5,1.6185001551985645,3.3814998448014357
"Poisson (area, tuned)",2024-12-01,1.7703346781640914,sha256:bd942a7bcbe33ba673b7fdec9b2ff2b747cb0d530af4522e5d003d78fb3f640b,2025-07-01,Agincourt North (129),-79.26928393506104,43.810980375100264,1,0.5319003878868103,0.46809961211318973
"Poisson (area, tuned)",2024-12-01,1.7703346781640914,sha256:bd942a7bcbe33ba673b7fdec9b2ff2b747cb0d530af4522e5d003d78fb3f640b,2025-07-01,Agincourt South-Malvern West (128),-79.28002861084076,43.7889253690791,2,0.6562909773877251,1.3437090226122748
"Poisson (area, tuned)",2024-12-01,1.7703346781640914,sha256:bd942a7bcbe33ba673b7fdec9b2ff2b747cb0d530af4522e5d003d78fb3f640b,2025-07-01,Alderwood (20),-79.54538918515296,43.6065751977772,0,0.8566083062012161,-0.8566083062012161
"Poisson (area, tuned)",2024-12-01,1.7703346781640914,sha256:bd942a7bcbe33ba673b7fdec9b2ff2b747cb0d530af4522e5d003d78fb3f640b,2025-07-01,Annex (95),-79.40380913861458,43.670104609767606,8,9.51122564309107,-1.5112256430910698
"Poisson (area, tuned)",2024-12-01,1.7703346781640914,sha256:bd942a7bcbe33ba673b7fdec9b2ff2b747cb0d530af4522e5d003d78fb3f640b,2025-07-01,Banbury-Don Mills (42),-79.3409210158811,43.73511850435992,0,1.2935592332379695,-1.2935592332379695
"Poisson (area, tuned)",2024-12-01,1.7703346781640914,sha256:bd942a7bcbe33ba673b7fdec9b2ff2b747cb0d530af4522e5d003d78fb3f640b,2025-07-01,Bathurst Manor (34),-79.45175843487672,43.75609728872373,1,1.0142313643036538,-0.014231364303653793
"Poisson (area, tuned)",2024-12-01,1.7703346781640914,sha256:bd942a7bcbe33ba673b7fdec9b2ff2b747cb0d530af4522e5d003d78fb3f640b,2025-07-01,Bay Street Corridor (76),-79.38436854475557,43.65730879641258,17,23.2209311024991,-6.220931102499101
"Poisson (area, tuned)",2024-12-01,1.7703346781640914,sha256:bd942a7bcbe33ba673b7fdec9b2ff2b747cb0d530af4522e5d003d78fb3f640b,2025-07-01,Bayview Village (52),-79.38403601743099,43.769051789694494,4,1.3393537271002112,2.660646272899789
"Poisson (area, tuned)",2024-12-01,1.7703346781640914,sha256:bd942a7bcbe33ba673b7fdec9b2ff2b747cb0d530af4522e5d003d78fb3f640b,2025-07-01,Bayview Woods-Steeles (49),-79.3743681512798,43.797822785562154,1,0.6961022898987482,0.3038977101012518
"Poisson (area, tuned)",2024-12-01,1.7703346781640914,sha256:bd942a7bcbe33ba673b7fdec9b2ff2b747cb0d530af4522e5d003d78fb3f640b,2025-07-01,Bedford Park-Nortown (39),-79.42125788351791,43.72757981721193,1,1.5230793078227194,-0.5230793078227194
"Poisson (area, tuned)",2024-12-01,1.7703346781640914,sha256:bd942a7bcbe33ba673b7fdec9b2ff2b747cb0d530af4522e5d003d78fb3f640b,2025-07-01,Beechborough-Greenbrook (112),-79.4744663865561,43.691508083029944,0,1.0405973341374948,-1.0405973341374948
"Poisson (area, tuned)",2024-12-01,1.7703346781640914,sha256:bd942a7bcbe33ba673b7fdec9b2ff2b747cb0d530af4522e5d003d78fb3f640b,2025-07-01,Bendale (127),-79.26046315357324,43.76293076745831,2,0.8064294267649986,1.1935705732350015
"Poisson (area, tuned)",2024-12-01,1.7703346781640914,sha256:bd942a7bcbe33ba673b7fdec9b2ff2b747cb0d530af4522e5d003d78fb3f640b,2025-07-01,Birchcliffe-Cliffside (122),-79.27062357025366,43.69131003372983,2,1.2954533890778583,0.7045466109221417
"Poisson (area, tuned)",2024-12-01,1.7703346781640914,sha256:bd942a7bcbe33ba673b7fdec9b2ff2b747cb0d530af4522e5d003d78fb3f640b,2025-07-01,Black Creek (24),-79.51869671361172,43.76523138519309,2,0.8414060030111119,1.158593996988888
"Poisson (area, tuned)",2024-12-01,1.7703346781640914,sha256:bd942a7bcbe33ba673b7fdec9b2ff2b747cb0d530af4522e5d003d78fb3f640b,2025-07-01,Blake-Jones (69),-79.3394451105104,43.67664416992363,0,2.062240572885257,-2.062240572885257
"Poisson (area, tuned)",2024-12-01,1.7703346781640914,sha256:bd942a7bcbe33ba673b7fdec9b2ff2b747cb0d530af4522e5d003d78fb3f640b,2025-07-01,Briar Hill-Belgravia (108),-79.445578280552,43.699313061287725,0,1.5033084167284039,-1.5033084167284039
"Poisson (area, tuned)",2024-12-01,1.7703346781640914,sha256:bd942a7bcbe33ba673b7fdec9b2ff2b747cb0d530af4522e5d003d78fb3f640b,2025-07-01,Bridle Path-Sunnybrook-York Mills (41),-79.38366396163413,43.72516179918022,0,1.4173661038180287,-1.4173661038180287
"Poisson (area, tuned)",2024-12-01,1.7703346781640914,sha256:bd942a7bcbe33ba673b7fdec9b2ff2b747cb0d530af4522e5d003d78fb3f640b,2025-07-01,Broadview North (57),-79.35364911130229,43.683932870884654,0,2.082027244986801,-2.082027244986801
"Poisson (area, tuned)",2024-12-01,1.7703346781640914,sha256:bd942a7bcbe33ba673b7fdec9b2ff2b747cb0d530af4522e5d003d78fb3f640b,2025-07-01,Brookhaven-Amesbury (30),-79.49015206607174,43.69942696476651,1,1.0318389769940084,-0.031838976994008394
"Poisson (area, tuned)",2024-12-01,1.7703346781640914,sha256:bd942a7bcbe33ba673b7fdec9b2ff2b747cb0d530af4522e5d003d78fb3f640b,2025-07-01,Cabbagetown-South St.James Town (71),-79.36975340775743,43.66521290431659,6,4.564689639280276,1.4353103607197237
"Poisson (area, tuned)",2024-12-01,1.7703346781640914,sha256:bd942a7bcbe33ba673b7fdec9b2ff2b747cb0d530af4522e5d003d78fb3f640b,2025-07-01,Caledonia-Fairbank (109),-79.4517849962554,43.690036179158305,1,1.289857525792212,-0.289857525792212
"Poisson (area, tuned)",2024-12-01,1.7703346781640914,sha256:bd942a7bcbe33ba673b7fdec9b2ff2b747cb0d530af4522e5d003d78fb3f640b,2025-07-01,Casa Loma (96),-79.40864864037756,43.67955392863041,0,2.1579196250883372,-2.1579196250883372
"Poisson (area, tuned)",2024-12-01,1.7703346781640914,sha256:bd942a7bcbe33ba673b7fdec9b2ff2b747cb0d530af4522e5d003d78fb3f640b,2025-07-01,Centennial Scarborough (133),-79.15053423026679,43.780757885389185,0,0.6454606804995866,-0.6454606804995866
"Poisson (area, tuned)",2024-12-01,1.7703346781640914,sha256:bd942a7bcbe33ba673b7fdec9b2ff2b747cb0d530af4522e5d003d78fb3f640b,2025-07-01,Church-Yonge Corridor (75),-79.37956284727365,43.66018909929288,11,20.993695632773168,-9.993695632773168
"Poisson (area, tuned)",2024-12-01,1.7703346781640914,sha256:bd942a7bcbe33ba673b7fdec9b2ff2b747cb0d530af4522e5d003d78fb3f640b,2025-07-01,Clairlea-Birchmount (120),-79.28672506823307,43.709414591668256,0,1.2949929984727246,-1.2949929984727246
"Poisson (area, tuned)",2024-12-01,1.7703346781640914,sha256:bd942a7bcbe33ba673b7fdec9b2ff2b747cb0d530af4522e5d003d78fb3f640b,2025-07-01,Clanton Park (33),-79.44643447690169,43.74149776462126,1,1.2139744012245843,-0.21397440122458433
"Poisson (area, tuned)",2024-12-01,1.7703346781640914,sha256:bd942a7bcbe33ba673b7fdec9b2ff2b747cb0d530af4522e5d003d78fb3f640b,2025-07-01,Cliffcrest (123),-79.23329029919245,43.72191819765982,0,0.7494962488981037,-0.7494962488981037
"Poisson (area, tuned)",2024-12-01,1.7703346781640914,sha256:bd942a7bcbe33ba673b7fdec9b2ff2b747cb0d530af4522e5d003d78fb3f640b,2025-07-01,Corso Italia-Davenport (92),-79.4427553703874,43.67658111935704,1,1.7182848225075518,-0.7182848225075518
"Poisson (area, tuned)",2024-12-01,1.7703346781640914,sha256:bd942a7bcbe33ba673b7fdec9b2ff2b747cb0d530af4522e5d003d78fb3f640b,2025-07-01,Danforth (66),-79.33065782618279,43.682847803276616,0,2.5668572746689247,-2.5668572746689247
"Poisson (area, tuned)",2024-12-01,1.7703346781640914,sha256:bd942a7bcbe33ba673b7fdec9b2ff2b747cb0d530af4522e5d003d78fb3f640b,2025-07-01,Danforth East York (59),-79.3313092800722,43.69082681262244,0,1.8131848821422145,-1.8131848821422145
"Poisson (area, tuned)",2024-12-01,1.7703346781640914,sha256:bd942a7bcbe33ba673b7fdec9b2ff2b747cb0d530af4522e5d003d78fb3f640b,2025-07-01,Don Valley Village (47),-79.35240298959988,43.77988611135725,1,0.8908348271881655,0.10916517281183447
"Poisson (area, tuned)",2024-12-01,1.7703346781640914,sha256:bd942a7bcbe33ba673b7fdec9b2ff2b747cb0d530af4522e5d003d78fb3f640b,2025-07-01,Dorset Park (126),-79.28077525994308,43.75528945083431,0,0.8308562738780882,-0.8308562738780882
"Poisson (area, tuned)",2024-12-01,1.7703346781640914,sha256:bd942a7bcbe33ba673b7fdec9b2ff2b747cb0d530af4522e5d003d78fb3f640b,2025-07-01,Dovercourt-Wallace Emerson-Junction (93),-79.43778332382438,43.66463002065643,4,6.296389606349957,-2.2963896063499574
"Poisson (area, tuned)",2024-12-01,1.7703346781640914,sha256:bd942a7bcbe33ba673b7fdec9b2ff2b747cb0d530af4522e5d003d78fb3f640b,2025-07-01,Downsview-Roding-CFB (26),-79.4835940990325,43.727986861303435,3,1.363521166478525,1.636478833521475
"Poisson (area, tuned)",2024-12-01,1.7703346781640914,sha256:bd942a7bcbe33ba673b7fdec9b2ff2b747cb0d530af4522e5d003d78fb3f640b,2025-07-01,Dufferin Grove (83),-79.4370618209781,43.65521640563446,0,3.2424184363569744,-3.2424184363569744
"Poisson (area, tuned)",2024-12-01,1.7703346781640914,sha256:bd942a7bcbe33ba673b7fdec9b2ff2b747cb0d530af4522e5d003d78fb3f640b,2025-07-01,East End-Danforth (62),-79.30055625233094,43.68572312555001,1,3.0191871996871127,-2.0191871996871127
"Poisson (area, tuned)",2024-12-01,1.7703346781640914,sha256:bd942a7bcbe33ba673b7fdec9b2ff2b747cb0d530af4522e5d003d78fb3f640b,2025-07-01,Edenbridge-Humber Valley (9),-79.52023309003076,43.66557816852869,0,0.9362166970478203,-0.9362166970478203
"Poisson (area, tuned)",2024-12-01,1.7703346781640914,sha256:bd942a7bcbe33ba673b7fdec9b2ff2b747cb0d530af4522e5d003d78fb3f640b,2025-07-01,Eglinton East (138),-79.24473615792672,43.73991827916189,0,0.771418661964271,-0.771418661964271
"Poisson (area, tuned)",2024-12-01,1.7703346781640914,sha256:bd942a7bcbe33ba673b7fdec9b2ff2b747cb0d530af4522e5d003d78fb3f640b,2025-07-01,Elms-Old Rexdale (5),-79.55208772185198,43.71927285915033,0,0.7518381801064157,-0.7518381801064157
"Poisson (area, tuned)",2024-12-01,1.7703346781640914,sha256:bd942a7bcbe33ba673b7fdec9b2ff2b747cb0d530af4522e5d003d78fb3f640b,2025-07-01,Englemount-Lawrence (32),-79.43712596977969,43.7204676607881,2,1.6334307216946513,0.3665692783053487
"Poisson (area, tuned)",2024-12-01,1.7703346781640914,sha256:bd942a7bcbe33ba673b7fdec9b2ff2b747cb0d530af4522e5d003d78fb3f640b,2025-07-01,Eringate-Centennial-West Deane (11),-79.57787073233334,43.65860025717794,0,0.7510670335344755,-0.7510670335344755
"Poisson (area, tuned)",2024-12-01,1.7703346781640914,sha256:bd942a7bcbe33ba673b7fdec9b2ff2b747cb0d530af4522e5d003d78fb3f640b,2025-07-01,Etobicoke West Mall (13),-79.5678030787646,43.64190931147644,0,0.7869075409574955,-0.7869075409574955
"Poisson (area, tuned)",2024-12-01,1.7703346781640914,sha256:bd942a7bcbe33ba673b7fdec9b2ff2b747cb0d530af4522e5d003d78fb3f640b,2025-07-01,Flemingdon Park (44),-79.33198682919883,43.71530756444098,0,1.3762553197413132,-1.3762553197413132
"Poisson (area, tuned)",2024-12-01,1.7703346781640914,sha256:bd942a7bcbe33ba673b7fdec9b2ff2b747cb0d530af4522e5d003d78fb3f640b,2025-07-01,Forest Hill North (102),-79.43346069412912,43.70194436532484,0,1.7937715250845225,-1.7937715250845225
"Poisson (area, tuned)",2024-12-01,1.7703346781640914,sha256:bd942a7bcbe33ba673b7fdec9b2ff2b747cb0d530af4522e5d003d78fb3f640b,2025-07-01,Forest Hill South (101),-79.41299883590433,43.6890600119443,1,1.9533539925027423,-0.9533539925027423
"Poisson (area, tuned)",2024-12-01,1.7703346781640914,sha256:bd942a7bcbe33ba673b7fdec9b2ff2b747cb0d530af4522e5d003d78fb3f640b,2025-07-01,Glenfield-Jane Heights (25),-79.50908241975385,43.74806287596809,0,1.0162873723695862,-1.0162873723695862
"Poisson (area, tuned)",2024-12-01,1.7703346781640914,sha256:bd942a7bcbe33ba673b7fdec9b2ff2b747cb0d530af4522e5d003d78fb3f640b,2025-07-01,Greenwood-Coxwell (65),-79.32392461588157,43.67182578504262,0,2.942802612688171,-2.942802612688171
"Poisson (area, tuned)",2024-12-01,1.7703346781640914,sha256:bd942a7bcbe33ba673b7fdec9b2ff2b747cb0d530af4522e5d003d78fb3f640b,2025-07-01,Guildwood (140),-79.1987335919193,43.747914590059,1,0.625647801160778,0.374352198839222
"Poisson (area, tuned)",2024-12-01,1.7703346781640914,sha256:bd942a7bcbe33ba673b7fdec9b2ff2b747cb0d530af4522e5d003d78fb3f640b,2025-07-01,Henry Farm (53),-79.34642185767248,43.76957681680956,3,0.9253052432986582,2.0746947567013416
"Poisson (area, tuned)",2024-12-01,1.7703346781640914,sha256:bd942a7bcbe33ba673b7fdec9b2ff2b747cb0d530af4522e5d003d78fb3f640b,2025-07-01,High Park North (88),-79.4652298180643,43.65722103912335,3,3.130642039933499,-0.1306420399334991
"Poisson (area, tuned)",2024-12-01,1.7703346781640914,sha256:bd942a7bcbe33ba673b7fdec9b2ff2b747cb0d530af4522e5d003d78fb3f640b,2025-07-01,High Park-Swansea (87),-79.4648159122912,43.64453199862067,0,2.294285086867901,-2.294285086867901
"Poisson (area, tuned)",2024-12-01,1.7703346781640914,sha256:bd942a7bcbe33ba673b7fdec9b2ff2b747cb0d530af4522e5d003d78fb3f640b,2025-07-01,Highland Creek (134),-79.18452149622338,43.786273991320705,0,0.6596166288714637,-0.6596166288714637
"Poisson (area, tuned)",2024-12-01,1.7703346781640914,sha256:bd942a7bcbe33ba673b7fdec9b2ff2b747cb0d530af4522e5d003d78fb3f640b,2025-07-01,Hillcrest Village (48),-79.35806283641195,43.79960270136573,1,0.7232505029757648,0.27674949702423524
"Poisson (area, tuned)",2024-12-01,1.7703346781640914,sha256:bd942a7bcbe33ba673b7fdec9b2ff2b747cb0d530af4522e5d003d78fb3f640b,2025-07-01,Humber Heights-Westmount (8),-79.51864457298561,43.69564007439048,0,0.8360230178973271,-0.8360230178973271
"Poisson (area, tuned)",2024-12-01,1.7703346781640914,sha256:bd942a7bcbe33ba673b7fdec9b2ff2b747cb0d530af4522e5d003d78fb3f640b,2025-07-01,Humber Summit (21),-79.56057763521508,43.75362439798188,0,0.7493446674112203,-0.7493446674112203
"Poisson (area, tuned)",2024-12-01,1.7703346781640914,sha256:bd942a7bcbe33ba673b7fdec9b2ff2b747cb0d530af4522e5d003d78fb3f640b,2025-07-01,Humbermede (22),-79.54521679307662,43.74787608113298,0,0.7343159782949623,-0.7343159782949623
"Poisson (area, tuned)",2024-12-01,1.7703346781640914,sha256:bd942a7bcbe33ba673b7fdec9b2ff2b747cb0d530af4522e5d003d78fb3f640b,2025-07-01,Humewood-Cedarvale (106),-79.42603840921164,43.68908389632168,1,2.3185644529372524,-1.3185644529372524
"Poisson (area, tuned)",2024-12-01,1.7703346781640914,sha256:bd942a7bcbe33ba673b7fdec9b2ff2b747cb0d530af4522e5d003d78fb3f640b,2025-07-01,Ionview (125),-79.2682783103958,43.73299077700163,0,0.770505743989237,-0.770505743989237
"Poisson (area, tuned)",2024-12-01,1.7703346781640914,sha256:bd942a7bcbe33ba673b7fdec9b2ff2b747cb0d530af4522e5d003d78fb3f640b,2025-07-01,Islington-City Centre West (14),-79.53678079261083,43.641361915813675,3,1.5337358982908549,1.4662641017091451
"Poisson (area, tuned)",2024-12-01,1.7703346781640914,sha256:bd942a7bcbe33ba673b7fdec9b2ff2b747cb0d530af4522e5d003d78fb3f640b,2025-07-01,Junction Area (90),-79.46892477498491,43.6655394100211,4,1.926339656309033,2.073660343690967
"Poisson (area, tuned)",2024-12-01,1.7703346781640914,sha256:bd942a7bcbe33ba673b7fdec9b2ff2b747cb0d530af4522e5d003d78fb3f640b,2025-07-01,Keelesdale-Eglinton West (110),-79.47055790633043,43.68391780141048,0,1.157196385079981,-1.157196385079981
"Poisson (area, tuned)",2024-12-01,1.7703346781640914,sha256:bd942a7bcbe33ba673b7fdec9b2ff2b747cb0d530af4522e5d003d78fb3f640b,2025-07-01,Kennedy Park (124),-79.25874986465229,43.728410786674374,0,0.8731793099584971,-0.8731793099584971
"Poisson (area, tuned)",2024-12-01,1.7703346781640914,sha256:bd942a7bcbe33ba673b7fdec9b2ff2b747cb0d530af4522e5d003d78fb3f640b,2025-07-01,Kensington-Chinatown (78),-79.3967980354919,43.65388049459246,10,9.331744416855264,0.6682555831447363
"Poisson (area, tuned)",2024-12-01,1.7703346781640914,sha256:bd942a7bcbe33ba673b7fdec9b2ff2b747cb0d530af4522e5d003d78fb3f640b,2025-07-01,Kingsview Village-The Westway (6),-79.54911503533694,43.69584358136977,0,0.8010908852126678,-0.8010908852126678
"Poisson (area, tuned)",2024-12-01,1.7703346781640914,sha256:bd942a7bcbe33ba673b7fdec9b2ff2b747cb0d530af4522e5d003d78fb3f640b,2025-07-01,Kingsway South (15),-79.51086459422443,43.65032283055947,1,1.1536675445369406,-0.15366754453694065
"Poisson (area, tuned)",2024-12-01,1.7703346781640914,sha256:bd942a7bcbe33ba673b7fdec9b2ff2b747cb0d530af4522e5d003d78fb3f640b,2025-07-01,L'Amoreaux (117),-79.3201008921114,43.79636378659849,1,0.7613046184752809,0.23869538152471914
"Poisson (area, tuned)",2024-12-01,1.7703346781640914,sha256:bd942a7bcbe33ba673b7fdec9b2ff2b747cb0d530af4522e5d003d78fb3f640b,2025-07-01,Lambton Baby Point (114),-79.49452130561747,43.65593529844182,0,1.119437368592013,-1.119437368592013
"Poisson (area, tuned)",2024-12-01,1.7703346781640914,sha256:bd942a7bcbe33ba673b7fdec9b2ff2b747cb0d530af4522e5d003d78fb3f640b,2025-07-01,Lansing-Westgate (38),-79.41222964417364,43.761840287387486,1,1.127484587467531,-0.127484587467531
"Poisson (area, tuned)",2024-12-01,1.7703346781640914,sha256:bd942a7bcbe33ba673b7fdec9b2ff2b747cb0d530af4522e5d003d78fb3f640b,2025-07-01,Lawrence Park North (105),-79.40643053379212,43.72768097403552,0,1.6999734595946046,-1.6999734595946046
"Poisson (area, tuned)",2024-12-01,1.7703346781640914,sha256:bd942a7bcbe33ba673b7fdec9b2ff2b747cb0d530af4522e5d003d78fb3f640b,2025-07-01,Lawrence Park South (103),-79.41020212544387,43.72248127246825,0,1.706249075082099,-1.706249075082099
"Poisson (area, tuned)",2024-12-01,1.7703346781640914,sha256:bd942a7bcbe33ba673b7fdec9b2ff2b747cb0d530af4522e5d003d78fb3f640b,2025-07-01,Leaside-Bennington (56),-79.36756549485442,43.70630335329757,0,2.4394628002740553,-2.4394628002740553
"Poisson (area, tuned)",2024-12-01,1.7703346781640914,sha256:bd942a7bcbe33ba673b7fdec9b2ff2b747cb0d530af4522e5d003d78fb3f640b,2025-07-01,Little Portugal (84),-79.42637552454019,43.64409148964972,7,3.7446225202843753,3.2553774797156247
"Poisson (area, tuned)",2024-12-01,1.7703346781640914,sha256:bd942a7bcbe33ba673b7fdec9b2ff2b747cb0d530af4522e5d003d78fb3f640b,2025-07-01,Long Branch (19),-79.53237502113143,43.591006620404656,0,1.2230245961897892,-1.2230245961897892
"Poisson (area, tuned)",2024-12-01,1.7703346781640914,sha256:bd942a7bcbe33ba673b7fdec9b2ff2b747cb0d530af4522e5d003d78fb3f640b,2025-07-01,Malvern (132),-79.22095167470565,43.80455499438271,2,0.6540694023322177,1.3459305976677824
"Poisson (area, tuned)",2024-12-01,1.7703346781640914,sha256:bd942a7bcbe33ba673b7fdec9b2ff2b747cb0d530af4522e5d003d78fb3f640b,2025-07-01,Maple Leaf (29),-79.4843756407544,43.718225646439535,0,0.8938648572115326,-0.8938648572115326
"Poisson (area, tuned)",2024-12-01,1.7703346781640914,sha256:bd942a7bcbe33ba673b7fdec9b2ff2b747cb0d530af4522e5d003d78fb3f640b,2025-07-01,Markland Wood (12),-79.57650734129277,43.633689780366026,1,0.8502630839606599,0.14973691603934014
"Poisson (area, tuned)",2024-12-01,1.7703346781640914,sha256:bd942a7bcbe33ba673b7fdec9b2ff2b747cb0d530af4522e5d003d78fb3f640b,2025-07-01,Milliken (130),-79.28878321264463,43.82084812422136,1,0.535066535571625,0.464933464428375
"Poisson (area, tuned)",2024-12-01,1.7703346781640914,sha256:bd942a7bcbe33ba673b7fdec9b2ff2b747cb0d530af4522e5d003d78fb3f640b,2025-07-01,Mimico (includes Humber Bay Shores) (17),-79.48568571369577,43.62094188018773,7,3.1969950421877655,3.8030049578122345
"Poisson (area, tuned)",2024-12-01,1.7703346781640914,sha256:bd942a7bcbe33ba673b7fdec9b2ff2b747cb0d530af4522e5d003d78fb3f640b,2025-07-01,Morningside (135),-79.20335964084892,43.78544794442794,0,0.5592020913319342,-0.5592020913319342
"Poisson (area, tuned)",2024-12-01,1.7703346781640914,sha256:bd942a7bcbe33ba673b7fdec9b2ff2b747cb0d530af4522e5d003d78fb3f640b,2025-07-01,Moss Park (73),-79.36913295325593,43.65425609335975,3,8.46694904723891,-5.466949047238909
"Poisson (area, tuned)",2024-12-01,1.7703346781640914,sha256:bd942a7bcbe33ba673b7fdec9b2ff2b747cb0d530af4522e5d003d78fb3f640b,2025-07-01,Mount Dennis (115),-79.48946593742998,43.68565859464735,1,1.025050725426651,-0.025050725426650988
"Poisson (area, tuned)",2024-12-01,1.7703346781640914,sha256:bd942a7bcbe33ba673b7fdec9b2ff2b747cb0d530af4522e5d003d78fb3f640b,2025-07-01,Mount Olive-Silverstone-Jamestown (2),-79.58577617904946,43.74325917379369,0,0.8502073446620764,-0.8502073446620764
"Poisson (area, tuned)",2024-12-01,1.7703346781640914,sha256:bd942a7bcbe33ba673b7fdec9b2ff2b747cb0d530af4522e5d003d78fb3f640b,2025-07-01,Mount Pleasant East (99),-79.38525136980005,43.70699758566823,0,2.242040398832415,-2.242040398832415
"Poisson (area, tuned)",2024-12-01,1.7703346781640914,sha256:bd942a7bcbe33ba673b7fdec9b2ff2b747cb0d530af4522e5d003d78fb3f640b,2025-07-01,Mount Pleasant West (104),-79.39441924813381,43.705281018271585,1,4.165655383504949,-3.165655383504949
"Poisson (area, tuned)",2024-12-01,1.7703346781640914,sha256:bd942a7bcbe33ba673b7fdec9b2ff2b747cb0d530af4522e5d003d78fb3f640b,2025-07-01,NSA,NA,NA,1,0.9315870370777706,0.06841296292222943
"Poisson (area, tuned)",2024-12-01,1.7703346781640914,sha256:bd942a7bcbe33ba673b7fdec9b2ff2b747cb0d530af4522e5d003d78fb3f640b,2025-07-01,New Toronto (18),-79.50819536860408,43.60067938873378,3,1.2466040611758473,1.7533959388241527
"Poisson (area, tuned)",2024-12-01,1.7703346781640914,sha256:bd942a7bcbe33ba673b7fdec9b2ff2b747cb0d530af4522e5d003d78fb3f640b,2025-07-01,Newtonbrook East (50),-79.4155662486542,43.782773804672864,0,0.9711149444649251,-0.9711149444649251
"Poisson (area, tuned)",2024-12-01,1.7703346781640914,sha256:bd942a7bcbe33ba673b7fdec9b2ff2b747cb0d530af4522e5d003d78fb3f640b,2025-07-01,Newtonbrook West (36),-79.42082573006313,43.78444945871987,3,1.372725687126736,1.627274312873264
"Poisson (area, tuned)",2024-12-01,1.7703346781640914,sha256:bd942a7bcbe33ba673b7fdec9b2ff2b747cb0d530af4522e5d003d78fb3f640b,2025-07-01,Niagara (82),-79.40825413058062,43.639170480800686,11,9.605966384684981,1.3940336153150188
"Poisson (area, tuned)",2024-12-01,1.7703346781640914,sha256:bd942a7bcbe33ba673b7fdec9b2ff2b747cb0d530af4522e5d003d78fb3f640b,2025-07-01,North Riverdale (68),-79.34942497640164,43.67320424441098,0,2.854647325569495,-2.854647325569495
"Poisson (area, tuned)",2024-12-01,1.7703346781640914,sha256:bd942a7bcbe33ba673b7fdec9b2ff2b747cb0d530af4522e5d003d78fb3f640b,2025-07-01,North St.James Town (74),-79.37622315570079,43.66924040879271,3,4.112690015807915,-1.1126900158079147
"Poisson (area, tuned)",2024-12-01,1.7703346781640914,sha256:bd942a7bcbe33ba673b7fdec9b2ff2b747cb0d530af4522e5d003d78fb3f640b,2025-07-01,O'Connor-Parkview (54),-79.30295705711893,43.707394189060395,0,1.2938505215959755,-1.2938505215959755
"Poisson (area, tuned)",2024-12-01,1.7703346781640914,sha256:bd942a7bcbe33ba673b7fdec9b2ff2b747cb0d530af4522e5d003d78fb3f640b,2025-07-01,Oakridge (121),-79.28580476562132,43.69338422103418,0,1.2910772831950297,-1.2910772831950297
"Poisson (area, tuned)",2024-12-01,1.7703346781640914,sha256:bd942a7bcbe33ba673b7fdec9b2ff2b747cb0d530af4522e5d003d78fb3f640b,2025-07-01,Oakwood Village (107),-79.43992214652974,43.693163772618576,0,1.7500910833292749,-1.7500910833292749
"Poisson (area, tuned)",2024-12-01,1.7703346781640914,sha256:bd942a7bcbe33ba673b7fdec9b2ff2b747cb0d530af4522e5d003d78fb3f640b,2025-07-01,Old East York (58),-79.33971322725657,43.69468655917457,0,1.545456927099187,-1.545456927099187
"Poisson (area, tuned)",2024-12-01,1.7703346781640914,sha256:bd942a7bcbe33ba673b7fdec9b2ff2b747cb0d530af4522e5d003d78fb3f640b,2025-07-01,Palmerston-Little Italy (80),-79.41607073008583,43.65977590713319,5,4.034202863105898,0.9657971368941016
"Poisson (area, tuned)",2024-12-01,1.7703346781640914,sha256:bd942a7bcbe33ba673b7fdec9b2ff2b747cb0d530af4522e5d003d78fb3f640b,2025-07-01,Parkwoods-Donalda (45),-79.32857716506125,43.75401452181123,0,1.0222607740157712,-1.0222607740157712
"Poisson (area, tuned)",2024-12-01,1.7703346781640914,sha256:bd942a7bcbe33ba673b7fdec9b2ff2b747cb0d530af4522e5d003d78fb3f640b,2025-07-01,Pelmo Park-Humberlea (23),-79.53452633259599,43.71053804014776,0,0.7801873707423689,-0.7801873707423689
"Poisson (area, tuned)",2024-12-01,1.7703346781640914,sha256:bd942a7bcbe33ba673b7fdec9b2ff2b747cb0d530af4522e5d003d78fb3f640b,2025-07-01,Playter Estates-Danforth (67),-79.35537498775473,43.678037843577414,0,2.3667255809188235,-2.3667255809188235
"Poisson (area, tuned)",2024-12-01,1.7703346781640914,sha256:bd942a7bcbe33ba673b7fdec9b2ff2b747cb0d530af4522e5d003d78fb3f640b,2025-07-01,Pleasant View (46),-79.33169496448295,43.78880674789264,0,0.7091966152778654,-0.7091966152778654
"Poisson (area, tuned)",2024-12-01,1.7703346781640914,sha256:bd942a7bcbe33ba673b7fdec9b2ff2b747cb0d530af4522e5d003d78fb3f640b,2025-07-01,Princess-Rosethorn (10),-79.54278218831497,43.6664342839495,0,0.8204464326520643,-0.8204464326520643
"Poisson (area, tuned)",2024-12-01,1.7703346781640914,sha256:bd942a7bcbe33ba673b7fdec9b2ff2b747cb0d530af4522e5d003d78fb3f640b,2025-07-01,Regent Park (72),-79.36178286088128,43.65943439853815,4,3.1530607503929797,0.8469392496070203
"Poisson (area, tuned)",2024-12-01,1.7703346781640914,sha256:bd942a7bcbe33ba673b7fdec9b2ff2b747cb0d530af4522e5d003d78fb3f640b,2025-07-01,Rexdale-Kipling (4),-79.56943957685264,43.726549256380395,0,0.6998897100307202,-0.6998897100307202
"Poisson (area, tuned)",2024-12-01,1.7703346781640914,sha256:bd942a7bcbe33ba673b7fdec9b2ff2b747cb0d530af4522e5d003d78fb3f640b,2025-07-01,Rockcliffe-Smythe (111),-79.49193279998173,43.67234248080122,3,1.213249236548828,1.786750763451172
"Poisson (area, tuned)",2024-12-01,1.7703346781640914,sha256:bd942a7bcbe33ba673b7fdec9b2ff2b747cb0d530af4522e5d003d78fb3f640b,2025-07-01,Roncesvalles (86),-79.44277811907274,43.64370439603947,3,3.191167791779919,-0.19116779177991905
"Poisson (area, tuned)",2024-12-01,1.7703346781640914,sha256:bd942a7bcbe33ba673b7fdec9b2ff2b747cb0d530af4522e5d003d78fb3f640b,2025-07-01,Rosedale-Moore Park (98),-79.38462305095243,43.67502671420579,3,5.142502545199609,-2.1425025451996094
"Poisson (area, tuned)",2024-12-01,1.7703346781640914,sha256:bd942a7bcbe33ba673b7fdec9b2ff2b747cb0d530af4522e5d003d78fb3f640b,2025-07-01,Rouge (131),-79.13309434834144,43.78938806538385,0,0.8337493150404227,-0.8337493150404227
"Poisson (area, tuned)",2024-12-01,1.7703346781640914,sha256:bd942a7bcbe33ba673b7fdec9b2ff2b747cb0d530af4522e5d003d78fb3f640b,2025-07-01,Runnymede-Bloor West Village (89),-79.48480851655415,43.65975616827931,0,1.4268351841063838,-1.4268351841063838
"Poisson (area, tuned)",2024-12-01,1.7703346781640914,sha256:bd942a7bcbe33ba673b7fdec9b2ff2b747cb0d530af4522e5d003d78fb3f640b,2025-07-01,Rustic (28),-79.50024894268427,43.70839284643953,0,0.8639802574354793,-0.8639802574354793
"Poisson (area, tuned)",2024-12-01,1.7703346781640914,sha256:bd942a7bcbe33ba673b7fdec9b2ff2b747cb0d530af4522e5d003d78fb3f640b,2025-07-01,Scarborough Village (139),-79.22121647737255,43.74178808353859,1,0.6897304293094582,0.31026957069054184
"Poisson (area, tuned)",2024-12-01,1.7703346781640914,sha256:bd942a7bcbe33ba673b7fdec9b2ff2b747cb0d530af4522e5d003d78fb3f640b,2025-07-01,South Parkdale (85),-79.43087572304012,43.63836538756867,4,3.2153707694435627,0.7846292305564373
"Poisson (area, tuned)",2024-12-01,1.7703346781640914,sha256:bd942a7bcbe33ba673b7fdec9b2ff2b747cb0d530af4522e5d003d78fb3f640b,2025-07-01,South Riverdale (70),-79.34033408773206,43.66227352160024,3,7.151365943886951,-4.151365943886951
"Poisson (area, tuned)",2024-12-01,1.7703346781640914,sha256:bd942a7bcbe33ba673b7fdec9b2ff2b747cb0d530af4522e5d003d78fb3f640b,2025-07-01,St.Andrew-Windfields (40),-79.39807496057622,43.75295000125709,0,1.2238631640699278,-1.2238631640699278
"Poisson (area, tuned)",2024-12-01,1.7703346781640914,sha256:bd942a7bcbe33ba673b7fdec9b2ff2b747cb0d530af4522e5d003d78fb3f640b,2025-07-01,Steeles (116),-79.32254019689177,43.815065444286134,0,0.565356494720981,-0.565356494720981
"Poisson (area, tuned)",2024-12-01,1.7703346781640914,sha256:bd942a7bcbe33ba673b7fdec9b2ff2b747cb0d530af4522e5d003d78fb3f640b,2025-07-01,Stonegate-Queensway (16),-79.50687874894817,43.63678476785418,4,1.2049597691140657,2.7950402308859346
"Poisson (area, tuned)",2024-12-01,1.7703346781640914,sha256:bd942a7bcbe33ba673b7fdec9b2ff2b747cb0d530af4522e5d003d78fb3f640b,2025-07-01,Tam O'Shanter-Sullivan (118),-79.29346258821549,43.78211963627784,0,0.7352041070824012,-0.7352041070824012
"Poisson (area, tuned)",2024-12-01,1.7703346781640914,sha256:bd942a7bcbe33ba673b7fdec9b2ff2b747cb0d530af4522e5d003d78fb3f640b,2025-07-01,Taylor-Massey (61),-79.29495186057909,43.692458919227406,0,1.495596071565342,-1.495596071565342
"Poisson (area, tuned)",2024-12-01,1.7703346781640914,sha256:bd942a7bcbe33ba673b7fdec9b2ff2b747cb0d530af4522e5d003d78fb3f640b,2025-07-01,The Beaches (63),-79.30297553719052,43.66875560841342,3,2.883859653672834,0.11614034632716619
"Poisson (area, tuned)",2024-12-01,1.7703346781640914,sha256:bd942a7bcbe33ba673b7fdec9b2ff2b747cb0d530af4522e5d003d78fb3f640b,2025-07-01,Thistletown-Beaumond Heights (3),-79.5659329290065,43.73754827301803,0,0.7035498132304432,-0.7035498132304432
"Poisson (area, tuned)",2024-12-01,1.7703346781640914,sha256:bd942a7bcbe33ba673b7fdec9b2ff2b747cb0d530af4522e5d003d78fb3f640b,2025-07-01,Thorncliffe Park (55),-79.35448121100222,43.71036836631147,1,1.7559070629471458,-0.7559070629471458
"Poisson (area, tuned)",2024-12-01,1.7703346781640914,sha256:bd942a7bcbe33ba673b7fdec9b2ff2b747cb0d530af4522e5d003d78fb3f640b,2025-07-01,Trinity-Bellwoods (81),-79.41373927922925,43.65087049509186,5,4.3789456162674,0.6210543837326004
"Poisson (area, tuned)",2024-12-01,1.7703346781640914,sha256:bd942a7bcbe33ba673b7fdec9b2ff2b747cb0d530af4522e5d003d78fb3f640b,2025-07-01,University (79),-79.39982104056267,43.66254295263539,7,7.743758426863601,-0.743758426863601
"Poisson (area, tuned)",2024-12-01,1.7703346781640914,sha256:bd942a7bcbe33ba673b7fdec9b2ff2b747cb0d530af4522e5d003d78fb3f640b,2025-07-01,Victoria Village (43),-79.3128138518101,43.72684844443762,0,1.0226213761097407,-1.0226213761097407
"Poisson (area, tuned)",2024-12-01,1.7703346781640914,sha256:bd942a7bcbe33ba673b7fdec9b2ff2b747cb0d530af4522e5d003d78fb3f640b,2025-07-01,Waterfront Communities-The Island (77),-79.38919773860151,43.64473008383375,32,28.76241957980582,3.237580420194181
"Poisson (area, tuned)",2024-12-01,1.7703346781640914,sha256:bd942a7bcbe33ba673b7fdec9b2ff2b747cb0d530af4522e5d003d78fb3f640b,2025-07-01,West Hill (136),-79.18284860837016,43.76769079627477,4,0.9490407021667189,3.0509592978332813
"Poisson (area, tuned)",2024-12-01,1.7703346781640914,sha256:bd942a7bcbe33ba673b7fdec9b2ff2b747cb0d530af4522e5d003d78fb3f640b,2025-07-01,West Humber-Clairville (1),-79.60420741329722,43.73006355433667,1,0.9209951023983224,0.079004897601677615
"Poisson (area, tuned)",2024-12-01,1.7703346781640914,sha256:bd942a7bcbe33ba673b7fdec9b2ff2b747cb0d530af4522e5d003d78fb3f640b,2025-07-01,Westminster-Branson (35),-79.44807552904417,43.781743102812335,0,1.0254955280437452,-1.0254955280437452
"Poisson (area, tuned)",2024-12-01,1.7703346781640914,sha256:bd942a7bcbe33ba673b7fdec9b2ff2b747cb0d530af4522e5d003d78fb3f640b,2025-07-01,Weston (113),-79.5165855480493,43.702833758307314,1,1.0368759441065085,-0.03687594410650852
"Poisson (area, tuned)",2024-12-01,1.7703346781640914,sha256:bd942a7bcbe33ba673b7fdec9b2ff2b747cb0d530af4522e5d003d78fb3f640b,2025-07-01,Weston-Pelham Park (91),-79.45875842314518,43.67071482937652,2,1.3942486022446303,0.6057513977553697
"Poisson (area, tuned)",2024-12-01,1.7703346781640914,sha256:bd942a7bcbe33ba673b7fdec9b2ff2b747cb0d530af4522e5d003d78fb3f640b,2025-07-01,Wexford/Maryvale (119),-79.30050366891615,43.74264083383781,1,1.157024371411047,-0.15702437141104708
"Poisson (area, tuned)",2024-12-01,1.7703346781640914,sha256:bd942a7bcbe33ba673b7fdec9b2ff2b747cb0d530af4522e5d003d78fb3f640b,2025-07-01,Willowdale East (51),-79.410074781475,43.76524478810602,3,2.5062516240684647,0.4937483759315353
"Poisson (area, tuned)",2024-12-01,1.7703346781640914,sha256:bd942a7bcbe33ba673b7fdec9b2ff2b747cb0d530af4522e5d003d78fb3f640b,2025-07-01,Willowdale West (37),-79.41563035776022,43.77061463226557,4,1.363367472181124,2.6366325278188762
"Poisson (area, tuned)",2024-12-01,1.7703346781640914,sha256:bd942a7bcbe33ba673b7fdec9b2ff2b747cb0d530af4522e5d003d78fb3f640b,2025-07-01,Willowridge-Martingrove-Richview (7),-79.55960317676033,43.68486812894035,1,0.792997028413308,0.207002971586692
"Poisson (area, tuned)",2024-12-01,1.7703346781640914,sha256:bd942a7bcbe33ba673b7fdec9b2ff2b747cb0d530af4522e5d003d78fb3f640b,2025-07-01,Woburn (137),-79.22656387770975,43.76289989874722,0,0.8018685138635007,-0.8018685138635007
"Poisson (area, tuned)",2024-12-01,1.7703346781640914,sha256:bd942a7bcbe33ba673b7fdec9b2ff2b747cb0d530af4522e5d003d78fb3f640b,2025-07-01,Woodbine Corridor (64),-79.31407054230695,43.67581440173363,0,2.0460257114566844,-2.0460257114566844
"Poisson (area, tuned)",2024-12-01,1.7703346781640914,sha256:bd942a7bcbe33ba673b7fdec9b2ff2b747cb0d530af4522e5d003d78fb3f640b,2025-07-01,Woodbine-Lumsden (60),-79.31039264658962,43.69145821847367,0,1.362515516780605,-1.362515516780605
"Poisson (area, tuned)",2024-12-01,1.7703346781640914,sha256:bd942a7bcbe33ba673b7fdec9b2ff2b747cb0d530af4522e5d003d78fb3f640b,2025-07-01,Wychwood (94),-79.42710542937913,43.6784532168336,2,2.22174246911707,-0.22174246911706996
"Poisson (area, tuned)",2024-12-01,1.7703346781640914,sha256:bd942a7bcbe33ba673b7fdec9b2ff2b747cb0d530af4522e5d003d78fb3f640b,2025-07-01,Yonge-Eglinton (100),-79.40102373824469,43.70674080495774,0,2.2050011526681073,-2.2050011526681073
"Poisson (area, tuned)",2024-12-01,1.7703346781640914,sha256:bd942a7bcbe33ba673b7fdec9b2ff2b747cb0d530af4522e5d003d78fb3f640b,2025-07-01,Yonge-St.Clair (97),-79.39834065134646,43.689263791751046,1,2.1846932566004336,-1.1846932566004336
"Poisson (area, tuned)",2024-12-01,1.7703346781640914,sha256:bd942a7bcbe33ba673b7fdec9b2ff2b747cb0d530af4522e5d003d78fb3f640b,2025-07-01,York University Heights (27),-79.49891755560928,43.76657476817609,5,1.6225196988863138,3.3774803011136862
"Poisson (area, tuned)",2024-12-01,1.7703346781640914,sha256:bd942a7bcbe33ba673b7fdec9b2ff2b747cb0d530af4522e5d003d78fb3f640b,2025-07-01,Yorkdale-Glen Park (31),-79.45130621630454,43.714348256200424,7,1.7635132107793567,5.236486789220644
"Poisson (area, tuned)",2024-12-01,1.7703346781640914,sha256:bd942a7bcbe33ba673b7fdec9b2ff2b747cb0d530af4522e5d003d78fb3f640b,2025-08-01,Agincourt North (129),-79.26928393506104,43.810980375100264,0,0.516839269311227,-0.516839269311227
"Poisson (area, tuned)",2024-12-01,1.7703346781640914,sha256:bd942a7bcbe33ba673b7fdec9b2ff2b747cb0d530af4522e5d003d78fb3f640b,2025-08-01,Agincourt South-Malvern West (128),-79.28002861084076,43.7889253690791,0,0.6377076552927892,-0.6377076552927892
"Poisson (area, tuned)",2024-12-01,1.7703346781640914,sha256:bd942a7bcbe33ba673b7fdec9b2ff2b747cb0d530af4522e5d003d78fb3f640b,2025-08-01,Alderwood (20),-79.54538918515296,43.6065751977772,0,0.8323528637042057,-0.8323528637042057
"Poisson (area, tuned)",2024-12-01,1.7703346781640914,sha256:bd942a7bcbe33ba673b7fdec9b2ff2b747cb0d530af4522e5d003d78fb3f640b,2025-08-01,Annex (95),-79.40380913861458,43.670104609767606,12,9.241908867860205,2.7580911321397945
"Poisson (area, tuned)",2024-12-01,1.7703346781640914,sha256:bd942a7bcbe33ba673b7fdec9b2ff2b747cb0d530af4522e5d003d78fb3f640b,2025-08-01,Banbury-Don Mills (42),-79.3409210158811,43.73511850435992,0,1.2569312302509075,-1.2569312302509075
"Poisson (area, tuned)",2024-12-01,1.7703346781640914,sha256:bd942a7bcbe33ba673b7fdec9b2ff2b747cb0d530af4522e5d003d78fb3f640b,2025-08-01,Bathurst Manor (34),-79.45175843487672,43.75609728872373,1,0.9855127185031858,0.01448728149681422
"Poisson (area, tuned)",2024-12-01,1.7703346781640914,sha256:bd942a7bcbe33ba673b7fdec9b2ff2b747cb0d530af4522e5d003d78fb3f640b,2025-08-01,Bay Street Corridor (76),-79.38436854475557,43.65730879641258,32,22.56341476159241,9.436585238407591
"Poisson (area, tuned)",2024-12-01,1.7703346781640914,sha256:bd942a7bcbe33ba673b7fdec9b2ff2b747cb0d530af4522e5d003d78fb3f640b,2025-08-01,Bayview Village (52),-79.38403601743099,43.769051789694494,0,1.301429022103007,-1.301429022103007
"Poisson (area, tuned)",2024-12-01,1.7703346781640914,sha256:bd942a7bcbe33ba673b7fdec9b2ff2b747cb0d530af4522e5d003d78fb3f640b,2025-08-01,Bayview Woods-Steeles (49),-79.3743681512798,43.797822785562154,0,0.6763916836129504,-0.6763916836129504
"Poisson (area, tuned)",2024-12-01,1.7703346781640914,sha256:bd942a7bcbe33ba673b7fdec9b2ff2b747cb0d530af4522e5d003d78fb3f640b,2025-08-01,Bedford Park-Nortown (39),-79.42125788351791,43.72757981721193,0,1.4799522889719325,-1.4799522889719325
"Poisson (area, tuned)",2024-12-01,1.7703346781640914,sha256:bd942a7bcbe33ba673b7fdec9b2ff2b747cb0d530af4522e5d003d78fb3f640b,2025-08-01,Beechborough-Greenbrook (112),-79.4744663865561,43.691508083029944,0,1.0111321181011872,-1.0111321181011872
"Poisson (area, tuned)",2024-12-01,1.7703346781640914,sha256:bd942a7bcbe33ba673b7fdec9b2ff2b747cb0d530af4522e5d003d78fb3f640b,2025-08-01,Bendale (127),-79.26046315357324,43.76293076745831,4,0.7835948331156104,3.21640516688439
"Poisson (area, tuned)",2024-12-01,1.7703346781640914,sha256:bd942a7bcbe33ba673b7fdec9b2ff2b747cb0d530af4522e5d003d78fb3f640b,2025-08-01,Birchcliffe-Cliffside (122),-79.27062357025366,43.69131003372983,0,1.2587717517894215,-1.2587717517894215
"Poisson (area, tuned)",2024-12-01,1.7703346781640914,sha256:bd942a7bcbe33ba673b7fdec9b2ff2b747cb0d530af4522e5d003d78fb3f640b,2025-08-01,Black Creek (24),-79.51869671361172,43.76523138519309,0,0.8175810239921933,-0.8175810239921933
"Poisson (area, tuned)",2024-12-01,1.7703346781640914,sha256:bd942a7bcbe33ba673b7fdec9b2ff2b747cb0d530af4522e5d003d78fb3f640b,2025-08-01,Blake-Jones (69),-79.3394451105104,43.67664416992363,1,2.0038468388197477,-1.0038468388197477
"Poisson (area, tuned)",2024-12-01,1.7703346781640914,sha256:bd942a7bcbe33ba673b7fdec9b2ff2b747cb0d530af4522e5d003d78fb3f640b,2025-08-01,Briar Hill-Belgravia (108),-79.445578280552,43.699313061287725,0,1.4607412240065274,-1.4607412240065274
"Poisson (area, tuned)",2024-12-01,1.7703346781640914,sha256:bd942a7bcbe33ba673b7fdec9b2ff2b747cb0d530af4522e5d003d78fb3f640b,2025-08-01,Bridle Path-Sunnybrook-York Mills (41),-79.38366396163413,43.72516179918022,0,1.3772324257069337,-1.3772324257069337
"Poisson (area, tuned)",2024-12-01,1.7703346781640914,sha256:bd942a7bcbe33ba673b7fdec9b2ff2b747cb0d530af4522e5d003d78fb3f640b,2025-08-01,Broadview North (57),-79.35364911130229,43.683932870884654,1,2.023073237942508,-1.023073237942508
"Poisson (area, tuned)",2024-12-01,1.7703346781640914,sha256:bd942a7bcbe33ba673b7fdec9b2ff2b747cb0d530af4522e5d003d78fb3f640b,2025-08-01,Brookhaven-Amesbury (30),-79.49015206607174,43.69942696476651,0,1.0026217597530944,-1.0026217597530944
"Poisson (area, tuned)",2024-12-01,1.7703346781640914,sha256:bd942a7bcbe33ba673b7fdec9b2ff2b747cb0d530af4522e5d003d78fb3f640b,2025-08-01,Cabbagetown-South St.James Town (71),-79.36975340775743,43.66521290431659,4,4.435437370465299,-0.43543737046529873
"Poisson (area, tuned)",2024-12-01,1.7703346781640914,sha256:bd942a7bcbe33ba673b7fdec9b2ff2b747cb0d530af4522e5d003d78fb3f640b,2025-08-01,Caledonia-Fairbank (109),-79.4517849962554,43.690036179158305,0,1.2533343391505452,-1.2533343391505452
"Poisson (area, tuned)",2024-12-01,1.7703346781640914,sha256:bd942a7bcbe33ba673b7fdec9b2ff2b747cb0d530af4522e5d003d78fb3f640b,2025-08-01,Casa Loma (96),-79.40864864037756,43.67955392863041,1,2.09681667406558,-1.0968166740655798
"Poisson (area, tuned)",2024-12-01,1.7703346781640914,sha256:bd942a7bcbe33ba673b7fdec9b2ff2b747cb0d530af4522e5d003d78fb3f640b,2025-08-01,Centennial Scarborough (133),-79.15053423026679,43.780757885389185,0,0.6271840255727064,-0.6271840255727064
"Poisson (area, tuned)",2024-12-01,1.7703346781640914,sha256:bd942a7bcbe33ba673b7fdec9b2ff2b747cb0d530af4522e5d003d78fb3f640b,2025-08-01,Church-Yonge Corridor (75),-79.37956284727365,43.66018909929288,23,20.399244967826135,2.600755032173865
"Poisson (area, tuned)",2024-12-01,1.7703346781640914,sha256:bd942a7bcbe33ba673b7fdec9b2ff2b747cb0d530af4522e5d003d78fb3f640b,2025-08-01,Clairlea-Birchmount (120),-79.28672506823307,43.709414591668256,0,1.2583243974550877,-1.2583243974550877
"Poisson (area, tuned)",2024-12-01,1.7703346781640914,sha256:bd942a7bcbe33ba673b7fdec9b2ff2b747cb0d530af4522e5d003d78fb3f640b,2025-08-01,Clanton Park (33),-79.44643447690169,43.74149776462126,6,1.179599896484691,4.8204001035153095
"Poisson (area, tuned)",2024-12-01,1.7703346781640914,sha256:bd942a7bcbe33ba673b7fdec9b2ff2b747cb0d530af4522e5d003d78fb3f640b,2025-08-01,Cliffcrest (123),-79.23329029919245,43.72191819765982,0,0.7282737566163132,-0.7282737566163132
"Poisson (area, tuned)",2024-12-01,1.7703346781640914,sha256:bd942a7bcbe33ba673b7fdec9b2ff2b747cb0d530af4522e5d003d78fb3f640b,2025-08-01,Corso Italia-Davenport (92),-79.4427553703874,43.67658111935704,0,1.6696304277227927,-1.6696304277227927
"Poisson (area, tuned)",2024-12-01,1.7703346781640914,sha256:bd942a7bcbe33ba673b7fdec9b2ff2b747cb0d530af4522e5d003d78fb3f640b,2025-08-01,Danforth (66),-79.33065782618279,43.682847803276616,0,2.4941749780193985,-2.4941749780193985
"Poisson (area, tuned)",2024-12-01,1.7703346781640914,sha256:bd942a7bcbe33ba673b7fdec9b2ff2b747cb0d530af4522e5d003d78fb3f640b,2025-08-01,Danforth East York (59),-79.3313092800722,43.69082681262244,0,1.7618433281006896,-1.7618433281006896
"Poisson (area, tuned)",2024-12-01,1.7703346781640914,sha256:bd942a7bcbe33ba673b7fdec9b2ff2b747cb0d530af4522e5d003d78fb3f640b,2025-08-01,Don Valley Village (47),-79.35240298959988,43.77988611135725,0,0.8656102376426595,-0.8656102376426595
"Poisson (area, tuned)",2024-12-01,1.7703346781640914,sha256:bd942a7bcbe33ba673b7fdec9b2ff2b747cb0d530af4522e5d003d78fb3f640b,2025-08-01,Dorset Park (126),-79.28077525994308,43.75528945083431,1,0.8073300175618245,0.19266998243817546
"Poisson (area, tuned)",2024-12-01,1.7703346781640914,sha256:bd942a7bcbe33ba673b7fdec9b2ff2b747cb0d530af4522e5d003d78fb3f640b,2025-08-01,Dovercourt-Wallace Emerson-Junction (93),-79.43778332382438,43.66463002065643,7,6.118103083875214,0.881896916124786
"Poisson (area, tuned)",2024-12-01,1.7703346781640914,sha256:bd942a7bcbe33ba673b7fdec9b2ff2b747cb0d530af4522e5d003d78fb3f640b,2025-08-01,Downsview-Roding-CFB (26),-79.4835940990325,43.727986861303435,5,1.324912144119585,3.675087855880415
"Poisson (area, tuned)",2024-12-01,1.7703346781640914,sha256:bd942a7bcbe33ba673b7fdec9b2ff2b747cb0d530af4522e5d003d78fb3f640b,2025-08-01,Dufferin Grove (83),-79.4370618209781,43.65521640563446,3,3.1506071693345072,-0.15060716933450724
"Poisson (area, tuned)",2024-12-01,1.7703346781640914,sha256:bd942a7bcbe33ba673b7fdec9b2ff2b747cb0d530af4522e5d003d78fb3f640b,2025-08-01,East End-Danforth (62),-79.30055625233094,43.68572312555001,4,2.933696875837137,1.066303124162863
"Poisson (area, tuned)",2024-12-01,1.7703346781640914,sha256:bd942a7bcbe33ba673b7fdec9b2ff2b747cb0d530af4522e5d003d78fb3f640b,2025-08-01,Edenbridge-Humber Valley (9),-79.52023309003076,43.66557816852869,0,0.9097070892193734,-0.9097070892193734
"Poisson (area, tuned)",2024-12-01,1.7703346781640914,sha256:bd942a7bcbe33ba673b7fdec9b2ff2b747cb0d530af4522e5d003d78fb3f640b,2025-08-01,Eglinton East (138),-79.24473615792672,43.73991827916189,2,0.7495754217564182,1.2504245782435817
"Poisson (area, tuned)",2024-12-01,1.7703346781640914,sha256:bd942a7bcbe33ba673b7fdec9b2ff2b747cb0d530af4522e5d003d78fb3f640b,2025-08-01,Elms-Old Rexdale (5),-79.55208772185198,43.71927285915033,0,0.7305493744613949,-0.7305493744613949
"Poisson (area, tuned)",2024-12-01,1.7703346781640914,sha256:bd942a7bcbe33ba673b7fdec9b2ff2b747cb0d530af4522e5d003d78fb3f640b,2025-08-01,Englemount-Lawrence (32),-79.43712596977969,43.7204676607881,0,1.5871790280604687,-1.5871790280604687
"Poisson (area, tuned)",2024-12-01,1.7703346781640914,sha256:bd942a7bcbe33ba673b7fdec9b2ff2b747cb0d530af4522e5d003d78fb3f640b,2025-08-01,Eringate-Centennial-West Deane (11),-79.57787073233334,43.65860025717794,0,0.7298000634252498,-0.7298000634252498
"Poisson (area, tuned)",2024-12-01,1.7703346781640914,sha256:bd942a7bcbe33ba673b7fdec9b2ff2b747cb0d530af4522e5d003d78fb3f640b,2025-08-01,Etobicoke West Mall (13),-79.5678030787646,43.64190931147644,0,0.7646257226842146,-0.7646257226842146
"Poisson (area, tuned)",2024-12-01,1.7703346781640914,sha256:bd942a7bcbe33ba673b7fdec9b2ff2b747cb0d530af4522e5d003d78fb3f640b,2025-08-01,Flemingdon Park (44),-79.33198682919883,43.71530756444098,4,1.337285721235752,2.662714278764248
"Poisson (area, tuned)",2024-12-01,1.7703346781640914,sha256:bd942a7bcbe33ba673b7fdec9b2ff2b747cb0d530af4522e5d003d78fb3f640b,2025-08-01,Forest Hill North (102),-79.43346069412912,43.70194436532484,0,1.7429796733542844,-1.7429796733542844
"Poisson (area, tuned)",2024-12-01,1.7703346781640914,sha256:bd942a7bcbe33ba673b7fdec9b2ff2b747cb0d530af4522e5d003d78fb3f640b,2025-08-01,Forest Hill South (101),-79.41299883590433,43.6890600119443,0,1.898043455471449,-1.898043455471449
"Poisson (area, tuned)",2024-12-01,1.7703346781640914,sha256:bd942a7bcbe33ba673b7fdec9b2ff2b747cb0d530af4522e5d003d78fb3f640b,2025-08-01,Glenfield-Jane Heights (25),-79.50908241975385,43.74806287596809,0,0.9875105093126947,-0.9875105093126947
"Poisson (area, tuned)",2024-12-01,1.7703346781640914,sha256:bd942a7bcbe33ba673b7fdec9b2ff2b747cb0d530af4522e5d003d78fb3f640b,2025-08-01,Greenwood-Coxwell (65),-79.32392461588157,43.67182578504262,9,2.8594751699872547,6.140524830012746
"Poisson (area, tuned)",2024-12-01,1.7703346781640914,sha256:bd942a7bcbe33ba673b7fdec9b2ff2b747cb0d530af4522e5d003d78fb3f640b,2025-08-01,Guildwood (140),-79.1987335919193,43.747914590059,1,0.6079321612882975,0.3920678387117025
"Poisson (area, tuned)",2024-12-01,1.7703346781640914,sha256:bd942a7bcbe33ba673b7fdec9b2ff2b747cb0d530af4522e5d003d78fb3f640b,2025-08-01,Henry Farm (53),-79.34642185767248,43.76957681680956,0,0.899104600649577,-0.899104600649577
"Poisson (area, tuned)",2024-12-01,1.7703346781640914,sha256:bd942a7bcbe33ba673b7fdec9b2ff2b747cb0d530af4522e5d003d78fb3f640b,2025-08-01,High Park North (88),-79.4652298180643,43.65722103912335,6,3.041995797037398,2.958004202962602
"Poisson (area, tuned)",2024-12-01,1.7703346781640914,sha256:bd942a7bcbe33ba673b7fdec9b2ff2b747cb0d530af4522e5d003d78fb3f640b,2025-08-01,High Park-Swansea (87),-79.4648159122912,43.64453199862067,2,2.229320855732835,-0.22932085573283478
"Poisson (area, tuned)",2024-12-01,1.7703346781640914,sha256:bd942a7bcbe33ba673b7fdec9b2ff2b747cb0d530af4522e5d003d78fb3f640b,2025-08-01,Highland Creek (134),-79.18452149622338,43.786273991320705,0,0.640939138709577,-0.640939138709577
"Poisson (area, tuned)",2024-12-01,1.7703346781640914,sha256:bd942a7bcbe33ba673b7fdec9b2ff2b747cb0d530af4522e5d003d78fb3f640b,2025-08-01,Hillcrest Village (48),-79.35806283641195,43.79960270136573,2,0.7027711767085948,1.2972288232914053
"Poisson (area, tuned)",2024-12-01,1.7703346781640914,sha256:bd942a7bcbe33ba673b7fdec9b2ff2b747cb0d530af4522e5d003d78fb3f640b,2025-08-01,Humber Heights-Westmount (8),-79.51864457298561,43.69564007439048,0,0.8123504617360255,-0.8123504617360255
"Poisson (area, tuned)",2024-12-01,1.7703346781640914,sha256:bd942a7bcbe33ba673b7fdec9b2ff2b747cb0d530af4522e5d003d78fb3f640b,2025-08-01,Humber Summit (21),-79.56057763521508,43.75362439798188,0,0.7281264672615654,-0.7281264672615654
"Poisson (area, tuned)",2024-12-01,1.7703346781640914,sha256:bd942a7bcbe33ba673b7fdec9b2ff2b747cb0d530af4522e5d003d78fb3f640b,2025-08-01,Humbermede (22),-79.54521679307662,43.74787608113298,1,0.7135233256236893,0.28647667437631075
"Poisson (area, tuned)",2024-12-01,1.7703346781640914,sha256:bd942a7bcbe33ba673b7fdec9b2ff2b747cb0d530af4522e5d003d78fb3f640b,2025-08-01,Humewood-Cedarvale (106),-79.42603840921164,43.68908389632168,1,2.252912735160631,-1.2529127351606308
"Poisson (area, tuned)",2024-12-01,1.7703346781640914,sha256:bd942a7bcbe33ba673b7fdec9b2ff2b747cb0d530af4522e5d003d78fb3f640b,2025-08-01,Ionview (125),-79.2682783103958,43.73299077700163,0,0.7486883536701696,-0.7486883536701696
"Poisson (area, tuned)",2024-12-01,1.7703346781640914,sha256:bd942a7bcbe33ba673b7fdec9b2ff2b747cb0d530af4522e5d003d78fb3f640b,2025-08-01,Islington-City Centre West (14),-79.53678079261083,43.641361915813675,3,1.490307130886566,1.509692869113434
"Poisson (area, tuned)",2024-12-01,1.7703346781640914,sha256:bd942a7bcbe33ba673b7fdec9b2ff2b747cb0d530af4522e5d003d78fb3f640b,2025-08-01,Junction Area (90),-79.46892477498491,43.6655394100211,2,1.8717940484447786,0.1282059515552214
"Poisson (area, tuned)",2024-12-01,1.7703346781640914,sha256:bd942a7bcbe33ba673b7fdec9b2ff2b747cb0d530af4522e5d003d78fb3f640b,2025-08-01,Keelesdale-Eglinton West (110),-79.47055790633043,43.68391780141048,0,1.124429588198767,-1.124429588198767
"Poisson (area, tuned)",2024-12-01,1.7703346781640914,sha256:bd942a7bcbe33ba673b7fdec9b2ff2b747cb0d530af4522e5d003d78fb3f640b,2025-08-01,Kennedy Park (124),-79.25874986465229,43.728410786674374,2,0.8484546483028085,1.1515453516971914
"Poisson (area, tuned)",2024-12-01,1.7703346781640914,sha256:bd942a7bcbe33ba673b7fdec9b2ff2b747cb0d530af4522e5d003d78fb3f640b,2025-08-01,Kensington-Chinatown (78),-79.3967980354919,43.65388049459246,9,9.067509773715276,-0.06750977371527611
"Poisson (area, tuned)",2024-12-01,1.7703346781640914,sha256:bd942a7bcbe33ba673b7fdec9b2ff2b747cb0d530af4522e5d003d78fb3f640b,2025-08-01,Kingsview Village-The Westway (6),-79.54911503533694,43.69584358136977,0,0.7784074559714496,-0.7784074559714496
"Poisson (area, tuned)",2024-12-01,1.7703346781640914,sha256:bd942a7bcbe33ba673b7fdec9b2ff2b747cb0d530af4522e5d003d78fb3f640b,2025-08-01,Kingsway South (15),-79.51086459422443,43.65032283055947,0,1.1210006691580672,-1.1210006691580672
"Poisson (area, tuned)",2024-12-01,1.7703346781640914,sha256:bd942a7bcbe33ba673b7fdec9b2ff2b747cb0d530af4522e5d003d78fb3f640b,2025-08-01,L'Amoreaux (117),-79.3201008921114,43.79636378659849,1,0.7397477642369353,0.26025223576306467
"Poisson (area, tuned)",2024-12-01,1.7703346781640914,sha256:bd942a7bcbe33ba673b7fdec9b2ff2b747cb0d530af4522e5d003d78fb3f640b,2025-08-01,Lambton Baby Point (114),-79.49452130561747,43.65593529844182,0,1.0877397437542378,-1.0877397437542378
"Poisson (area, tuned)",2024-12-01,1.7703346781640914,sha256:bd942a7bcbe33ba673b7fdec9b2ff2b747cb0d530af4522e5d003d78fb3f640b,2025-08-01,Lansing-Westgate (38),-79.41222964417364,43.761840287387486,0,1.095559100194518,-1.095559100194518
"Poisson (area, tuned)",2024-12-01,1.7703346781640914,sha256:bd942a7bcbe33ba673b7fdec9b2ff2b747cb0d530af4522e5d003d78fb3f640b,2025-08-01,Lawrence Park North (105),-79.40643053379212,43.72768097403552,3,1.6518375634129547,1.3481624365870453
"Poisson (area, tuned)",2024-12-01,1.7703346781640914,sha256:bd942a7bcbe33ba673b7fdec9b2ff2b747cb0d530af4522e5d003d78fb3f640b,2025-08-01,Lawrence Park South (103),-79.41020212544387,43.72248127246825,0,1.6579354806111746,-1.6579354806111746
"Poisson (area, tuned)",2024-12-01,1.7703346781640914,sha256:bd942a7bcbe33ba673b7fdec9b2ff2b747cb0d530af4522e5d003d78fb3f640b,2025-08-01,Leaside-Bennington (56),-79.36756549485442,43.70630335329757,0,2.370387764172614,-2.370387764172614
"Poisson (area, tuned)",2024-12-01,1.7703346781640914,sha256:bd942a7bcbe33ba673b7fdec9b2ff2b747cb0d530af4522e5d003d78fb3f640b,2025-08-01,Little Portugal (84),-79.42637552454019,43.64409148964972,6,3.63859100558128,2.36140899441872
"Poisson (area, tuned)",2024-12-01,1.7703346781640914,sha256:bd942a7bcbe33ba673b7fdec9b2ff2b747cb0d530af4522e5d003d78fb3f640b,2025-08-01,Long Branch (19),-79.53237502113143,43.591006620404656,4,1.188393829069557,2.811606170930443
"Poisson (area, tuned)",2024-12-01,1.7703346781640914,sha256:bd942a7bcbe33ba673b7fdec9b2ff2b747cb0d530af4522e5d003d78fb3f640b,2025-08-01,Malvern (132),-79.22095167470565,43.80455499438271,0,0.6355489856347913,-0.6355489856347913
"Poisson (area, tuned)",2024-12-01,1.7703346781640914,sha256:bd942a7bcbe33ba673b7fdec9b2ff2b747cb0d530af4522e5d003d78fb3f640b,2025-08-01,Maple Leaf (29),-79.4843756407544,43.718225646439535,0,0.868554470320304,-0.868554470320304
"Poisson (area, tuned)",2024-12-01,1.7703346781640914,sha256:bd942a7bcbe33ba673b7fdec9b2ff2b747cb0d530af4522e5d003d78fb3f640b,2025-08-01,Markland Wood (12),-79.57650734129277,43.633689780366026,0,0.8261873107151293,-0.8261873107151293
"Poisson (area, tuned)",2024-12-01,1.7703346781640914,sha256:bd942a7bcbe33ba673b7fdec9b2ff2b747cb0d530af4522e5d003d78fb3f640b,2025-08-01,Milliken (130),-79.28878321264463,43.82084812422136,0,0.5199157653868405,-0.5199157653868405
"Poisson (area, tuned)",2024-12-01,1.7703346781640914,sha256:bd942a7bcbe33ba673b7fdec9b2ff2b747cb0d530af4522e5d003d78fb3f640b,2025-08-01,Mimico (includes Humber Bay Shores) (17),-79.48568571369577,43.62094188018773,7,3.106469969237099,3.893530030762901
"Poisson (area, tuned)",2024-12-01,1.7703346781640914,sha256:bd942a7bcbe33ba673b7fdec9b2ff2b747cb0d530af4522e5d003d78fb3f640b,2025-08-01,Morningside (135),-79.20335964084892,43.78544794442794,0,0.5433679065915827,-0.5433679065915827
"Poisson (area, tuned)",2024-12-01,1.7703346781640914,sha256:bd942a7bcbe33ba673b7fdec9b2ff2b747cb0d530af4522e5d003d78fb3f640b,2025-08-01,Moss Park (73),-79.36913295325593,43.65425609335975,10,8.227201668823717,1.7727983311762827
"Poisson (area, tuned)",2024-12-01,1.7703346781640914,sha256:bd942a7bcbe33ba673b7fdec9b2ff2b747cb0d530af4522e5d003d78fb3f640b,2025-08-01,Mount Dennis (115),-79.48946593742998,43.68565859464735,0,0.9960257221116999,-0.9960257221116999
"Poisson (area, tuned)",2024-12-01,1.7703346781640914,sha256:bd942a7bcbe33ba673b7fdec9b2ff2b747cb0d530af4522e5d003d78fb3f640b,2025-08-01,Mount Olive-Silverstone-Jamestown (2),-79.58577617904946,43.74325917379369,2,0.8261331497124155,1.1738668502875846
"Poisson (area, tuned)",2024-12-01,1.7703346781640914,sha256:bd942a7bcbe33ba673b7fdec9b2ff2b747cb0d530af4522e5d003d78fb3f640b,2025-08-01,Mount Pleasant East (99),-79.38525136980005,43.70699758566823,1,2.178555511310113,-1.1785555113101132
"Poisson (area, tuned)",2024-12-01,1.7703346781640914,sha256:bd942a7bcbe33ba673b7fdec9b2ff2b747cb0d530af4522e5d003d78fb3f640b,2025-08-01,Mount Pleasant West (104),-79.39441924813381,43.705281018271585,5,4.047702039035239,0.9522979609647608
"Poisson (area, tuned)",2024-12-01,1.7703346781640914,sha256:bd942a7bcbe33ba673b7fdec9b2ff2b747cb0d530af4522e5d003d78fb3f640b,2025-08-01,NSA,NA,NA,0,0.9052085211969166,-0.9052085211969166
"Poisson (area, tuned)",2024-12-01,1.7703346781640914,sha256:bd942a7bcbe33ba673b7fdec9b2ff2b747cb0d530af4522e5d003d78fb3f640b,2025-08-01,New Toronto (18),-79.50819536860408,43.60067938873378,0,1.2113056255857448,-1.2113056255857448
"Poisson (area, tuned)",2024-12-01,1.7703346781640914,sha256:bd942a7bcbe33ba673b7fdec9b2ff2b747cb0d530af4522e5d003d78fb3f640b,2025-08-01,Newtonbrook East (50),-79.4155662486542,43.782773804672864,1,0.9436171692006219,0.056382830799378114
"Poisson (area, tuned)",2024-12-01,1.7703346781640914,sha256:bd942a7bcbe33ba673b7fdec9b2ff2b747cb0d530af4522e5d003d78fb3f640b,2025-08-01,Newtonbrook West (36),-79.42082573006313,43.78444945871987,2,1.3338560325515556,0.6661439674484444
"Poisson (area, tuned)",2024-12-01,1.7703346781640914,sha256:bd942a7bcbe33ba673b7fdec9b2ff2b747cb0d530af4522e5d003d78fb3f640b,2025-08-01,Niagara (82),-79.40825413058062,43.639170480800686,9,9.333966961395229,-0.3339669613952285
"Poisson (area, tuned)",2024-12-01,1.7703346781640914,sha256:bd942a7bcbe33ba673b7fdec9b2ff2b747cb0d530af4522e5d003d78fb3f640b,2025-08-01,North Riverdale (68),-79.34942497640164,43.67320424441098,1,2.773816059338075,-1.773816059338075
"Poisson (area, tuned)",2024-12-01,1.7703346781640914,sha256:bd942a7bcbe33ba673b7fdec9b2ff2b747cb0d530af4522e5d003d78fb3f640b,2025-08-01,North St.James Town (74),-79.37622315570079,43.66924040879271,4,3.9962364214821267,0.003763578517873345
"Poisson (area, tuned)",2024-12-01,1.7703346781640914,sha256:bd942a7bcbe33ba673b7fdec9b2ff2b747cb0d530af4522e5d003d78fb3f640b,2025-08-01,O'Connor-Parkview (54),-79.30295705711893,43.707394189060395,1,1.2572142705824039,-0.25721427058240387
"Poisson (area, tuned)",2024-12-01,1.7703346781640914,sha256:bd942a7bcbe33ba673b7fdec9b2ff2b747cb0d530af4522e5d003d78fb3f640b,2025-08-01,Oakridge (121),-79.28580476562132,43.69338422103418,0,1.2545195582990285,-1.2545195582990285
"Poisson (area, tuned)",2024-12-01,1.7703346781640914,sha256:bd942a7bcbe33ba673b7fdec9b2ff2b747cb0d530af4522e5d003d78fb3f640b,2025-08-01,Oakwood Village (107),-79.43992214652974,43.693163772618576,2,1.7005360727965466,0.2994639272034534
"Poisson (area, tuned)",2024-12-01,1.7703346781640914,sha256:bd942a7bcbe33ba673b7fdec9b2ff2b747cb0d530af4522e5d003d78fb3f640b,2025-08-01,Old East York (58),-79.33971322725657,43.69468655917457,0,1.5016962708511779,-1.5016962708511779
"Poisson (area, tuned)",2024-12-01,1.7703346781640914,sha256:bd942a7bcbe33ba673b7fdec9b2ff2b747cb0d530af4522e5d003d78fb3f640b,2025-08-01,Palmerston-Little Italy (80),-79.41607073008583,43.65977590713319,4,3.9199716854965203,0.08002831450347969
"Poisson (area, tuned)",2024-12-01,1.7703346781640914,sha256:bd942a7bcbe33ba673b7fdec9b2ff2b747cb0d530af4522e5d003d78fb3f640b,2025-08-01,Parkwoods-Donalda (45),-79.32857716506125,43.75401452181123,0,0.99331477005855,-0.99331477005855
"Poisson (area, tuned)",2024-12-01,1.7703346781640914,sha256:bd942a7bcbe33ba673b7fdec9b2ff2b747cb0d530af4522e5d003d78fb3f640b,2025-08-01,Pelmo Park-Humberlea (23),-79.53452633259599,43.71053804014776,0,0.7580958386255999,-0.7580958386255999
"Poisson (area, tuned)",2024-12-01,1.7703346781640914,sha256:bd942a7bcbe33ba673b7fdec9b2ff2b747cb0d530af4522e5d003d78fb3f640b,2025-08-01,Playter Estates-Danforth (67),-79.35537498775473,43.678037843577414,4,2.2997101482892273,1.7002898517107727
"Poisson (area, tuned)",2024-12-01,1.7703346781640914,sha256:bd942a7bcbe33ba673b7fdec9b2ff2b747cb0d530af4522e5d003d78fb3f640b,2025-08-01,Pleasant View (46),-79.33169496448295,43.78880674789264,0,0.6891152343288158,-0.6891152343288158
"Poisson (area, tuned)",2024-12-01,1.7703346781640914,sha256:bd942a7bcbe33ba673b7fdec9b2ff2b747cb0d530af4522e5d003d78fb3f640b,2025-08-01,Princess-Rosethorn (10),-79.54278218831497,43.6664342839495,0,0.7972149380179288,-0.7972149380179288
"Poisson (area, tuned)",2024-12-01,1.7703346781640914,sha256:bd942a7bcbe33ba673b7fdec9b2ff2b747cb0d530af4522e5d003d78fb3f640b,2025-08-01,Regent Park (72),-79.36178286088128,43.65943439853815,4,3.063779706575069,0.9362202934249311
"Poisson (area, tuned)",2024-12-01,1.7703346781640914,sha256:bd942a7bcbe33ba673b7fdec9b2ff2b747cb0d530af4522e5d003d78fb3f640b,2025-08-01,Rexdale-Kipling (4),-79.56943957685264,43.726549256380395,0,0.6800718603869511,-0.6800718603869511
"Poisson (area, tuned)",2024-12-01,1.7703346781640914,sha256:bd942a7bcbe33ba673b7fdec9b2ff2b747cb0d530af4522e5d003d78fb3f640b,2025-08-01,Rockcliffe-Smythe (111),-79.49193279998173,43.67234248080122,1,1.1788952653362967,-0.17889526533629674
"Poisson (area, tuned)",2024-12-01,1.7703346781640914,sha256:bd942a7bcbe33ba673b7fdec9b2ff2b747cb0d530af4522e5d003d78fb3f640b,2025-08-01,Roncesvalles (86),-79.44277811907274,43.64370439603947,2,3.100807721358599,-1.1008077213585992
"Poisson (area, tuned)",2024-12-01,1.7703346781640914,sha256:bd942a7bcbe33ba673b7fdec9b2ff2b747cb0d530af4522e5d003d78fb3f640b,2025-08-01,Rosedale-Moore Park (98),-79.38462305095243,43.67502671420579,5,4.996889113864845,0.0031108861351549777
"Poisson (area, tuned)",2024-12-01,1.7703346781640914,sha256:bd942a7bcbe33ba673b7fdec9b2ff2b747cb0d530af4522e5d003d78fb3f640b,2025-08-01,Rouge (131),-79.13309434834144,43.78938806538385,0,0.8101411403105194,-0.8101411403105194
"Poisson (area, tuned)",2024-12-01,1.7703346781640914,sha256:bd942a7bcbe33ba673b7fdec9b2ff2b747cb0d530af4522e5d003d78fb3f640b,2025-08-01,Runnymede-Bloor West Village (89),-79.48480851655415,43.65975616827931,0,1.38643338259423,-1.38643338259423
"Poisson (area, tuned)",2024-12-01,1.7703346781640914,sha256:bd942a7bcbe33ba673b7fdec9b2ff2b747cb0d530af4522e5d003d78fb3f640b,2025-08-01,Rustic (28),-79.50024894268427,43.70839284643953,0,0.8395160731623748,-0.8395160731623748
"Poisson (area, tuned)",2024-12-01,1.7703346781640914,sha256:bd942a7bcbe33ba673b7fdec9b2ff2b747cb0d530af4522e5d003d78fb3f640b,2025-08-01,Scarborough Village (139),-79.22121647737255,43.74178808353859,0,0.6702002465579684,-0.6702002465579684
"Poisson (area, tuned)",2024-12-01,1.7703346781640914,sha256:bd942a7bcbe33ba673b7fdec9b2ff2b747cb0d530af4522e5d003d78fb3f640b,2025-08-01,South Parkdale (85),-79.43087572304012,43.63836538756867,2,3.1243253753699656,-1.1243253753699656
"Poisson (area, tuned)",2024-12-01,1.7703346781640914,sha256:bd942a7bcbe33ba673b7fdec9b2ff2b747cb0d530af4522e5d003d78fb3f640b,2025-08-01,South Riverdale (70),-79.34033408773206,43.66227352160024,5,6.948870189209686,-1.9488701892096856
"Poisson (area, tuned)",2024-12-01,1.7703346781640914,sha256:bd942a7bcbe33ba673b7fdec9b2ff2b747cb0d530af4522e5d003d78fb3f640b,2025-08-01,St.Andrew-Windfields (40),-79.39807496057622,43.75295000125709,0,1.189208652334042,-1.189208652334042
"Poisson (area, tuned)",2024-12-01,1.7703346781640914,sha256:bd942a7bcbe33ba673b7fdec9b2ff2b747cb0d530af4522e5d003d78fb3f640b,2025-08-01,Steeles (116),-79.32254019689177,43.815065444286134,0,0.5493480438937544,-0.5493480438937544
"Poisson (area, tuned)",2024-12-01,1.7703346781640914,sha256:bd942a7bcbe33ba673b7fdec9b2ff2b747cb0d530af4522e5d003d78fb3f640b,2025-08-01,Stonegate-Queensway (16),-79.50687874894817,43.63678476785418,0,1.1708405197682723,-1.1708405197682723
"Poisson (area, tuned)",2024-12-01,1.7703346781640914,sha256:bd942a7bcbe33ba673b7fdec9b2ff2b747cb0d530af4522e5d003d78fb3f640b,2025-08-01,Tam O'Shanter-Sullivan (118),-79.29346258821549,43.78211963627784,0,0.7143863064449251,-0.7143863064449251
"Poisson (area, tuned)",2024-12-01,1.7703346781640914,sha256:bd942a7bcbe33ba673b7fdec9b2ff2b747cb0d530af4522e5d003d78fb3f640b,2025-08-01,Taylor-Massey (61),-79.29495186057909,43.692458919227406,0,1.4532472591034575,-1.4532472591034575
"Poisson (area, tuned)",2024-12-01,1.7703346781640914,sha256:bd942a7bcbe33ba673b7fdec9b2ff2b747cb0d530af4522e5d003d78fb3f640b,2025-08-01,The Beaches (63),-79.30297553719052,43.66875560841342,3,2.8022012206495632,0.19779877935043677
"Poisson (area, tuned)",2024-12-01,1.7703346781640914,sha256:bd942a7bcbe33ba673b7fdec9b2ff2b747cb0d530af4522e5d003d78fb3f640b,2025-08-01,Thistletown-Beaumond Heights (3),-79.5659329290065,43.73754827301803,1,0.6836283252935927,0.31637167470640726
"Poisson (area, tuned)",2024-12-01,1.7703346781640914,sha256:bd942a7bcbe33ba673b7fdec9b2ff2b747cb0d530af4522e5d003d78fb3f640b,2025-08-01,Thorncliffe Park (55),-79.35448121100222,43.71036836631147,2,1.7061873690250973,0.29381263097490273
"Poisson (area, tuned)",2024-12-01,1.7703346781640914,sha256:bd942a7bcbe33ba673b7fdec9b2ff2b747cb0d530af4522e5d003d78fb3f640b,2025-08-01,Trinity-Bellwoods (81),-79.41373927922925,43.65087049509186,4,4.254952814862133,-0.2549528148621327
"Poisson (area, tuned)",2024-12-01,1.7703346781640914,sha256:bd942a7bcbe33ba673b7fdec9b2ff2b747cb0d530af4522e5d003d78fb3f640b,2025-08-01,University (79),-79.39982104056267,43.66254295263539,9,7.524488679099321,1.4755113209006794
"Poisson (area, tuned)",2024-12-01,1.7703346781640914,sha256:bd942a7bcbe33ba673b7fdec9b2ff2b747cb0d530af4522e5d003d78fb3f640b,2025-08-01,Victoria Village (43),-79.3128138518101,43.72684844443762,0,0.9936651614607819,-0.9936651614607819
"Poisson (area, tuned)",2024-12-01,1.7703346781640914,sha256:bd942a7bcbe33ba673b7fdec9b2ff2b747cb0d530af4522e5d003d78fb3f640b,2025-08-01,Waterfront Communities-The Island (77),-79.38919773860151,43.64473008383375,47,27.947992251536387,19.052007748463613
"Poisson (area, tuned)",2024-12-01,1.7703346781640914,sha256:bd942a7bcbe33ba673b7fdec9b2ff2b747cb0d530af4522e5d003d78fb3f640b,2025-08-01,West Hill (136),-79.18284860837016,43.76769079627477,3,0.9221679739756851,2.077832026024315
"Poisson (area, tuned)",2024-12-01,1.7703346781640914,sha256:bd942a7bcbe33ba673b7fdec9b2ff2b747cb0d530af4522e5d003d78fb3f640b,2025-08-01,West Humber-Clairville (1),-79.60420741329722,43.73006355433667,0,0.894916504298664,-0.894916504298664
"Poisson (area, tuned)",2024-12-01,1.7703346781640914,sha256:bd942a7bcbe33ba673b7fdec9b2ff2b747cb0d530af4522e5d003d78fb3f640b,2025-08-01,Westminster-Branson (35),-79.44807552904417,43.781743102812335,0,0.9964579298423994,-0.9964579298423994
"Poisson (area, tuned)",2024-12-01,1.7703346781640914,sha256:bd942a7bcbe33ba673b7fdec9b2ff2b747cb0d530af4522e5d003d78fb3f640b,2025-08-01,Weston (113),-79.5165855480493,43.702833758307314,0,1.007516101741285,-1.007516101741285
"Poisson (area, tuned)",2024-12-01,1.7703346781640914,sha256:bd942a7bcbe33ba673b7fdec9b2ff2b747cb0d530af4522e5d003d78fb3f640b,2025-08-01,Weston-Pelham Park (91),-79.45875842314518,43.67071482937652,0,1.354769511797499,-1.354769511797499
"Poisson (area, tuned)",2024-12-01,1.7703346781640914,sha256:bd942a7bcbe33ba673b7fdec9b2ff2b747cb0d530af4522e5d003d78fb3f640b,2025-08-01,Wexford/Maryvale (119),-79.30050366891615,43.74264083383781,5,1.1242624452129977,3.875737554787002
"Poisson (area, tuned)",2024-12-01,1.7703346781640914,sha256:bd942a7bcbe33ba673b7fdec9b2ff2b747cb0d530af4522e5d003d78fb3f640b,2025-08-01,Willowdale East (51),-79.410074781475,43.76524478810602,3,2.435285417331319,0.5647145826686808
"Poisson (area, tuned)",2024-12-01,1.7703346781640914,sha256:bd942a7bcbe33ba673b7fdec9b2ff2b747cb0d530af4522e5d003d78fb3f640b,2025-08-01,Willowdale West (37),-79.41563035776022,43.77061463226557,0,1.324762801779976,-1.324762801779976
"Poisson (area, tuned)",2024-12-01,1.7703346781640914,sha256:bd942a7bcbe33ba673b7fdec9b2ff2b747cb0d530af4522e5d003d78fb3f640b,2025-08-01,Willowridge-Martingrove-Richview (7),-79.55960317676033,43.68486812894035,2,0.7705427821916271,1.229457217808373
"Poisson (area, tuned)",2024-12-01,1.7703346781640914,sha256:bd942a7bcbe33ba673b7fdec9b2ff2b747cb0d530af4522e5d003d78fb3f640b,2025-08-01,Woburn (137),-79.22656387770975,43.76289989874722,2,0.7791630655420473,1.2208369344579526
"Poisson (area, tuned)",2024-12-01,1.7703346781640914,sha256:bd942a7bcbe33ba673b7fdec9b2ff2b747cb0d530af4522e5d003d78fb3f640b,2025-08-01,Woodbine Corridor (64),-79.31407054230695,43.67581440173363,0,1.9880911121393798,-1.9880911121393798
"Poisson (area, tuned)",2024-12-01,1.7703346781640914,sha256:bd942a7bcbe33ba673b7fdec9b2ff2b747cb0d530af4522e5d003d78fb3f640b,2025-08-01,Woodbine-Lumsden (60),-79.31039264658962,43.69145821847367,0,1.3239349700717882,-1.3239349700717882
"Poisson (area, tuned)",2024-12-01,1.7703346781640914,sha256:bd942a7bcbe33ba673b7fdec9b2ff2b747cb0d530af4522e5d003d78fb3f640b,2025-08-01,Wychwood (94),-79.42710542937913,43.6784532168336,1,2.1588323311780426,-1.1588323311780426
"Poisson (area, tuned)",2024-12-01,1.7703346781640914,sha256:bd942a7bcbe33ba673b7fdec9b2ff2b747cb0d530af4522e5d003d78fb3f640b,2025-08-01,Yonge-Eglinton (100),-79.40102373824469,43.70674080495774,0,2.142565056406603,-2.142565056406603
"Poisson (area, tuned)",2024-12-01,1.7703346781640914,sha256:bd942a7bcbe33ba673b7fdec9b2ff2b747cb0d530af4522e5d003d78fb3f640b,2025-08-01,Yonge-St.Clair (97),-79.39834065134646,43.689263791751046,1,2.1228321921261992,-1.1228321921261992
"Poisson (area, tuned)",2024-12-01,1.7703346781640914,sha256:bd942a7bcbe33ba673b7fdec9b2ff2b747cb0d530af4522e5d003d78fb3f640b,2025-08-01,York University Heights (27),-79.49891755560928,43.76657476817609,1,1.5765769582291165,-0.5765769582291165
"Poisson (area, tuned)",2024-12-01,1.7703346781640914,sha256:bd942a7bcbe33ba673b7fdec9b2ff2b747cb0d530af4522e5d003d78fb3f640b,2025-08-01,Yorkdale-Glen Park (31),-79.45130621630454,43.714348256200424,1,1.713578143646434,-0.7135781436464339
"Poisson (area, tuned)",2024-12-01,1.7703346781640914,sha256:bd942a7bcbe33ba673b7fdec9b2ff2b747cb0d530af4522e5d003d78fb3f640b,2025-09-01,Agincourt North (129),-79.26928393506104,43.810980375100264,2,0.45293104671419326,1.5470689532858066
"Poisson (area, tuned)",2024-12-01,1.7703346781640914,sha256:bd942a7bcbe33ba673b7fdec9b2ff2b747cb0d530af4522e5d003d78fb3f640b,2025-09-01,Agincourt South-Malvern West (128),-79.28002861084076,43.7889253690791,2,0.5588538119294618,1.441146188070538
"Poisson (area, tuned)",2024-12-01,1.7703346781640914,sha256:bd942a7bcbe33ba673b7fdec9b2ff2b747cb0d530af4522e5d003d78fb3f640b,2025-09-01,Alderwood (20),-79.54538918515296,43.6065751977772,0,0.7294307460335092,-0.7294307460335092
"Poisson (area, tuned)",2024-12-01,1.7703346781640914,sha256:bd942a7bcbe33ba673b7fdec9b2ff2b747cb0d530af4522e5d003d78fb3f640b,2025-09-01,Annex (95),-79.40380913861458,43.670104609767606,13,8.099128115275697,4.900871884724303
"Poisson (area, tuned)",2024-12-01,1.7703346781640914,sha256:bd942a7bcbe33ba673b7fdec9b2ff2b747cb0d530af4522e5d003d78fb3f640b,2025-09-01,Banbury-Don Mills (42),-79.3409210158811,43.73511850435992,0,1.1015091375003139,-1.1015091375003139
"Poisson (area, tuned)",2024-12-01,1.7703346781640914,sha256:bd942a7bcbe33ba673b7fdec9b2ff2b747cb0d530af4522e5d003d78fb3f640b,2025-09-01,Bathurst Manor (34),-79.45175843487672,43.75609728872373,1,0.8636520745350061,0.13634792546499386
"Poisson (area, tuned)",2024-12-01,1.7703346781640914,sha256:bd942a7bcbe33ba673b7fdec9b2ff2b747cb0d530af4522e5d003d78fb3f640b,2025-09-01,Bay Street Corridor (76),-79.38436854475557,43.65730879641258,28,19.773402820249927,8.226597179750073
"Poisson (area, tuned)",2024-12-01,1.7703346781640914,sha256:bd942a7bcbe33ba673b7fdec9b2ff2b747cb0d530af4522e5d003d78fb3f640b,2025-09-01,Bayview Village (52),-79.38403601743099,43.769051789694494,0,1.140504687251982,-1.140504687251982
"Poisson (area, tuned)",2024-12-01,1.7703346781640914,sha256:bd942a7bcbe33ba673b7fdec9b2ff2b747cb0d530af4522e5d003d78fb3f640b,2025-09-01,Bayview Woods-Steeles (49),-79.3743681512798,43.797822785562154,0,0.5927544817866922,-0.5927544817866922
"Poisson (area, tuned)",2024-12-01,1.7703346781640914,sha256:bd942a7bcbe33ba673b7fdec9b2ff2b747cb0d530af4522e5d003d78fb3f640b,2025-09-01,Bedford Park-Nortown (39),-79.42125788351791,43.72757981721193,1,1.2969531905430292,-0.29695319054302916
"Poisson (area, tuned)",2024-12-01,1.7703346781640914,sha256:bd942a7bcbe33ba673b7fdec9b2ff2b747cb0d530af4522e5d003d78fb3f640b,2025-09-01,Beechborough-Greenbrook (112),-79.4744663865561,43.691508083029944,0,0.8861035834762211,-0.8861035834762211
"Poisson (area, tuned)",2024-12-01,1.7703346781640914,sha256:bd942a7bcbe33ba673b7fdec9b2ff2b747cb0d530af4522e5d003d78fb3f640b,2025-09-01,Bendale (127),-79.26046315357324,43.76293076745831,2,0.6867017446949583,1.3132982553050416
"Poisson (area, tuned)",2024-12-01,1.7703346781640914,sha256:bd942a7bcbe33ba673b7fdec9b2ff2b747cb0d530af4522e5d003d78fb3f640b,2025-09-01,Birchcliffe-Cliffside (122),-79.27062357025366,43.69131003372983,0,1.1031220748222983,-1.1031220748222983
"Poisson (area, tuned)",2024-12-01,1.7703346781640914,sha256:bd942a7bcbe33ba673b7fdec9b2ff2b747cb0d530af4522e5d003d78fb3f640b,2025-09-01,Black Creek (24),-79.51869671361172,43.76523138519309,0,0.7164854742247854,-0.7164854742247854
"Poisson (area, tuned)",2024-12-01,1.7703346781640914,sha256:bd942a7bcbe33ba673b7fdec9b2ff2b747cb0d530af4522e5d003d78fb3f640b,2025-09-01,Blake-Jones (69),-79.3394451105104,43.67664416992363,0,1.7560671180637788,-1.7560671180637788
"Poisson (area, tuned)",2024-12-01,1.7703346781640914,sha256:bd942a7bcbe33ba673b7fdec9b2ff2b747cb0d530af4522e5d003d78fb3f640b,2025-09-01,Briar Hill-Belgravia (108),-79.445578280552,43.699313061287725,0,1.2801176126759073,-1.2801176126759073
"Poisson (area, tuned)",2024-12-01,1.7703346781640914,sha256:bd942a7bcbe33ba673b7fdec9b2ff2b747cb0d530af4522e5d003d78fb3f640b,2025-09-01,Bridle Path-Sunnybrook-York Mills (41),-79.38366396163413,43.72516179918022,0,1.206934846447471,-1.206934846447471
"Poisson (area, tuned)",2024-12-01,1.7703346781640914,sha256:bd942a7bcbe33ba673b7fdec9b2ff2b747cb0d530af4522e5d003d78fb3f640b,2025-09-01,Broadview North (57),-79.35364911130229,43.683932870884654,0,1.7729161339886361,-1.7729161339886361
"Poisson (area, tuned)",2024-12-01,1.7703346781640914,sha256:bd942a7bcbe33ba673b7fdec9b2ff2b747cb0d530af4522e5d003d78fb3f640b,2025-09-01,Brookhaven-Amesbury (30),-79.49015206607174,43.69942696476651,0,0.8786455481770625,-0.8786455481770625
"Poisson (area, tuned)",2024-12-01,1.7703346781640914,sha256:bd942a7bcbe33ba673b7fdec9b2ff2b747cb0d530af4522e5d003d78fb3f640b,2025-09-01,Cabbagetown-South St.James Town (71),-79.36975340775743,43.66521290431659,0,3.886986554867141,-3.886986554867141
"Poisson (area, tuned)",2024-12-01,1.7703346781640914,sha256:bd942a7bcbe33ba673b7fdec9b2ff2b747cb0d530af4522e5d003d78fb3f640b,2025-09-01,Caledonia-Fairbank (109),-79.4517849962554,43.690036179158305,0,1.0983570092706323,-1.0983570092706323
"Poisson (area, tuned)",2024-12-01,1.7703346781640914,sha256:bd942a7bcbe33ba673b7fdec9b2ff2b747cb0d530af4522e5d003d78fb3f640b,2025-09-01,Casa Loma (96),-79.40864864037756,43.67955392863041,1,1.8375410448550955,-0.8375410448550955
"Poisson (area, tuned)",2024-12-01,1.7703346781640914,sha256:bd942a7bcbe33ba673b7fdec9b2ff2b747cb0d530af4522e5d003d78fb3f640b,2025-09-01,Centennial Scarborough (133),-79.15053423026679,43.780757885389185,0,0.5496314503416866,-0.5496314503416866
"Poisson (area, tuned)",2024-12-01,1.7703346781640914,sha256:bd942a7bcbe33ba673b7fdec9b2ff2b747cb0d530af4522e5d003d78fb3f640b,2025-09-01,Church-Yonge Corridor (75),-79.37956284727365,43.66018909929288,20,17.876837005380438,2.1231629946195625
"Poisson (area, tuned)",2024-12-01,1.7703346781640914,sha256:bd942a7bcbe33ba673b7fdec9b2ff2b747cb0d530af4522e5d003d78fb3f640b,2025-09-01,Clairlea-Birchmount (120),-79.28672506823307,43.709414591668256,0,1.1027300367575978,-1.1027300367575978
"Poisson (area, tuned)",2024-12-01,1.7703346781640914,sha256:bd942a7bcbe33ba673b7fdec9b2ff2b747cb0d530af4522e5d003d78fb3f640b,2025-09-01,Clanton Park (33),-79.44643447690169,43.74149776462126,2,1.0337399798021873,0.9662600201978127
"Poisson (area, tuned)",2024-12-01,1.7703346781640914,sha256:bd942a7bcbe33ba673b7fdec9b2ff2b747cb0d530af4522e5d003d78fb3f640b,2025-09-01,Cliffcrest (123),-79.23329029919245,43.72191819765982,1,0.6382212313671404,0.3617787686328596
"Poisson (area, tuned)",2024-12-01,1.7703346781640914,sha256:bd942a7bcbe33ba673b7fdec9b2ff2b747cb0d530af4522e5d003d78fb3f640b,2025-09-01,Corso Italia-Davenport (92),-79.4427553703874,43.67658111935704,2,1.4631772432117,0.5368227567882999
"Poisson (area, tuned)",2024-12-01,1.7703346781640914,sha256:bd942a7bcbe33ba673b7fdec9b2ff2b747cb0d530af4522e5d003d78fb3f640b,2025-09-01,Danforth (66),-79.33065782618279,43.682847803276616,1,2.1857651896075394,-1.1857651896075394
"Poisson (area, tuned)",2024-12-01,1.7703346781640914,sha256:bd942a7bcbe33ba673b7fdec9b2ff2b747cb0d530af4522e5d003d78fb3f640b,2025-09-01,Danforth East York (59),-79.3313092800722,43.69082681262244,1,1.5439878316648041,-0.5439878316648041
"Poisson (area, tuned)",2024-12-01,1.7703346781640914,sha256:bd942a7bcbe33ba673b7fdec9b2ff2b747cb0d530af4522e5d003d78fb3f640b,2025-09-01,Don Valley Village (47),-79.35240298959988,43.77988611135725,0,0.7585757783159509,-0.7585757783159509
"Poisson (area, tuned)",2024-12-01,1.7703346781640914,sha256:bd942a7bcbe33ba673b7fdec9b2ff2b747cb0d530af4522e5d003d78fb3f640b,2025-09-01,Dorset Park (126),-79.28077525994308,43.75528945083431,3,0.7075020255047058,2.2924979744952942
"Poisson (area, tuned)",2024-12-01,1.7703346781640914,sha256:bd942a7bcbe33ba673b7fdec9b2ff2b747cb0d530af4522e5d003d78fb3f640b,2025-09-01,Dovercourt-Wallace Emerson-Junction (93),-79.43778332382438,43.66463002065643,7,5.361587244285541,1.6384127557144588
"Poisson (area, tuned)",2024-12-01,1.7703346781640914,sha256:bd942a7bcbe33ba673b7fdec9b2ff2b747cb0d530af4522e5d003d78fb3f640b,2025-09-01,Downsview-Roding-CFB (26),-79.4835940990325,43.727986861303435,2,1.1610840736621137,0.8389159263378863
"Poisson (area, tuned)",2024-12-01,1.7703346781640914,sha256:bd942a7bcbe33ba673b7fdec9b2ff2b747cb0d530af4522e5d003d78fb3f640b,2025-09-01,Dufferin Grove (83),-79.4370618209781,43.65521640563446,7,2.7610282107503967,4.238971789249604
"Poisson (area, tuned)",2024-12-01,1.7703346781640914,sha256:bd942a7bcbe33ba673b7fdec9b2ff2b747cb0d530af4522e5d003d78fb3f640b,2025-09-01,East End-Danforth (62),-79.30055625233094,43.68572312555001,3,2.570939314433028,0.42906068556697186
"Poisson (area, tuned)",2024-12-01,1.7703346781640914,sha256:bd942a7bcbe33ba673b7fdec9b2ff2b747cb0d530af4522e5d003d78fb3f640b,2025-09-01,Edenbridge-Humber Valley (9),-79.52023309003076,43.66557816852869,0,0.797219964869458,-0.797219964869458
"Poisson (area, tuned)",2024-12-01,1.7703346781640914,sha256:bd942a7bcbe33ba673b7fdec9b2ff2b747cb0d530af4522e5d003d78fb3f640b,2025-09-01,Eglinton East (138),-79.24473615792672,43.73991827916189,0,0.6568889024624904,-0.6568889024624904
"Poisson (area, tuned)",2024-12-01,1.7703346781640914,sha256:bd942a7bcbe33ba673b7fdec9b2ff2b747cb0d530af4522e5d003d78fb3f640b,2025-09-01,Elms-Old Rexdale (5),-79.55208772185198,43.71927285915033,0,0.640215464456023,-0.640215464456023
"Poisson (area, tuned)",2024-12-01,1.7703346781640914,sha256:bd942a7bcbe33ba673b7fdec9b2ff2b747cb0d530af4522e5d003d78fb3f640b,2025-09-01,Englemount-Lawrence (32),-79.43712596977969,43.7204676607881,1,1.3909211261370926,-0.3909211261370926
"Poisson (area, tuned)",2024-12-01,1.7703346781640914,sha256:bd942a7bcbe33ba673b7fdec9b2ff2b747cb0d530af4522e5d003d78fb3f640b,2025-09-01,Eringate-Centennial-West Deane (11),-79.57787073233334,43.65860025717794,0,0.6395588072473554,-0.6395588072473554
"Poisson (area, tuned)",2024-12-01,1.7703346781640914,sha256:bd942a7bcbe33ba673b7fdec9b2ff2b747cb0d530af4522e5d003d78fb3f640b,2025-09-01,Etobicoke West Mall (13),-79.5678030787646,43.64190931147644,0,0.6700782031935955,-0.6700782031935955
"Poisson (area, tuned)",2024-12-01,1.7703346781640914,sha256:bd942a7bcbe33ba673b7fdec9b2ff2b747cb0d530af4522e5d003d78fb3f640b,2025-09-01,Flemingdon Park (44),-79.33198682919883,43.71530756444098,1,1.171927632903061,-0.171927632903061
"Poisson (area, tuned)",2024-12-01,1.7703346781640914,sha256:bd942a7bcbe33ba673b7fdec9b2ff2b747cb0d530af4522e5d003d78fb3f640b,2025-09-01,Forest Hill North (102),-79.43346069412912,43.70194436532484,1,1.5274567060393642,-0.5274567060393642
"Poisson (area, tuned)",2024-12-01,1.7703346781640914,sha256:bd942a7bcbe33ba673b7fdec9b2ff2b747cb0d530af4522e5d003d78fb3f640b,2025-09-01,Forest Hill South (101),-79.41299883590433,43.6890600119443,0,1.6633465373894205,-1.6633465373894205
"Poisson (area, tuned)",2024-12-01,1.7703346781640914,sha256:bd942a7bcbe33ba673b7fdec9b2ff2b747cb0d530af4522e5d003d78fb3f640b,2025-09-01,Glenfield-Jane Heights (25),-79.50908241975385,43.74806287596809,0,0.8654028344640511,-0.8654028344640511
"Poisson (area, tuned)",2024-12-01,1.7703346781640914,sha256:bd942a7bcbe33ba673b7fdec9b2ff2b747cb0d530af4522e5d003d78fb3f640b,2025-09-01,Greenwood-Coxwell (65),-79.32392461588157,43.67182578504262,2,2.505895272860296,-0.5058952728602959
"Poisson (area, tuned)",2024-12-01,1.7703346781640914,sha256:bd942a7bcbe33ba673b7fdec9b2ff2b747cb0d530af4522e5d003d78fb3f640b,2025-09-01,Guildwood (140),-79.1987335919193,43.747914590059,1,0.5327601180740023,0.46723988192599775
"Poisson (area, tuned)",2024-12-01,1.7703346781640914,sha256:bd942a7bcbe33ba673b7fdec9b2ff2b747cb0d530af4522e5d003d78fb3f640b,2025-09-01,Henry Farm (53),-79.34642185767248,43.76957681680956,0,0.7879284954884783,-0.7879284954884783
"Poisson (area, tuned)",2024-12-01,1.7703346781640914,sha256:bd942a7bcbe33ba673b7fdec9b2ff2b747cb0d530af4522e5d003d78fb3f640b,2025-09-01,High Park North (88),-79.4652298180643,43.65722103912335,0,2.6658468546488137,-2.6658468546488137
"Poisson (area, tuned)",2024-12-01,1.7703346781640914,sha256:bd942a7bcbe33ba673b7fdec9b2ff2b747cb0d530af4522e5d003d78fb3f640b,2025-09-01,High Park-Swansea (87),-79.4648159122912,43.64453199862067,2,1.9536608160492193,0.04633918395078074
"Poisson (area, tuned)",2024-12-01,1.7703346781640914,sha256:bd942a7bcbe33ba673b7fdec9b2ff2b747cb0d530af4522e5d003d78fb3f640b,2025-09-01,Highland Creek (134),-79.18452149622338,43.786273991320705,0,0.5616857158758392,-0.5616857158758392
"Poisson (area, tuned)",2024-12-01,1.7703346781640914,sha256:bd942a7bcbe33ba673b7fdec9b2ff2b747cb0d530af4522e5d003d78fb3f640b,2025-09-01,Hillcrest Village (48),-79.35806283641195,43.79960270136573,0,0.6158720971248667,-0.6158720971248667
"Poisson (area, tuned)",2024-12-01,1.7703346781640914,sha256:bd942a7bcbe33ba673b7fdec9b2ff2b747cb0d530af4522e5d003d78fb3f640b,2025-09-01,Humber Heights-Westmount (8),-79.51864457298561,43.69564007439048,0,0.711901681586995,-0.711901681586995
"Poisson (area, tuned)",2024-12-01,1.7703346781640914,sha256:bd942a7bcbe33ba673b7fdec9b2ff2b747cb0d530af4522e5d003d78fb3f640b,2025-09-01,Humber Summit (21),-79.56057763521508,43.75362439798188,0,0.6380921546394669,-0.6380921546394669
"Poisson (area, tuned)",2024-12-01,1.7703346781640914,sha256:bd942a7bcbe33ba673b7fdec9b2ff2b747cb0d530af4522e5d003d78fb3f640b,2025-09-01,Humbermede (22),-79.54521679307662,43.74787608113298,0,0.6252947210462855,-0.6252947210462855
"Poisson (area, tuned)",2024-12-01,1.7703346781640914,sha256:bd942a7bcbe33ba673b7fdec9b2ff2b747cb0d530af4522e5d003d78fb3f640b,2025-09-01,Humewood-Cedarvale (106),-79.42603840921164,43.68908389632168,1,1.9743355117963648,-0.9743355117963648
"Poisson (area, tuned)",2024-12-01,1.7703346781640914,sha256:bd942a7bcbe33ba673b7fdec9b2ff2b747cb0d530af4522e5d003d78fb3f640b,2025-09-01,Ionview (125),-79.2682783103958,43.73299077700163,0,0.6561115221420151,-0.6561115221420151
"Poisson (area, tuned)",2024-12-01,1.7703346781640914,sha256:bd942a7bcbe33ba673b7fdec9b2ff2b747cb0d530af4522e5d003d78fb3f640b,2025-09-01,Islington-City Centre West (14),-79.53678079261083,43.641361915813675,1,1.3060276352794074,-0.30602763527940735
"Poisson (area, tuned)",2024-12-01,1.7703346781640914,sha256:bd942a7bcbe33ba673b7fdec9b2ff2b747cb0d530af4522e5d003d78fb3f640b,2025-09-01,Junction Area (90),-79.46892477498491,43.6655394100211,1,1.6403429227142796,-0.6403429227142796
"Poisson (area, tuned)",2024-12-01,1.7703346781640914,sha256:bd942a7bcbe33ba673b7fdec9b2ff2b747cb0d530af4522e5d003d78fb3f640b,2025-09-01,Keelesdale-Eglinton West (110),-79.47055790633043,43.68391780141048,0,0.9853915918927522,-0.9853915918927522
"Poisson (area, tuned)",2024-12-01,1.7703346781640914,sha256:bd942a7bcbe33ba673b7fdec9b2ff2b747cb0d530af4522e5d003d78fb3f640b,2025-09-01,Kennedy Park (124),-79.25874986465229,43.728410786674374,0,0.7435415123495649,-0.7435415123495649
"Poisson (area, tuned)",2024-12-01,1.7703346781640914,sha256:bd942a7bcbe33ba673b7fdec9b2ff2b747cb0d530af4522e5d003d78fb3f640b,2025-09-01,Kensington-Chinatown (78),-79.3967980354919,43.65388049459246,9,7.946293822397104,1.053706177602896
"Poisson (area, tuned)",2024-12-01,1.7703346781640914,sha256:bd942a7bcbe33ba673b7fdec9b2ff2b747cb0d530af4522e5d003d78fb3f640b,2025-09-01,Kingsview Village-The Westway (6),-79.54911503533694,43.69584358136977,0,0.6821557972425962,-0.6821557972425962
"Poisson (area, tuned)",2024-12-01,1.7703346781640914,sha256:bd942a7bcbe33ba673b7fdec9b2ff2b747cb0d530af4522e5d003d78fb3f640b,2025-09-01,Kingsway South (15),-79.51086459422443,43.65032283055947,1,0.9823866656372992,0.01761333436270085
"Poisson (area, tuned)",2024-12-01,1.7703346781640914,sha256:bd942a7bcbe33ba673b7fdec9b2ff2b747cb0d530af4522e5d003d78fb3f640b,2025-09-01,L'Amoreaux (117),-79.3201008921114,43.79636378659849,1,0.6482764547028996,0.35172354529710037
"Poisson (area, tuned)",2024-12-01,1.7703346781640914,sha256:bd942a7bcbe33ba673b7fdec9b2ff2b747cb0d530af4522e5d003d78fb3f640b,2025-09-01,Lambton Baby Point (114),-79.49452130561747,43.65593529844182,1,0.9532385210353698,0.04676147896463023
"Poisson (area, tuned)",2024-12-01,1.7703346781640914,sha256:bd942a7bcbe33ba673b7fdec9b2ff2b747cb0d530af4522e5d003d78fb3f640b,2025-09-01,Lansing-Westgate (38),-79.41222964417364,43.761840287387486,1,0.9600909982123601,0.0399090017876399
"Poisson (area, tuned)",2024-12-01,1.7703346781640914,sha256:bd942a7bcbe33ba673b7fdec9b2ff2b747cb0d530af4522e5d003d78fb3f640b,2025-09-01,Lawrence Park North (105),-79.40643053379212,43.72768097403552,0,1.447584502616276,-1.447584502616276
"Poisson (area, tuned)",2024-12-01,1.7703346781640914,sha256:bd942a7bcbe33ba673b7fdec9b2ff2b747cb0d530af4522e5d003d78fb3f640b,2025-09-01,Lawrence Park South (103),-79.41020212544387,43.72248127246825,1,1.4529284000005578,-0.4529284000005578
"Poisson (area, tuned)",2024-12-01,1.7703346781640914,sha256:bd942a7bcbe33ba673b7fdec9b2ff2b747cb0d530af4522e5d003d78fb3f640b,2025-09-01,Leaside-Bennington (56),-79.36756549485442,43.70630335329757,0,2.0772845155051702,-2.0772845155051702
"Poisson (area, tuned)",2024-12-01,1.7703346781640914,sha256:bd942a7bcbe33ba673b7fdec9b2ff2b747cb0d530af4522e5d003d78fb3f640b,2025-09-01,Little Portugal (84),-79.42637552454019,43.64409148964972,1,3.188671857150191,-2.188671857150191
"Poisson (area, tuned)",2024-12-01,1.7703346781640914,sha256:bd942a7bcbe33ba673b7fdec9b2ff2b747cb0d530af4522e5d003d78fb3f640b,2025-09-01,Long Branch (19),-79.53237502113143,43.591006620404656,1,1.041446524809314,-0.0414465248093141
"Poisson (area, tuned)",2024-12-01,1.7703346781640914,sha256:bd942a7bcbe33ba673b7fdec9b2ff2b747cb0d530af4522e5d003d78fb3f640b,2025-09-01,Malvern (132),-79.22095167470565,43.80455499438271,0,0.5569620661474316,-0.5569620661474316
"Poisson (area, tuned)",2024-12-01,1.7703346781640914,sha256:bd942a7bcbe33ba673b7fdec9b2ff2b747cb0d530af4522e5d003d78fb3f640b,2025-09-01,Maple Leaf (29),-79.4843756407544,43.718225646439535,0,0.7611559506589556,-0.7611559506589556
"Poisson (area, tuned)",2024-12-01,1.7703346781640914,sha256:bd942a7bcbe33ba673b7fdec9b2ff2b747cb0d530af4522e5d003d78fb3f640b,2025-09-01,Markland Wood (12),-79.57650734129277,43.633689780366026,0,0.7240275761609184,-0.7240275761609184
"Poisson (area, tuned)",2024-12-01,1.7703346781640914,sha256:bd942a7bcbe33ba673b7fdec9b2ff2b747cb0d530af4522e5d003d78fb3f640b,2025-09-01,Milliken (130),-79.28878321264463,43.82084812422136,2,0.45562712781808584,1.544372872181914
"Poisson (area, tuned)",2024-12-01,1.7703346781640914,sha256:bd942a7bcbe33ba673b7fdec9b2ff2b747cb0d530af4522e5d003d78fb3f640b,2025-09-01,Mimico (includes Humber Bay Shores) (17),-79.48568571369577,43.62094188018773,6,2.722348664852512,3.277651335147488
"Poisson (area, tuned)",2024-12-01,1.7703346781640914,sha256:bd942a7bcbe33ba673b7fdec9b2ff2b747cb0d530af4522e5d003d78fb3f640b,2025-09-01,Morningside (135),-79.20335964084892,43.78544794442794,0,0.4761793642565222,-0.4761793642565222
"Poisson (area, tuned)",2024-12-01,1.7703346781640914,sha256:bd942a7bcbe33ba673b7fdec9b2ff2b747cb0d530af4522e5d003d78fb3f640b,2025-09-01,Moss Park (73),-79.36913295325593,43.65425609335975,7,7.209891516863767,-0.20989151686376673
"Poisson (area, tuned)",2024-12-01,1.7703346781640914,sha256:bd942a7bcbe33ba673b7fdec9b2ff2b747cb0d530af4522e5d003d78fb3f640b,2025-09-01,Mount Dennis (115),-79.48946593742998,43.68565859464735,0,0.8728651239514335,-0.8728651239514335
"Poisson (area, tuned)",2024-12-01,1.7703346781640914,sha256:bd942a7bcbe33ba673b7fdec9b2ff2b747cb0d530af4522e5d003d78fb3f640b,2025-09-01,Mount Olive-Silverstone-Jamestown (2),-79.58577617904946,43.74325917379369,0,0.7239801122759026,-0.7239801122759026
"Poisson (area, tuned)",2024-12-01,1.7703346781640914,sha256:bd942a7bcbe33ba673b7fdec9b2ff2b747cb0d530af4522e5d003d78fb3f640b,2025-09-01,Mount Pleasant East (99),-79.38525136980005,43.70699758566823,0,1.9091727092982902,-1.9091727092982902
"Poisson (area, tuned)",2024-12-01,1.7703346781640914,sha256:bd942a7bcbe33ba673b7fdec9b2ff2b747cb0d530af4522e5d003d78fb3f640b,2025-09-01,Mount Pleasant West (104),-79.39441924813381,43.705281018271585,7,3.547195482592911,3.452804517407089
"Poisson (area, tuned)",2024-12-01,1.7703346781640914,sha256:bd942a7bcbe33ba673b7fdec9b2ff2b747cb0d530af4522e5d003d78fb3f640b,2025-09-01,NSA,NA,NA,1,0.7932776538956002,0.20672234610439977
"Poisson (area, tuned)",2024-12-01,1.7703346781640914,sha256:bd942a7bcbe33ba673b7fdec9b2ff2b747cb0d530af4522e5d003d78fb3f640b,2025-09-01,New Toronto (18),-79.50819536860408,43.60067938873378,1,1.0615252312744965,-0.061525231274496495
"Poisson (area, tuned)",2024-12-01,1.7703346781640914,sha256:bd942a7bcbe33ba673b7fdec9b2ff2b747cb0d530af4522e5d003d78fb3f640b,2025-09-01,Newtonbrook East (50),-79.4155662486542,43.782773804672864,0,0.8269369947703346,-0.8269369947703346
"Poisson (area, tuned)",2024-12-01,1.7703346781640914,sha256:bd942a7bcbe33ba673b7fdec9b2ff2b747cb0d530af4522e5d003d78fb3f640b,2025-09-01,Newtonbrook West (36),-79.42082573006313,43.78444945871987,1,1.168922032172089,-0.168922032172089
"Poisson (area, tuned)",2024-12-01,1.7703346781640914,sha256:bd942a7bcbe33ba673b7fdec9b2ff2b747cb0d530af4522e5d003d78fb3f640b,2025-09-01,Niagara (82),-79.40825413058062,43.639170480800686,5,8.17980303906564,-3.1798030390656393
"Poisson (area, tuned)",2024-12-01,1.7703346781640914,sha256:bd942a7bcbe33ba673b7fdec9b2ff2b747cb0d530af4522e5d003d78fb3f640b,2025-09-01,North Riverdale (68),-79.34942497640164,43.67320424441098,1,2.4308280847601265,-1.4308280847601265
"Poisson (area, tuned)",2024-12-01,1.7703346781640914,sha256:bd942a7bcbe33ba673b7fdec9b2ff2b747cb0d530af4522e5d003d78fb3f640b,2025-09-01,North St.James Town (74),-79.37622315570079,43.66924040879271,3,3.5020936929026862,-0.5020936929026862
"Poisson (area, tuned)",2024-12-01,1.7703346781640914,sha256:bd942a7bcbe33ba673b7fdec9b2ff2b747cb0d530af4522e5d003d78fb3f640b,2025-09-01,O'Connor-Parkview (54),-79.30295705711893,43.707394189060395,0,1.1017571793214742,-1.1017571793214742
"Poisson (area, tuned)",2024-12-01,1.7703346781640914,sha256:bd942a7bcbe33ba673b7fdec9b2ff2b747cb0d530af4522e5d003d78fb3f640b,2025-09-01,Oakridge (121),-79.28580476562132,43.69338422103418,1,1.0993956736705406,-0.09939567367054059
"Poisson (area, tuned)",2024-12-01,1.7703346781640914,sha256:bd942a7bcbe33ba673b7fdec9b2ff2b747cb0d530af4522e5d003d78fb3f640b,2025-09-01,Oakwood Village (107),-79.43992214652974,43.693163772618576,1,1.4902613426673925,-0.4902613426673925
"Poisson (area, tuned)",2024-12-01,1.7703346781640914,sha256:bd942a7bcbe33ba673b7fdec9b2ff2b747cb0d530af4522e5d003d78fb3f640b,2025-09-01,Old East York (58),-79.33971322725657,43.69468655917457,0,1.3160084850167357,-1.3160084850167357
"Poisson (area, tuned)",2024-12-01,1.7703346781640914,sha256:bd942a7bcbe33ba673b7fdec9b2ff2b747cb0d530af4522e5d003d78fb3f640b,2025-09-01,Palmerston-Little Italy (80),-79.41607073008583,43.65977590713319,7,3.4352592460090214,3.5647407539909786
"Poisson (area, tuned)",2024-12-01,1.7703346781640914,sha256:bd942a7bcbe33ba673b7fdec9b2ff2b747cb0d530af4522e5d003d78fb3f640b,2025-09-01,Parkwoods-Donalda (45),-79.32857716506125,43.75401452181123,0,0.8704893866111543,-0.8704893866111543
"Poisson (area, tuned)",2024-12-01,1.7703346781640914,sha256:bd942a7bcbe33ba673b7fdec9b2ff2b747cb0d530af4522e5d003d78fb3f640b,2025-09-01,Pelmo Park-Humberlea (23),-79.53452633259599,43.71053804014776,0,0.66435575252623,-0.66435575252623
"Poisson (area, tuned)",2024-12-01,1.7703346781640914,sha256:bd942a7bcbe33ba673b7fdec9b2ff2b747cb0d530af4522e5d003d78fb3f640b,2025-09-01,Playter Estates-Danforth (67),-79.35537498775473,43.678037843577414,1,2.0153463299954133,-1.0153463299954133
"Poisson (area, tuned)",2024-12-01,1.7703346781640914,sha256:bd942a7bcbe33ba673b7fdec9b2ff2b747cb0d530af4522e5d003d78fb3f640b,2025-09-01,Pleasant View (46),-79.33169496448295,43.78880674789264,0,0.6039047396828038,-0.6039047396828038
"Poisson (area, tuned)",2024-12-01,1.7703346781640914,sha256:bd942a7bcbe33ba673b7fdec9b2ff2b747cb0d530af4522e5d003d78fb3f640b,2025-09-01,Princess-Rosethorn (10),-79.54278218831497,43.6664342839495,0,0.6986376960362434,-0.6986376960362434
"Poisson (area, tuned)",2024-12-01,1.7703346781640914,sha256:bd942a7bcbe33ba673b7fdec9b2ff2b747cb0d530af4522e5d003d78fb3f640b,2025-09-01,Regent Park (72),-79.36178286088128,43.65943439853815,2,2.684937139645101,-0.684937139645101
"Poisson (area, tuned)",2024-12-01,1.7703346781640914,sha256:bd942a7bcbe33ba673b7fdec9b2ff2b747cb0d530af4522e5d003d78fb3f640b,2025-09-01,Rexdale-Kipling (4),-79.56943957685264,43.726549256380395,0,0.5959795972477577,-0.5959795972477577
"Poisson (area, tuned)",2024-12-01,1.7703346781640914,sha256:bd942a7bcbe33ba673b7fdec9b2ff2b747cb0d530af4522e5d003d78fb3f640b,2025-09-01,Rockcliffe-Smythe (111),-79.49193279998173,43.67234248080122,1,1.0331224777226435,-0.03312247772264354
"Poisson (area, tuned)",2024-12-01,1.7703346781640914,sha256:bd942a7bcbe33ba673b7fdec9b2ff2b747cb0d530af4522e5d003d78fb3f640b,2025-09-01,Roncesvalles (86),-79.44277811907274,43.64370439603947,5,2.717386565394044,2.282613434605956
"Poisson (area, tuned)",2024-12-01,1.7703346781640914,sha256:bd942a7bcbe33ba673b7fdec9b2ff2b747cb0d530af4522e5d003d78fb3f640b,2025-09-01,Rosedale-Moore Park (98),-79.38462305095243,43.67502671420579,5,4.379013652878406,0.620986347121594
"Poisson (area, tuned)",2024-12-01,1.7703346781640914,sha256:bd942a7bcbe33ba673b7fdec9b2ff2b747cb0d530af4522e5d003d78fb3f640b,2025-09-01,Rouge (131),-79.13309434834144,43.78938806538385,0,0.7099655472311127,-0.7099655472311127
"Poisson (area, tuned)",2024-12-01,1.7703346781640914,sha256:bd942a7bcbe33ba673b7fdec9b2ff2b747cb0d530af4522e5d003d78fb3f640b,2025-09-01,Runnymede-Bloor West Village (89),-79.48480851655415,43.65975616827931,0,1.214998086377535,-1.214998086377535
"Poisson (area, tuned)",2024-12-01,1.7703346781640914,sha256:bd942a7bcbe33ba673b7fdec9b2ff2b747cb0d530af4522e5d003d78fb3f640b,2025-09-01,Rustic (28),-79.50024894268427,43.70839284643953,0,0.7357082101318648,-0.7357082101318648
"Poisson (area, tuned)",2024-12-01,1.7703346781640914,sha256:bd942a7bcbe33ba673b7fdec9b2ff2b747cb0d530af4522e5d003d78fb3f640b,2025-09-01,Scarborough Village (139),-79.22121647737255,43.74178808353859,2,0.5873286284653778,1.4126713715346222
"Poisson (area, tuned)",2024-12-01,1.7703346781640914,sha256:bd942a7bcbe33ba673b7fdec9b2ff2b747cb0d530af4522e5d003d78fb3f640b,2025-09-01,South Parkdale (85),-79.43087572304012,43.63836538756867,5,2.737996213847858,2.262003786152142
"Poisson (area, tuned)",2024-12-01,1.7703346781640914,sha256:bd942a7bcbe33ba673b7fdec9b2ff2b747cb0d530af4522e5d003d78fb3f640b,2025-09-01,South Riverdale (70),-79.34033408773206,43.66227352160024,2,6.089628314183961,-4.089628314183961
"Poisson (area, tuned)",2024-12-01,1.7703346781640914,sha256:bd942a7bcbe33ba673b7fdec9b2ff2b747cb0d530af4522e5d003d78fb3f640b,2025-09-01,St.Andrew-Windfields (40),-79.39807496057622,43.75295000125709,1,1.042160593526581,-0.04216059352658097
"Poisson (area, tuned)",2024-12-01,1.7703346781640914,sha256:bd942a7bcbe33ba673b7fdec9b2ff2b747cb0d530af4522e5d003d78fb3f640b,2025-09-01,Steeles (116),-79.32254019689177,43.815065444286134,0,0.4814200454674852,-0.4814200454674852
"Poisson (area, tuned)",2024-12-01,1.7703346781640914,sha256:bd942a7bcbe33ba673b7fdec9b2ff2b747cb0d530af4522e5d003d78fb3f640b,2025-09-01,Stonegate-Queensway (16),-79.50687874894817,43.63678476785418,0,1.0260637177603757,-1.0260637177603757
"Poisson (area, tuned)",2024-12-01,1.7703346781640914,sha256:bd942a7bcbe33ba673b7fdec9b2ff2b747cb0d530af4522e5d003d78fb3f640b,2025-09-01,Tam O'Shanter-Sullivan (118),-79.29346258821549,43.78211963627784,0,0.6260509925408596,-0.6260509925408596
"Poisson (area, tuned)",2024-12-01,1.7703346781640914,sha256:bd942a7bcbe33ba673b7fdec9b2ff2b747cb0d530af4522e5d003d78fb3f640b,2025-09-01,Taylor-Massey (61),-79.29495186057909,43.692458919227406,0,1.273550291713415,-1.273550291713415
"Poisson (area, tuned)",2024-12-01,1.7703346781640914,sha256:bd942a7bcbe33ba673b7fdec9b2ff2b747cb0d530af4522e5d003d78fb3f640b,2025-09-01,The Beaches (63),-79.30297553719052,43.66875560841342,2,2.4557033633764296,-0.4557033633764296
"Poisson (area, tuned)",2024-12-01,1.7703346781640914,sha256:bd942a7bcbe33ba673b7fdec9b2ff2b747cb0d530af4522e5d003d78fb3f640b,2025-09-01,Thistletown-Beaumond Heights (3),-79.5659329290065,43.73754827301803,0,0.5990962980644626,-0.5990962980644626
"Poisson (area, tuned)",2024-12-01,1.7703346781640914,sha256:bd942a7bcbe33ba673b7fdec9b2ff2b747cb0d530af4522e5d003d78fb3f640b,2025-09-01,Thorncliffe Park (55),-79.35448121100222,43.71036836631147,0,1.4952138446696122,-1.4952138446696122
"Poisson (area, tuned)",2024-12-01,1.7703346781640914,sha256:bd942a7bcbe33ba673b7fdec9b2ff2b747cb0d530af4522e5d003d78fb3f640b,2025-09-01,Trinity-Bellwoods (81),-79.41373927922925,43.65087049509186,4,3.7288192801667694,0.27118071983323055
"Poisson (area, tuned)",2024-12-01,1.7703346781640914,sha256:bd942a7bcbe33ba673b7fdec9b2ff2b747cb0d530af4522e5d003d78fb3f640b,2025-09-01,University (79),-79.39982104056267,43.66254295263539,14,6.594070411784636,7.405929588215364
"Poisson (area, tuned)",2024-12-01,1.7703346781640914,sha256:bd942a7bcbe33ba673b7fdec9b2ff2b747cb0d530af4522e5d003d78fb3f640b,2025-09-01,Victoria Village (43),-79.3128138518101,43.72684844443762,0,0.8707964514067222,-0.8707964514067222
"Poisson (area, tuned)",2024-12-01,1.7703346781640914,sha256:bd942a7bcbe33ba673b7fdec9b2ff2b747cb0d530af4522e5d003d78fb3f640b,2025-09-01,Waterfront Communities-The Island (77),-79.38919773860151,43.64473008383375,41,24.49216639617589,16.50783360382411
"Poisson (area, tuned)",2024-12-01,1.7703346781640914,sha256:bd942a7bcbe33ba673b7fdec9b2ff2b747cb0d530af4522e5d003d78fb3f640b,2025-09-01,West Hill (136),-79.18284860837016,43.76769079627477,7,0.8081400359839898,6.19185996401601
"Poisson (area, tuned)",2024-12-01,1.7703346781640914,sha256:bd942a7bcbe33ba673b7fdec9b2ff2b747cb0d530af4522e5d003d78fb3f640b,2025-09-01,West Humber-Clairville (1),-79.60420741329722,43.73006355433667,1,0.7842582657350642,0.21574173426493581
"Poisson (area, tuned)",2024-12-01,1.7703346781640914,sha256:bd942a7bcbe33ba673b7fdec9b2ff2b747cb0d530af4522e5d003d78fb3f640b,2025-09-01,Westminster-Branson (35),-79.44807552904417,43.781743102812335,3,0.8732438883207209,2.126756111679279
"Poisson (area, tuned)",2024-12-01,1.7703346781640914,sha256:bd942a7bcbe33ba673b7fdec9b2ff2b747cb0d530af4522e5d003d78fb3f640b,2025-09-01,Weston (113),-79.5165855480493,43.702833758307314,0,0.882934694864083,-0.882934694864083
"Poisson (area, tuned)",2024-12-01,1.7703346781640914,sha256:bd942a7bcbe33ba673b7fdec9b2ff2b747cb0d530af4522e5d003d78fb3f640b,2025-09-01,Weston-Pelham Park (91),-79.45875842314518,43.67071482937652,3,1.1872495173454278,1.8127504826545722
"Poisson (area, tuned)",2024-12-01,1.7703346781640914,sha256:bd942a7bcbe33ba673b7fdec9b2ff2b747cb0d530af4522e5d003d78fb3f640b,2025-09-01,Wexford/Maryvale (119),-79.30050366891615,43.74264083383781,1,0.98524511647575,0.014754883524250029
"Poisson (area, tuned)",2024-12-01,1.7703346781640914,sha256:bd942a7bcbe33ba673b7fdec9b2ff2b747cb0d530af4522e5d003d78fb3f640b,2025-09-01,Willowdale East (51),-79.410074781475,43.76524478810602,1,2.1341574423894594,-1.1341574423894594
"Poisson (area, tuned)",2024-12-01,1.7703346781640914,sha256:bd942a7bcbe33ba673b7fdec9b2ff2b747cb0d530af4522e5d003d78fb3f640b,2025-09-01,Willowdale West (37),-79.41563035776022,43.77061463226557,1,1.1609531978053156,-0.16095319780531558
"Poisson (area, tuned)",2024-12-01,1.7703346781640914,sha256:bd942a7bcbe33ba673b7fdec9b2ff2b747cb0d530af4522e5d003d78fb3f640b,2025-09-01,Willowridge-Martingrove-Richview (7),-79.55960317676033,43.68486812894035,0,0.6752636063068962,-0.6752636063068962
"Poisson (area, tuned)",2024-12-01,1.7703346781640914,sha256:bd942a7bcbe33ba673b7fdec9b2ff2b747cb0d530af4522e5d003d78fb3f640b,2025-09-01,Woburn (137),-79.22656387770975,43.76289989874722,2,0.6828179741591726,1.3171820258408276
"Poisson (area, tuned)",2024-12-01,1.7703346781640914,sha256:bd942a7bcbe33ba673b7fdec9b2ff2b747cb0d530af4522e5d003d78fb3f640b,2025-09-01,Woodbine Corridor (64),-79.31407054230695,43.67581440173363,0,1.7422596189033683,-1.7422596189033683
"Poisson (area, tuned)",2024-12-01,1.7703346781640914,sha256:bd942a7bcbe33ba673b7fdec9b2ff2b747cb0d530af4522e5d003d78fb3f640b,2025-09-01,Woodbine-Lumsden (60),-79.31039264658962,43.69145821847367,0,1.1602277291647607,-1.1602277291647607
"Poisson (area, tuned)",2024-12-01,1.7703346781640914,sha256:bd942a7bcbe33ba673b7fdec9b2ff2b747cb0d530af4522e5d003d78fb3f640b,2025-09-01,Wychwood (94),-79.42710542937913,43.6784532168336,2,1.8918883403422389,0.10811165965776115
"Poisson (area, tuned)",2024-12-01,1.7703346781640914,sha256:bd942a7bcbe33ba673b7fdec9b2ff2b747cb0d530af4522e5d003d78fb3f640b,2025-09-01,Yonge-Eglinton (100),-79.40102373824469,43.70674080495774,2,1.8776325470484474,0.1223674529515526
"Poisson (area, tuned)",2024-12-01,1.7703346781640914,sha256:bd942a7bcbe33ba673b7fdec9b2ff2b747cb0d530af4522e5d003d78fb3f640b,2025-09-01,Yonge-St.Clair (97),-79.39834065134646,43.689263791751046,2,1.86033969140862,0.1396603085913799
"Poisson (area, tuned)",2024-12-01,1.7703346781640914,sha256:bd942a7bcbe33ba673b7fdec9b2ff2b747cb0d530af4522e5d003d78fb3f640b,2025-09-01,York University Heights (27),-79.49891755560928,43.76657476817609,2,1.3816300237167003,0.6183699762832997
"Poisson (area, tuned)",2024-12-01,1.7703346781640914,sha256:bd942a7bcbe33ba673b7fdec9b2ff2b747cb0d530af4522e5d003d78fb3f640b,2025-09-01,Yorkdale-Glen Park (31),-79.45130621630454,43.714348256200424,1,1.501690735037737,-0.5016907350377371
"Poisson (area, tuned)",2024-12-01,1.7703346781640914,sha256:bd942a7bcbe33ba673b7fdec9b2ff2b747cb0d530af4522e5d003d78fb3f640b,2025-10-01,Agincourt North (129),-79.26928393506104,43.810980375100264,0,0.3703750667942166,-0.3703750667942166
"Poisson (area, tuned)",2024-12-01,1.7703346781640914,sha256:bd942a7bcbe33ba673b7fdec9b2ff2b747cb0d530af4522e5d003d78fb3f640b,2025-10-01,Agincourt South-Malvern West (128),-79.28002861084076,43.7889253690791,0,0.45699123392658086,-0.45699123392658086
"Poisson (area, tuned)",2024-12-01,1.7703346781640914,sha256:bd942a7bcbe33ba673b7fdec9b2ff2b747cb0d530af4522e5d003d78fb3f640b,2025-10-01,Alderwood (20),-79.54538918515296,43.6065751977772,0,0.5964770206057289,-0.5964770206057289
"Poisson (area, tuned)",2024-12-01,1.7703346781640914,sha256:bd942a7bcbe33ba673b7fdec9b2ff2b747cb0d530af4522e5d003d78fb3f640b,2025-10-01,Annex (95),-79.40380913861458,43.670104609767606,6,6.622895777252872,-0.6228957772528716
"Poisson (area, tuned)",2024-12-01,1.7703346781640914,sha256:bd942a7bcbe33ba673b7fdec9b2ff2b747cb0d530af4522e5d003d78fb3f640b,2025-10-01,Banbury-Don Mills (42),-79.3409210158811,43.73511850435992,1,0.9007364881161598,0.0992635118838402
"Poisson (area, tuned)",2024-12-01,1.7703346781640914,sha256:bd942a7bcbe33ba673b7fdec9b2ff2b747cb0d530af4522e5d003d78fb3f640b,2025-10-01,Bathurst Manor (34),-79.45175843487672,43.75609728872373,0,0.706233757021989,-0.706233757021989
"Poisson (area, tuned)",2024-12-01,1.7703346781640914,sha256:bd942a7bcbe33ba673b7fdec9b2ff2b747cb0d530af4522e5d003d78fb3f640b,2025-10-01,Bay Street Corridor (76),-79.38436854475557,43.65730879641258,14,16.169294296401617,-2.169294296401617
"Poisson (area, tuned)",2024-12-01,1.7703346781640914,sha256:bd942a7bcbe33ba673b7fdec9b2ff2b747cb0d530af4522e5d003d78fb3f640b,2025-10-01,Bayview Village (52),-79.38403601743099,43.769051789694494,0,0.9326242985206981,-0.9326242985206981
"Poisson (area, tuned)",2024-12-01,1.7703346781640914,sha256:bd942a7bcbe33ba673b7fdec9b2ff2b747cb0d530af4522e5d003d78fb3f640b,2025-10-01,Bayview Woods-Steeles (49),-79.3743681512798,43.797822785562154,0,0.48471281087262624,-0.48471281087262624
"Poisson (area, tuned)",2024-12-01,1.7703346781640914,sha256:bd942a7bcbe33ba673b7fdec9b2ff2b747cb0d530af4522e5d003d78fb3f640b,2025-10-01,Bedford Park-Nortown (39),-79.42125788351791,43.72757981721193,2,1.060556850896249,0.9394431491037509
"Poisson (area, tuned)",2024-12-01,1.7703346781640914,sha256:bd942a7bcbe33ba673b7fdec9b2ff2b747cb0d530af4522e5d003d78fb3f640b,2025-10-01,Beechborough-Greenbrook (112),-79.4744663865561,43.691508083029944,2,0.7245930176292235,1.2754069823707765
"Poisson (area, tuned)",2024-12-01,1.7703346781640914,sha256:bd942a7bcbe33ba673b7fdec9b2ff2b747cb0d530af4522e5d003d78fb3f640b,2025-10-01,Bendale (127),-79.26046315357324,43.76293076745831,3,0.5615362567971436,2.438463743202856
"Poisson (area, tuned)",2024-12-01,1.7703346781640914,sha256:bd942a7bcbe33ba673b7fdec9b2ff2b747cb0d530af4522e5d003d78fb3f640b,2025-10-01,Birchcliffe-Cliffside (122),-79.27062357025366,43.69131003372983,1,0.9020554345047959,0.09794456549520414
"Poisson (area, tuned)",2024-12-01,1.7703346781640914,sha256:bd942a7bcbe33ba673b7fdec9b2ff2b747cb0d530af4522e5d003d78fb3f640b,2025-10-01,Black Creek (24),-79.51869671361172,43.76523138519309,0,0.5858912902928965,-0.5858912902928965
"Poisson (area, tuned)",2024-12-01,1.7703346781640914,sha256:bd942a7bcbe33ba673b7fdec9b2ff2b747cb0d530af4522e5d003d78fb3f640b,2025-10-01,Blake-Jones (69),-79.3394451105104,43.67664416992363,1,1.4359878415630332,-0.43598784156303316
"Poisson (area, tuned)",2024-12-01,1.7703346781640914,sha256:bd942a7bcbe33ba673b7fdec9b2ff2b747cb0d530af4522e5d003d78fb3f640b,2025-10-01,Briar Hill-Belgravia (108),-79.445578280552,43.699313061287725,0,1.0467899026548118,-1.0467899026548118
"Poisson (area, tuned)",2024-12-01,1.7703346781640914,sha256:bd942a7bcbe33ba673b7fdec9b2ff2b747cb0d530af4522e5d003d78fb3f640b,2025-10-01,Bridle Path-Sunnybrook-York Mills (41),-79.38366396163413,43.72516179918022,0,0.9869461976876261,-0.9869461976876261
"Poisson (area, tuned)",2024-12-01,1.7703346781640914,sha256:bd942a7bcbe33ba673b7fdec9b2ff2b747cb0d530af4522e5d003d78fb3f640b,2025-10-01,Broadview North (57),-79.35364911130229,43.683932870884654,1,1.4497657785003604,-0.44976577850036037
"Poisson (area, tuned)",2024-12-01,1.7703346781640914,sha256:bd942a7bcbe33ba673b7fdec9b2ff2b747cb0d530af4522e5d003d78fb3f640b,2025-10-01,Brookhaven-Amesbury (30),-79.49015206607174,43.69942696476651,0,0.7184943623435714,-0.7184943623435714
"Poisson (area, tuned)",2024-12-01,1.7703346781640914,sha256:bd942a7bcbe33ba673b7fdec9b2ff2b747cb0d530af4522e5d003d78fb3f640b,2025-10-01,Cabbagetown-South St.James Town (71),-79.36975340775743,43.66521290431659,6,3.178503472727444,2.821496527272556
"Poisson (area, tuned)",2024-12-01,1.7703346781640914,sha256:bd942a7bcbe33ba673b7fdec9b2ff2b747cb0d530af4522e5d003d78fb3f640b,2025-10-01,Caledonia-Fairbank (109),-79.4517849962554,43.690036179158305,0,0.8981588999554856,-0.8981588999554856
"Poisson (area, tuned)",2024-12-01,1.7703346781640914,sha256:bd942a7bcbe33ba673b7fdec9b2ff2b747cb0d530af4522e5d003d78fb3f640b,2025-10-01,Casa Loma (96),-79.40864864037756,43.67955392863041,0,1.5026114728999298,-1.5026114728999298
"Poisson (area, tuned)",2024-12-01,1.7703346781640914,sha256:bd942a7bcbe33ba673b7fdec9b2ff2b747cb0d530af4522e5d003d78fb3f640b,2025-10-01,Centennial Scarborough (133),-79.15053423026679,43.780757885389185,1,0.44944983703217,0.55055016296783
"Poisson (area, tuned)",2024-12-01,1.7703346781640914,sha256:bd942a7bcbe33ba673b7fdec9b2ff2b747cb0d530af4522e5d003d78fb3f640b,2025-10-01,Church-Yonge Corridor (75),-79.37956284727365,43.66018909929288,22,14.618416529337948,7.3815834706620524
"Poisson (area, tuned)",2024-12-01,1.7703346781640914,sha256:bd942a7bcbe33ba673b7fdec9b2ff2b747cb0d530af4522e5d003d78fb3f640b,2025-10-01,Clairlea-Birchmount (120),-79.28672506823307,43.709414591668256,0,0.9017348534241818,-0.9017348534241818
"Poisson (area, tuned)",2024-12-01,1.7703346781640914,sha256:bd942a7bcbe33ba673b7fdec9b2ff2b747cb0d530af4522e5d003d78fb3f640b,2025-10-01,Clanton Park (33),-79.44643447690169,43.74149776462126,2,0.8453196504073729,1.1546803495926272
"Poisson (area, tuned)",2024-12-01,1.7703346781640914,sha256:bd942a7bcbe33ba673b7fdec9b2ff2b747cb0d530af4522e5d003d78fb3f640b,2025-10-01,Cliffcrest (123),-79.23329029919245,43.72191819765982,0,0.52189231211225,-0.52189231211225
"Poisson (area, tuned)",2024-12-01,1.7703346781640914,sha256:bd942a7bcbe33ba673b7fdec9b2ff2b747cb0d530af4522e5d003d78fb3f640b,2025-10-01,Corso Italia-Davenport (92),-79.4427553703874,43.67658111935704,0,1.1964831581268796,-1.1964831581268796
"Poisson (area, tuned)",2024-12-01,1.7703346781640914,sha256:bd942a7bcbe33ba673b7fdec9b2ff2b747cb0d530af4522e5d003d78fb3f640b,2025-10-01,Danforth (66),-79.33065782618279,43.682847803276616,2,1.7873646197810917,0.21263538021890827
"Poisson (area, tuned)",2024-12-01,1.7703346781640914,sha256:bd942a7bcbe33ba673b7fdec9b2ff2b747cb0d530af4522e5d003d78fb3f640b,2025-10-01,Danforth East York (59),-79.3313092800722,43.69082681262244,0,1.2625643581530832,-1.2625643581530832
"Poisson (area, tuned)",2024-12-01,1.7703346781640914,sha256:bd942a7bcbe33ba673b7fdec9b2ff2b747cb0d530af4522e5d003d78fb3f640b,2025-10-01,Don Valley Village (47),-79.35240298959988,43.77988611135725,0,0.6203097725370411,-0.6203097725370411
"Poisson (area, tuned)",2024-12-01,1.7703346781640914,sha256:bd942a7bcbe33ba673b7fdec9b2ff2b747cb0d530af4522e5d003d78fb3f640b,2025-10-01,Dorset Park (126),-79.28077525994308,43.75528945083431,0,0.5785452594922269,-0.5785452594922269
"Poisson (area, tuned)",2024-12-01,1.7703346781640914,sha256:bd942a7bcbe33ba673b7fdec9b2ff2b747cb0d530af4522e5d003d78fb3f640b,2025-10-01,Dovercourt-Wallace Emerson-Junction (93),-79.43778332382438,43.66463002065643,4,4.3843279195174,-0.38432791951739986
"Poisson (area, tuned)",2024-12-01,1.7703346781640914,sha256:bd942a7bcbe33ba673b7fdec9b2ff2b747cb0d530af4522e5d003d78fb3f640b,2025-10-01,Downsview-Roding-CFB (26),-79.4835940990325,43.727986861303435,0,0.9494526693544734,-0.9494526693544734
"Poisson (area, tuned)",2024-12-01,1.7703346781640914,sha256:bd942a7bcbe33ba673b7fdec9b2ff2b747cb0d530af4522e5d003d78fb3f640b,2025-10-01,Dufferin Grove (83),-79.4370618209781,43.65521640563446,2,2.257774147733975,-0.2577741477339748
"Poisson (area, tuned)",2024-12-01,1.7703346781640914,sha256:bd942a7bcbe33ba673b7fdec9b2ff2b747cb0d530af4522e5d003d78fb3f640b,2025-10-01,East End-Danforth (62),-79.30055625233094,43.68572312555001,2,2.10233285444853,-0.1023328544485298
"Poisson (area, tuned)",2024-12-01,1.7703346781640914,sha256:bd942a7bcbe33ba673b7fdec9b2ff2b747cb0d530af4522e5d003d78fb3f640b,2025-10-01,Edenbridge-Humber Valley (9),-79.52023309003076,43.66557816852869,0,0.6519102628982043,-0.6519102628982043
"Poisson (area, tuned)",2024-12-01,1.7703346781640914,sha256:bd942a7bcbe33ba673b7fdec9b2ff2b747cb0d530af4522e5d003d78fb3f640b,2025-10-01,Eglinton East (138),-79.24473615792672,43.73991827916189,1,0.5371574169863603,0.4628425830136397
"Poisson (area, tuned)",2024-12-01,1.7703346781640914,sha256:bd942a7bcbe33ba673b7fdec9b2ff2b747cb0d530af4522e5d003d78fb3f640b,2025-10-01,Elms-Old Rexdale (5),-79.55208772185198,43.71927285915033,0,0.5235230552879638,-0.5235230552879638
"Poisson (area, tuned)",2024-12-01,1.7703346781640914,sha256:bd942a7bcbe33ba673b7fdec9b2ff2b747cb0d530af4522e5d003d78fb3f640b,2025-10-01,Englemount-Lawrence (32),-79.43712596977969,43.7204676607881,0,1.1373972014852596,-1.1373972014852596
"Poisson (area, tuned)",2024-12-01,1.7703346781640914,sha256:bd942a7bcbe33ba673b7fdec9b2ff2b747cb0d530af4522e5d003d78fb3f640b,2025-10-01,Eringate-Centennial-West Deane (11),-79.57787073233334,43.65860025717794,0,0.5229860873338226,-0.5229860873338226
"Poisson (area, tuned)",2024-12-01,1.7703346781640914,sha256:bd942a7bcbe33ba673b7fdec9b2ff2b747cb0d530af4522e5d003d78fb3f640b,2025-10-01,Etobicoke West Mall (13),-79.5678030787646,43.64190931147644,0,0.5479426969416435,-0.5479426969416435
"Poisson (area, tuned)",2024-12-01,1.7703346781640914,sha256:bd942a7bcbe33ba673b7fdec9b2ff2b747cb0d530af4522e5d003d78fb3f640b,2025-10-01,Flemingdon Park (44),-79.33198682919883,43.71530756444098,0,0.9583197673538014,-0.9583197673538014
"Poisson (area, tuned)",2024-12-01,1.7703346781640914,sha256:bd942a7bcbe33ba673b7fdec9b2ff2b747cb0d530af4522e5d003d78fb3f640b,2025-10-01,Forest Hill North (102),-79.43346069412912,43.70194436532484,0,1.2490463694832328,-1.2490463694832328
"Poisson (area, tuned)",2024-12-01,1.7703346781640914,sha256:bd942a7bcbe33ba673b7fdec9b2ff2b747cb0d530af4522e5d003d78fb3f640b,2025-10-01,Forest Hill South (101),-79.41299883590433,43.6890600119443,0,1.3601674898569727,-1.3601674898569727
"Poisson (area, tuned)",2024-12-01,1.7703346781640914,sha256:bd942a7bcbe33ba673b7fdec9b2ff2b747cb0d530af4522e5d003d78fb3f640b,2025-10-01,Glenfield-Jane Heights (25),-79.50908241975385,43.74806287596809,3,0.7076654050186647,2.292334594981335
"Poisson (area, tuned)",2024-12-01,1.7703346781640914,sha256:bd942a7bcbe33ba673b7fdec9b2ff2b747cb0d530af4522e5d003d78fb3f640b,2025-10-01,Greenwood-Coxwell (65),-79.32392461588157,43.67182578504262,2,2.049144424516792,-0.04914442451679202
"Poisson (area, tuned)",2024-12-01,1.7703346781640914,sha256:bd942a7bcbe33ba673b7fdec9b2ff2b747cb0d530af4522e5d003d78fb3f640b,2025-10-01,Guildwood (140),-79.1987335919193,43.747914590059,0,0.43565365136355083,-0.43565365136355083
"Poisson (area, tuned)",2024-12-01,1.7703346781640914,sha256:bd942a7bcbe33ba673b7fdec9b2ff2b747cb0d530af4522e5d003d78fb3f640b,2025-10-01,Henry Farm (53),-79.34642185767248,43.76957681680956,0,0.6443123545243755,-0.6443123545243755
"Poisson (area, tuned)",2024-12-01,1.7703346781640914,sha256:bd942a7bcbe33ba673b7fdec9b2ff2b747cb0d530af4522e5d003d78fb3f640b,2025-10-01,High Park North (88),-79.4652298180643,43.65722103912335,1,2.1799415474310564,-1.1799415474310564
"Poisson (area, tuned)",2024-12-01,1.7703346781640914,sha256:bd942a7bcbe33ba673b7fdec9b2ff2b747cb0d530af4522e5d003d78fb3f640b,2025-10-01,High Park-Swansea (87),-79.4648159122912,43.64453199862067,1,1.5975660323724035,-0.5975660323724035
"Poisson (area, tuned)",2024-12-01,1.7703346781640914,sha256:bd942a7bcbe33ba673b7fdec9b2ff2b747cb0d530af4522e5d003d78fb3f640b,2025-10-01,Highland Creek (134),-79.18452149622338,43.786273991320705,0,0.4593069652523607,-0.4593069652523607
"Poisson (area, tuned)",2024-12-01,1.7703346781640914,sha256:bd942a7bcbe33ba673b7fdec9b2ff2b747cb0d530af4522e5d003d78fb3f640b,2025-10-01,Hillcrest Village (48),-79.35806283641195,43.79960270136573,2,0.503616766313778,1.496383233686222
"Poisson (area, tuned)",2024-12-01,1.7703346781640914,sha256:bd942a7bcbe33ba673b7fdec9b2ff2b747cb0d530af4522e5d003d78fb3f640b,2025-10-01,Humber Heights-Westmount (8),-79.51864457298561,43.69564007439048,0,0.5821429879481826,-0.5821429879481826
"Poisson (area, tuned)",2024-12-01,1.7703346781640914,sha256:bd942a7bcbe33ba673b7fdec9b2ff2b747cb0d530af4522e5d003d78fb3f640b,2025-10-01,Humber Summit (21),-79.56057763521508,43.75362439798188,0,0.521786762267565,-0.521786762267565
"Poisson (area, tuned)",2024-12-01,1.7703346781640914,sha256:bd942a7bcbe33ba673b7fdec9b2ff2b747cb0d530af4522e5d003d78fb3f640b,2025-10-01,Humbermede (22),-79.54521679307662,43.74787608113298,0,0.5113219236210326,-0.5113219236210326
"Poisson (area, tuned)",2024-12-01,1.7703346781640914,sha256:bd942a7bcbe33ba673b7fdec9b2ff2b747cb0d530af4522e5d003d78fb3f640b,2025-10-01,Humewood-Cedarvale (106),-79.42603840921164,43.68908389632168,2,1.614472340460246,0.3855276595397541
"Poisson (area, tuned)",2024-12-01,1.7703346781640914,sha256:bd942a7bcbe33ba673b7fdec9b2ff2b747cb0d530af4522e5d003d78fb3f640b,2025-10-01,Ionview (125),-79.2682783103958,43.73299077700163,0,0.536521730185446,-0.536521730185446
"Poisson (area, tuned)",2024-12-01,1.7703346781640914,sha256:bd942a7bcbe33ba673b7fdec9b2ff2b747cb0d530af4522e5d003d78fb3f640b,2025-10-01,Islington-City Centre West (14),-79.53678079261083,43.641361915813675,1,1.0679772918215042,-0.06797729182150425
"Poisson (area, tuned)",2024-12-01,1.7703346781640914,sha256:bd942a7bcbe33ba673b7fdec9b2ff2b747cb0d530af4522e5d003d78fb3f640b,2025-10-01,Junction Area (90),-79.46892477498491,43.6655394100211,2,1.3413567561180912,0.6586432438819088
"Poisson (area, tuned)",2024-12-01,1.7703346781640914,sha256:bd942a7bcbe33ba673b7fdec9b2ff2b747cb0d530af4522e5d003d78fb3f640b,2025-10-01,Keelesdale-Eglinton West (110),-79.47055790633043,43.68391780141048,0,0.8057837485714154,-0.8057837485714154
"Poisson (area, tuned)",2024-12-01,1.7703346781640914,sha256:bd942a7bcbe33ba673b7fdec9b2ff2b747cb0d530af4522e5d003d78fb3f640b,2025-10-01,Kennedy Park (124),-79.25874986465229,43.728410786674374,1,0.6080158101295228,0.39198418987047723
"Poisson (area, tuned)",2024-12-01,1.7703346781640914,sha256:bd942a7bcbe33ba673b7fdec9b2ff2b747cb0d530af4522e5d003d78fb3f640b,2025-10-01,Kensington-Chinatown (78),-79.3967980354919,43.65388049459246,9,6.497918671258473,2.502081328741527
"Poisson (area, tuned)",2024-12-01,1.7703346781640914,sha256:bd942a7bcbe33ba673b7fdec9b2ff2b747cb0d530af4522e5d003d78fb3f640b,2025-10-01,Kingsview Village-The Westway (6),-79.54911503533694,43.69584358136977,0,0.5578189015760209,-0.5578189015760209
"Poisson (area, tuned)",2024-12-01,1.7703346781640914,sha256:bd942a7bcbe33ba673b7fdec9b2ff2b747cb0d530af4522e5d003d78fb3f640b,2025-10-01,Kingsway South (15),-79.51086459422443,43.65032283055947,1,0.8033265318037662,0.19667346819623377
"Poisson (area, tuned)",2024-12-01,1.7703346781640914,sha256:bd942a7bcbe33ba673b7fdec9b2ff2b747cb0d530af4522e5d003d78fb3f640b,2025-10-01,L'Amoreaux (117),-79.3201008921114,43.79636378659849,1,0.530114764606134,0.46988523539386595
"Poisson (area, tuned)",2024-12-01,1.7703346781640914,sha256:bd942a7bcbe33ba673b7fdec9b2ff2b747cb0d530af4522e5d003d78fb3f640b,2025-10-01,Lambton Baby Point (114),-79.49452130561747,43.65593529844182,0,0.7794912348370749,-0.7794912348370749
"Poisson (area, tuned)",2024-12-01,1.7703346781640914,sha256:bd942a7bcbe33ba673b7fdec9b2ff2b747cb0d530af4522e5d003d78fb3f640b,2025-10-01,Lansing-Westgate (38),-79.41222964417364,43.761840287387486,0,0.7850947073977341,-0.7850947073977341
"Poisson (area, tuned)",2024-12-01,1.7703346781640914,sha256:bd942a7bcbe33ba673b7fdec9b2ff2b747cb0d530af4522e5d003d78fb3f640b,2025-10-01,Lawrence Park North (105),-79.40643053379212,43.72768097403552,1,1.1837325145544613,-0.18373251455446127
"Poisson (area, tuned)",2024-12-01,1.7703346781640914,sha256:bd942a7bcbe33ba673b7fdec9b2ff2b747cb0d530af4522e5d003d78fb3f640b,2025-10-01,Lawrence Park South (103),-79.41020212544387,43.72248127246825,1,1.1881023769540544,-0.1881023769540544
"Poisson (area, tuned)",2024-12-01,1.7703346781640914,sha256:bd942a7bcbe33ba673b7fdec9b2ff2b747cb0d530af4522e5d003d78fb3f640b,2025-10-01,Leaside-Bennington (56),-79.36756549485442,43.70630335329757,1,1.6986567751587738,-0.6986567751587738
"Poisson (area, tuned)",2024-12-01,1.7703346781640914,sha256:bd942a7bcbe33ba673b7fdec9b2ff2b747cb0d530af4522e5d003d78fb3f640b,2025-10-01,Little Portugal (84),-79.42637552454019,43.64409148964972,3,2.6074709619587493,0.3925290380412507
"Poisson (area, tuned)",2024-12-01,1.7703346781640914,sha256:bd942a7bcbe33ba673b7fdec9b2ff2b747cb0d530af4522e5d003d78fb3f640b,2025-10-01,Long Branch (19),-79.53237502113143,43.591006620404656,0,0.851621519405919,-0.851621519405919
"Poisson (area, tuned)",2024-12-01,1.7703346781640914,sha256:bd942a7bcbe33ba673b7fdec9b2ff2b747cb0d530af4522e5d003d78fb3f640b,2025-10-01,Malvern (132),-79.22095167470565,43.80455499438271,1,0.45544429764243766,0.5445557023575623
"Poisson (area, tuned)",2024-12-01,1.7703346781640914,sha256:bd942a7bcbe33ba673b7fdec9b2ff2b747cb0d530af4522e5d003d78fb3f640b,2025-10-01,Maple Leaf (29),-79.4843756407544,43.718225646439535,0,0.6224196555110912,-0.6224196555110912
"Poisson (area, tuned)",2024-12-01,1.7703346781640914,sha256:bd942a7bcbe33ba673b7fdec9b2ff2b747cb0d530af4522e5d003d78fb3f640b,2025-10-01,Markland Wood (12),-79.57650734129277,43.633689780366026,0,0.5920586893454212,-0.5920586893454212
"Poisson (area, tuned)",2024-12-01,1.7703346781640914,sha256:bd942a7bcbe33ba673b7fdec9b2ff2b747cb0d530af4522e5d003d78fb3f640b,2025-10-01,Milliken (130),-79.28878321264463,43.82084812422136,0,0.37257973177839243,-0.37257973177839243
"Poisson (area, tuned)",2024-12-01,1.7703346781640914,sha256:bd942a7bcbe33ba673b7fdec9b2ff2b747cb0d530af4522e5d003d78fb3f640b,2025-10-01,Mimico (includes Humber Bay Shores) (17),-79.48568571369577,43.62094188018773,3,2.2261447429947165,0.7738552570052835
"Poisson (area, tuned)",2024-12-01,1.7703346781640914,sha256:bd942a7bcbe33ba673b7fdec9b2ff2b747cb0d530af4522e5d003d78fb3f640b,2025-10-01,Morningside (135),-79.20335964084892,43.78544794442794,0,0.3893859012800819,-0.3893859012800819
"Poisson (area, tuned)",2024-12-01,1.7703346781640914,sha256:bd942a7bcbe33ba673b7fdec9b2ff2b747cb0d530af4522e5d003d78fb3f640b,2025-10-01,Moss Park (73),-79.36913295325593,43.65425609335975,5,5.89574080096681,-0.8957408009668102
"Poisson (area, tuned)",2024-12-01,1.7703346781640914,sha256:bd942a7bcbe33ba673b7fdec9b2ff2b747cb0d530af4522e5d003d78fb3f640b,2025-10-01,Mount Dennis (115),-79.48946593742998,43.68565859464735,0,0.7137675390794173,-0.7137675390794173
"Poisson (area, tuned)",2024-12-01,1.7703346781640914,sha256:bd942a7bcbe33ba673b7fdec9b2ff2b747cb0d530af4522e5d003d78fb3f640b,2025-10-01,Mount Olive-Silverstone-Jamestown (2),-79.58577617904946,43.74325917379369,1,0.5920198767276715,0.40798012327232847
"Poisson (area, tuned)",2024-12-01,1.7703346781640914,sha256:bd942a7bcbe33ba673b7fdec9b2ff2b747cb0d530af4522e5d003d78fb3f640b,2025-10-01,Mount Pleasant East (99),-79.38525136980005,43.70699758566823,0,1.5611867962194421,-1.5611867962194421
"Poisson (area, tuned)",2024-12-01,1.7703346781640914,sha256:bd942a7bcbe33ba673b7fdec9b2ff2b747cb0d530af4522e5d003d78fb3f640b,2025-10-01,Mount Pleasant West (104),-79.39441924813381,43.705281018271585,1,2.9006462977719365,-1.9006462977719365
"Poisson (area, tuned)",2024-12-01,1.7703346781640914,sha256:bd942a7bcbe33ba673b7fdec9b2ff2b747cb0d530af4522e5d003d78fb3f640b,2025-10-01,NSA,NA,NA,1,0.648686519017411,0.35131348098258897
"Poisson (area, tuned)",2024-12-01,1.7703346781640914,sha256:bd942a7bcbe33ba673b7fdec9b2ff2b747cb0d530af4522e5d003d78fb3f640b,2025-10-01,New Toronto (18),-79.50819536860408,43.60067938873378,2,0.8680404694914405,1.1319595305085595
"Poisson (area, tuned)",2024-12-01,1.7703346781640914,sha256:bd942a7bcbe33ba673b7fdec9b2ff2b747cb0d530af4522e5d003d78fb3f640b,2025-10-01,Newtonbrook East (50),-79.4155662486542,43.782773804672864,0,0.676210754141429,-0.676210754141429
"Poisson (area, tuned)",2024-12-01,1.7703346781640914,sha256:bd942a7bcbe33ba673b7fdec9b2ff2b747cb0d530af4522e5d003d78fb3f640b,2025-10-01,Newtonbrook West (36),-79.42082573006313,43.78444945871987,2,0.9558619990476402,1.0441380009523598
"Poisson (area, tuned)",2024-12-01,1.7703346781640914,sha256:bd942a7bcbe33ba673b7fdec9b2ff2b747cb0d530af4522e5d003d78fb3f640b,2025-10-01,Niagara (82),-79.40825413058062,43.639170480800686,7,6.688866040285368,0.3111339597146321
"Poisson (area, tuned)",2024-12-01,1.7703346781640914,sha256:bd942a7bcbe33ba673b7fdec9b2ff2b747cb0d530af4522e5d003d78fb3f640b,2025-10-01,North Riverdale (68),-79.34942497640164,43.67320424441098,1,1.9877597722427818,-0.9877597722427818
"Poisson (area, tuned)",2024-12-01,1.7703346781640914,sha256:bd942a7bcbe33ba673b7fdec9b2ff2b747cb0d530af4522e5d003d78fb3f640b,2025-10-01,North St.James Town (74),-79.37622315570079,43.66924040879271,2,2.8637652349915435,-0.8637652349915435
"Poisson (area, tuned)",2024-12-01,1.7703346781640914,sha256:bd942a7bcbe33ba673b7fdec9b2ff2b747cb0d530af4522e5d003d78fb3f640b,2025-10-01,O'Connor-Parkview (54),-79.30295705711893,43.707394189060395,0,0.9009393192242201,-0.9009393192242201
"Poisson (area, tuned)",2024-12-01,1.7703346781640914,sha256:bd942a7bcbe33ba673b7fdec9b2ff2b747cb0d530af4522e5d003d78fb3f640b,2025-10-01,Oakridge (121),-79.28580476562132,43.69338422103418,3,0.8990082464493583,2.100991753550642
"Poisson (area, tuned)",2024-12-01,1.7703346781640914,sha256:bd942a7bcbe33ba673b7fdec9b2ff2b747cb0d530af4522e5d003d78fb3f640b,2025-10-01,Oakwood Village (107),-79.43992214652974,43.693163772618576,1,1.2186306245408862,-0.21863062454088622
"Poisson (area, tuned)",2024-12-01,1.7703346781640914,sha256:bd942a7bcbe33ba673b7fdec9b2ff2b747cb0d530af4522e5d003d78fb3f640b,2025-10-01,Old East York (58),-79.33971322725657,43.69468655917457,0,1.07613892683183,-1.07613892683183
"Poisson (area, tuned)",2024-12-01,1.7703346781640914,sha256:bd942a7bcbe33ba673b7fdec9b2ff2b747cb0d530af4522e5d003d78fb3f640b,2025-10-01,Palmerston-Little Italy (80),-79.41607073008583,43.65977590713319,2,2.809112737857657,-0.809112737857657
"Poisson (area, tuned)",2024-12-01,1.7703346781640914,sha256:bd942a7bcbe33ba673b7fdec9b2ff2b747cb0d530af4522e5d003d78fb3f640b,2025-10-01,Parkwoods-Donalda (45),-79.32857716506125,43.75401452181123,1,0.7118248286327064,0.28817517136729365
"Poisson (area, tuned)",2024-12-01,1.7703346781640914,sha256:bd942a7bcbe33ba673b7fdec9b2ff2b747cb0d530af4522e5d003d78fb3f640b,2025-10-01,Pelmo Park-Humberlea (23),-79.53452633259599,43.71053804014776,5,0.5432632803648209,4.456736719635179
"Poisson (area, tuned)",2024-12-01,1.7703346781640914,sha256:bd942a7bcbe33ba673b7fdec9b2ff2b747cb0d530af4522e5d003d78fb3f640b,2025-10-01,Playter Estates-Danforth (67),-79.35537498775473,43.678037843577414,3,1.6480080952731475,1.3519919047268525
"Poisson (area, tuned)",2024-12-01,1.7703346781640914,sha256:bd942a7bcbe33ba673b7fdec9b2ff2b747cb0d530af4522e5d003d78fb3f640b,2025-10-01,Pleasant View (46),-79.33169496448295,43.78880674789264,0,0.49383070540205787,-0.49383070540205787
"Poisson (area, tuned)",2024-12-01,1.7703346781640914,sha256:bd942a7bcbe33ba673b7fdec9b2ff2b747cb0d530af4522e5d003d78fb3f640b,2025-10-01,Princess-Rosethorn (10),-79.54278218831497,43.6664342839495,0,0.5712966360145801,-0.5712966360145801
"Poisson (area, tuned)",2024-12-01,1.7703346781640914,sha256:bd942a7bcbe33ba673b7fdec9b2ff2b747cb0d530af4522e5d003d78fb3f640b,2025-10-01,Regent Park (72),-79.36178286088128,43.65943439853815,2,2.195552236148277,-0.1955522361482771
"Poisson (area, tuned)",2024-12-01,1.7703346781640914,sha256:bd942a7bcbe33ba673b7fdec9b2ff2b747cb0d530af4522e5d003d78fb3f640b,2025-10-01,Rexdale-Kipling (4),-79.56943957685264,43.726549256380395,0,0.4873500828436619,-0.4873500828436619
"Poisson (area, tuned)",2024-12-01,1.7703346781640914,sha256:bd942a7bcbe33ba673b7fdec9b2ff2b747cb0d530af4522e5d003d78fb3f640b,2025-10-01,Rockcliffe-Smythe (111),-79.49193279998173,43.67234248080122,0,0.8448147007563923,-0.8448147007563923
"Poisson (area, tuned)",2024-12-01,1.7703346781640914,sha256:bd942a7bcbe33ba673b7fdec9b2ff2b747cb0d530af4522e5d003d78fb3f640b,2025-10-01,Roncesvalles (86),-79.44277811907274,43.64370439603947,1,2.2220870880123473,-1.2220870880123473
"Poisson (area, tuned)",2024-12-01,1.7703346781640914,sha256:bd942a7bcbe33ba673b7fdec9b2ff2b747cb0d530af4522e5d003d78fb3f640b,2025-10-01,Rosedale-Moore Park (98),-79.38462305095243,43.67502671420579,3,3.580848533002104,-0.5808485330021038
"Poisson (area, tuned)",2024-12-01,1.7703346781640914,sha256:bd942a7bcbe33ba673b7fdec9b2ff2b747cb0d530af4522e5d003d78fb3f640b,2025-10-01,Rouge (131),-79.13309434834144,43.78938806538385,0,0.5805597538188718,-0.5805597538188718
"Poisson (area, tuned)",2024-12-01,1.7703346781640914,sha256:bd942a7bcbe33ba673b7fdec9b2ff2b747cb0d530af4522e5d003d78fb3f640b,2025-10-01,Runnymede-Bloor West Village (89),-79.48480851655415,43.65975616827931,1,0.9935397466380467,0.0064602533619533276
"Poisson (area, tuned)",2024-12-01,1.7703346781640914,sha256:bd942a7bcbe33ba673b7fdec9b2ff2b747cb0d530af4522e5d003d78fb3f640b,2025-10-01,Rustic (28),-79.50024894268427,43.70839284643953,0,0.6016102880237911,-0.6016102880237911
"Poisson (area, tuned)",2024-12-01,1.7703346781640914,sha256:bd942a7bcbe33ba673b7fdec9b2ff2b747cb0d530af4522e5d003d78fb3f640b,2025-10-01,Scarborough Village (139),-79.22121647737255,43.74178808353859,0,0.48027593068771474,-0.48027593068771474
"Poisson (area, tuned)",2024-12-01,1.7703346781640914,sha256:bd942a7bcbe33ba673b7fdec9b2ff2b747cb0d530af4522e5d003d78fb3f640b,2025-10-01,South Parkdale (85),-79.43087572304012,43.63836538756867,3,2.238940205011199,0.7610597949888009
"Poisson (area, tuned)",2024-12-01,1.7703346781640914,sha256:bd942a7bcbe33ba673b7fdec9b2ff2b747cb0d530af4522e5d003d78fb3f640b,2025-10-01,South Riverdale (70),-79.34033408773206,43.66227352160024,4,4.979668560987519,-0.9796685609875189
"Poisson (area, tuned)",2024-12-01,1.7703346781640914,sha256:bd942a7bcbe33ba673b7fdec9b2ff2b747cb0d530af4522e5d003d78fb3f640b,2025-10-01,St.Andrew-Windfields (40),-79.39807496057622,43.75295000125709,1,0.8522054344428147,0.1477945655571853
"Poisson (area, tuned)",2024-12-01,1.7703346781640914,sha256:bd942a7bcbe33ba673b7fdec9b2ff2b747cb0d530af4522e5d003d78fb3f640b,2025-10-01,Steeles (116),-79.32254019689177,43.815065444286134,0,0.3936713607725119,-0.3936713607725119
"Poisson (area, tuned)",2024-12-01,1.7703346781640914,sha256:bd942a7bcbe33ba673b7fdec9b2ff2b747cb0d530af4522e5d003d78fb3f640b,2025-10-01,Stonegate-Queensway (16),-79.50687874894817,43.63678476785418,3,0.8390425446821387,2.1609574553178614
"Poisson (area, tuned)",2024-12-01,1.7703346781640914,sha256:bd942a7bcbe33ba673b7fdec9b2ff2b747cb0d530af4522e5d003d78fb3f640b,2025-10-01,Tam O'Shanter-Sullivan (118),-79.29346258821549,43.78211963627784,0,0.5119403491128365,-0.5119403491128365
"Poisson (area, tuned)",2024-12-01,1.7703346781640914,sha256:bd942a7bcbe33ba673b7fdec9b2ff2b747cb0d530af4522e5d003d78fb3f640b,2025-10-01,Taylor-Massey (61),-79.29495186057909,43.692458919227406,0,1.0414196107355718,-1.0414196107355718
"Poisson (area, tuned)",2024-12-01,1.7703346781640914,sha256:bd942a7bcbe33ba673b7fdec9b2ff2b747cb0d530af4522e5d003d78fb3f640b,2025-10-01,The Beaches (63),-79.30297553719052,43.66875560841342,3,2.0081010207526275,0.9918989792473725
"Poisson (area, tuned)",2024-12-01,1.7703346781640914,sha256:bd942a7bcbe33ba673b7fdec9b2ff2b747cb0d530af4522e5d003d78fb3f640b,2025-10-01,Thistletown-Beaumond Heights (3),-79.5659329290065,43.73754827301803,0,0.48989870096454147,-0.48989870096454147
"Poisson (area, tuned)",2024-12-01,1.7703346781640914,sha256:bd942a7bcbe33ba673b7fdec9b2ff2b747cb0d530af4522e5d003d78fb3f640b,2025-10-01,Thorncliffe Park (55),-79.35448121100222,43.71036836631147,0,1.2226804314004014,-1.2226804314004014
"Poisson (area, tuned)",2024-12-01,1.7703346781640914,sha256:bd942a7bcbe33ba673b7fdec9b2ff2b747cb0d530af4522e5d003d78fb3f640b,2025-10-01,Trinity-Bellwoods (81),-79.41373927922925,43.65087049509186,4,3.049165430310636,0.9508345696893641
"Poisson (area, tuned)",2024-12-01,1.7703346781640914,sha256:bd942a7bcbe33ba673b7fdec9b2ff2b747cb0d530af4522e5d003d78fb3f640b,2025-10-01,University (79),-79.39982104056267,43.66254295263539,4,5.392165732351792,-1.392165732351792
"Poisson (area, tuned)",2024-12-01,1.7703346781640914,sha256:bd942a7bcbe33ba673b7fdec9b2ff2b747cb0d530af4522e5d003d78fb3f640b,2025-10-01,Victoria Village (43),-79.3128138518101,43.72684844443762,0,0.7120759245666101,-0.7120759245666101
"Poisson (area, tuned)",2024-12-01,1.7703346781640914,sha256:bd942a7bcbe33ba673b7fdec9b2ff2b747cb0d530af4522e5d003d78fb3f640b,2025-10-01,Waterfront Communities-The Island (77),-79.38919773860151,43.64473008383375,28,20.027966355423725,7.972033644576275
"Poisson (area, tuned)",2024-12-01,1.7703346781640914,sha256:bd942a7bcbe33ba673b7fdec9b2ff2b747cb0d530af4522e5d003d78fb3f640b,2025-10-01,West Hill (136),-79.18284860837016,43.76769079627477,1,0.6608399269117081,0.3391600730882919
"Poisson (area, tuned)",2024-12-01,1.7703346781640914,sha256:bd942a7bcbe33ba673b7fdec9b2ff2b747cb0d530af4522e5d003d78fb3f640b,2025-10-01,West Humber-Clairville (1),-79.60420741329722,43.73006355433667,1,0.641311099476985,0.35868890052301505
"Poisson (area, tuned)",2024-12-01,1.7703346781640914,sha256:bd942a7bcbe33ba673b7fdec9b2ff2b747cb0d530af4522e5d003d78fb3f640b,2025-10-01,Westminster-Branson (35),-79.44807552904417,43.781743102812335,1,0.7140772658680573,0.2859227341319427
"Poisson (area, tuned)",2024-12-01,1.7703346781640914,sha256:bd942a7bcbe33ba673b7fdec9b2ff2b747cb0d530af4522e5d003d78fb3f640b,2025-10-01,Weston (113),-79.5165855480493,43.702833758307314,0,0.7220017240098116,-0.7220017240098116
"Poisson (area, tuned)",2024-12-01,1.7703346781640914,sha256:bd942a7bcbe33ba673b7fdec9b2ff2b747cb0d530af4522e5d003d78fb3f640b,2025-10-01,Weston-Pelham Park (91),-79.45875842314518,43.67071482937652,0,0.9708489238665272,-0.9708489238665272
"Poisson (area, tuned)",2024-12-01,1.7703346781640914,sha256:bd942a7bcbe33ba673b7fdec9b2ff2b747cb0d530af4522e5d003d78fb3f640b,2025-10-01,Wexford/Maryvale (119),-79.30050366891615,43.74264083383781,1,0.8056639713056498,0.19433602869435018
"Poisson (area, tuned)",2024-12-01,1.7703346781640914,sha256:bd942a7bcbe33ba673b7fdec9b2ff2b747cb0d530af4522e5d003d78fb3f640b,2025-10-01,Willowdale East (51),-79.410074781475,43.76524478810602,3,1.7451634437706145,1.2548365562293855
"Poisson (area, tuned)",2024-12-01,1.7703346781640914,sha256:bd942a7bcbe33ba673b7fdec9b2ff2b747cb0d530af4522e5d003d78fb3f640b,2025-10-01,Willowdale West (37),-79.41563035776022,43.77061463226557,1,0.9493456483088751,0.050654351691124866
"Poisson (area, tuned)",2024-12-01,1.7703346781640914,sha256:bd942a7bcbe33ba673b7fdec9b2ff2b747cb0d530af4522e5d003d78fb3f640b,2025-10-01,Willowridge-Martingrove-Richview (7),-79.55960317676033,43.68486812894035,0,0.5521829539043234,-0.5521829539043234
"Poisson (area, tuned)",2024-12-01,1.7703346781640914,sha256:bd942a7bcbe33ba673b7fdec9b2ff2b747cb0d530af4522e5d003d78fb3f640b,2025-10-01,Woburn (137),-79.22656387770975,43.76289989874722,0,0.5583603831580095,-0.5583603831580095
"Poisson (area, tuned)",2024-12-01,1.7703346781640914,sha256:bd942a7bcbe33ba673b7fdec9b2ff2b747cb0d530af4522e5d003d78fb3f640b,2025-10-01,Woodbine Corridor (64),-79.31407054230695,43.67581440173363,2,1.4246970425310443,0.5753029574689557
"Poisson (area, tuned)",2024-12-01,1.7703346781640914,sha256:bd942a7bcbe33ba673b7fdec9b2ff2b747cb0d530af4522e5d003d78fb3f640b,2025-10-01,Woodbine-Lumsden (60),-79.31039264658962,43.69145821847367,0,0.9487524112187001,-0.9487524112187001
"Poisson (area, tuned)",2024-12-01,1.7703346781640914,sha256:bd942a7bcbe33ba673b7fdec9b2ff2b747cb0d530af4522e5d003d78fb3f640b,2025-10-01,Wychwood (94),-79.42710542937913,43.6784532168336,1,1.5470528582767136,-0.5470528582767136
"Poisson (area, tuned)",2024-12-01,1.7703346781640914,sha256:bd942a7bcbe33ba673b7fdec9b2ff2b747cb0d530af4522e5d003d78fb3f640b,2025-10-01,Yonge-Eglinton (100),-79.40102373824469,43.70674080495774,1,1.535395475918634,-0.5353954759186339
"Poisson (area, tuned)",2024-12-01,1.7703346781640914,sha256:bd942a7bcbe33ba673b7fdec9b2ff2b747cb0d530af4522e5d003d78fb3f640b,2025-10-01,Yonge-St.Clair (97),-79.39834065134646,43.689263791751046,3,1.5212545981644419,1.4787454018355581
"Poisson (area, tuned)",2024-12-01,1.7703346781640914,sha256:bd942a7bcbe33ba673b7fdec9b2ff2b747cb0d530af4522e5d003d78fb3f640b,2025-10-01,York University Heights (27),-79.49891755560928,43.76657476817609,4,1.129799593185919,2.8702004068140807
"Poisson (area, tuned)",2024-12-01,1.7703346781640914,sha256:bd942a7bcbe33ba673b7fdec9b2ff2b747cb0d530af4522e5d003d78fb3f640b,2025-10-01,Yorkdale-Glen Park (31),-79.45130621630454,43.714348256200424,0,1.2279767755572346,-1.2279767755572346
"Poisson (area, tuned)",2024-12-01,1.7703346781640914,sha256:bd942a7bcbe33ba673b7fdec9b2ff2b747cb0d530af4522e5d003d78fb3f640b,2025-11-01,Agincourt North (129),-79.26928393506104,43.810980375100264,0,0.2959020391200781,-0.2959020391200781
"Poisson (area, tuned)",2024-12-01,1.7703346781640914,sha256:bd942a7bcbe33ba673b7fdec9b2ff2b747cb0d530af4522e5d003d78fb3f640b,2025-11-01,Agincourt South-Malvern West (128),-79.28002861084076,43.7889253690791,0,0.365101892925227,-0.365101892925227
"Poisson (area, tuned)",2024-12-01,1.7703346781640914,sha256:bd942a7bcbe33ba673b7fdec9b2ff2b747cb0d530af4522e5d003d78fb3f640b,2025-11-01,Alderwood (20),-79.54538918515296,43.6065751977772,0,0.47654062735159275,-0.47654062735159275
"Poisson (area, tuned)",2024-12-01,1.7703346781640914,sha256:bd942a7bcbe33ba673b7fdec9b2ff2b747cb0d530af4522e5d003d78fb3f640b,2025-11-01,Annex (95),-79.40380913861458,43.670104609767606,1,5.2911994922642025,-4.2911994922642025
"Poisson (area, tuned)",2024-12-01,1.7703346781640914,sha256:bd942a7bcbe33ba673b7fdec9b2ff2b747cb0d530af4522e5d003d78fb3f640b,2025-11-01,Banbury-Don Mills (42),-79.3409210158811,43.73511850435992,0,0.7196212365221544,-0.7196212365221544
"Poisson (area, tuned)",2024-12-01,1.7703346781640914,sha256:bd942a7bcbe33ba673b7fdec9b2ff2b747cb0d530af4522e5d003d78fb3f640b,2025-11-01,Bathurst Manor (34),-79.45175843487672,43.75609728872373,0,0.5642280691490204,-0.5642280691490204
"Poisson (area, tuned)",2024-12-01,1.7703346781640914,sha256:bd942a7bcbe33ba673b7fdec9b2ff2b747cb0d530af4522e5d003d78fb3f640b,2025-11-01,Bay Street Corridor (76),-79.38436854475557,43.65730879641258,8,12.918059508838933,-4.918059508838933
"Poisson (area, tuned)",2024-12-01,1.7703346781640914,sha256:bd942a7bcbe33ba673b7fdec9b2ff2b747cb0d530af4522e5d003d78fb3f640b,2025-11-01,Bayview Village (52),-79.38403601743099,43.769051789694494,0,0.7450972174067421,-0.7450972174067421
"Poisson (area, tuned)",2024-12-01,1.7703346781640914,sha256:bd942a7bcbe33ba673b7fdec9b2ff2b747cb0d530af4522e5d003d78fb3f640b,2025-11-01,Bayview Woods-Steeles (49),-79.3743681512798,43.797822785562154,0,0.38724936418175354,-0.38724936418175354
"Poisson (area, tuned)",2024-12-01,1.7703346781640914,sha256:bd942a7bcbe33ba673b7fdec9b2ff2b747cb0d530af4522e5d003d78fb3f640b,2025-11-01,Bedford Park-Nortown (39),-79.42125788351791,43.72757981721193,0,0.8473057797849285,-0.8473057797849285
"Poisson (area, tuned)",2024-12-01,1.7703346781640914,sha256:bd942a7bcbe33ba673b7fdec9b2ff2b747cb0d530af4522e5d003d78fb3f640b,2025-11-01,Beechborough-Greenbrook (112),-79.4744663865561,43.691508083029944,0,0.5788957483139249,-0.5788957483139249
"Poisson (area, tuned)",2024-12-01,1.7703346781640914,sha256:bd942a7bcbe33ba673b7fdec9b2ff2b747cb0d530af4522e5d003d78fb3f640b,2025-11-01,Bendale (127),-79.26046315357324,43.76293076745831,0,0.44862556452389457,-0.44862556452389457
"Poisson (area, tuned)",2024-12-01,1.7703346781640914,sha256:bd942a7bcbe33ba673b7fdec9b2ff2b747cb0d530af4522e5d003d78fb3f640b,2025-11-01,Birchcliffe-Cliffside (122),-79.27062357025366,43.69131003372983,0,0.7206749762602677,-0.7206749762602677
"Poisson (area, tuned)",2024-12-01,1.7703346781640914,sha256:bd942a7bcbe33ba673b7fdec9b2ff2b747cb0d530af4522e5d003d78fb3f640b,2025-11-01,Black Creek (24),-79.51869671361172,43.76523138519309,0,0.46808341879202553,-0.46808341879202553
"Poisson (area, tuned)",2024-12-01,1.7703346781640914,sha256:bd942a7bcbe33ba673b7fdec9b2ff2b747cb0d530af4522e5d003d78fb3f640b,2025-11-01,Blake-Jones (69),-79.3394451105104,43.67664416992363,0,1.1472471247807443,-1.1472471247807443
"Poisson (area, tuned)",2024-12-01,1.7703346781640914,sha256:bd942a7bcbe33ba673b7fdec9b2ff2b747cb0d530af4522e5d003d78fb3f640b,2025-11-01,Briar Hill-Belgravia (108),-79.445578280552,43.699313061287725,0,0.8363070154988724,-0.8363070154988724
"Poisson (area, tuned)",2024-12-01,1.7703346781640914,sha256:bd942a7bcbe33ba673b7fdec9b2ff2b747cb0d530af4522e5d003d78fb3f640b,2025-11-01,Bridle Path-Sunnybrook-York Mills (41),-79.38366396163413,43.72516179918022,0,0.7884963610680515,-0.7884963610680515
"Poisson (area, tuned)",2024-12-01,1.7703346781640914,sha256:bd942a7bcbe33ba673b7fdec9b2ff2b747cb0d530af4522e5d003d78fb3f640b,2025-11-01,Broadview North (57),-79.35364911130229,43.683932870884654,0,1.1582546682147845,-1.1582546682147845
"Poisson (area, tuned)",2024-12-01,1.7703346781640914,sha256:bd942a7bcbe33ba673b7fdec9b2ff2b747cb0d530af4522e5d003d78fb3f640b,2025-11-01,Brookhaven-Amesbury (30),-79.49015206607174,43.69942696476651,0,0.5740233778529901,-0.5740233778529901
"Poisson (area, tuned)",2024-12-01,1.7703346781640914,sha256:bd942a7bcbe33ba673b7fdec9b2ff2b747cb0d530af4522e5d003d78fb3f640b,2025-11-01,Cabbagetown-South St.James Town (71),-79.36975340775743,43.66521290431659,1,2.539387078809125,-1.539387078809125
"Poisson (area, tuned)",2024-12-01,1.7703346781640914,sha256:bd942a7bcbe33ba673b7fdec9b2ff2b747cb0d530af4522e5d003d78fb3f640b,2025-11-01,Caledonia-Fairbank (109),-79.4517849962554,43.690036179158305,1,0.7175619359343558,0.2824380640656442
"Poisson (area, tuned)",2024-12-01,1.7703346781640914,sha256:bd942a7bcbe33ba673b7fdec9b2ff2b747cb0d530af4522e5d003d78fb3f640b,2025-11-01,Casa Loma (96),-79.40864864037756,43.67955392863041,0,1.2004744344287916,-1.2004744344287916
"Poisson (area, tuned)",2024-12-01,1.7703346781640914,sha256:bd942a7bcbe33ba673b7fdec9b2ff2b747cb0d530af4522e5d003d78fb3f640b,2025-11-01,Centennial Scarborough (133),-79.15053423026679,43.780757885389185,0,0.35907687958352213,-0.35907687958352213
"Poisson (area, tuned)",2024-12-01,1.7703346781640914,sha256:bd942a7bcbe33ba673b7fdec9b2ff2b747cb0d530af4522e5d003d78fb3f640b,2025-11-01,Church-Yonge Corridor (75),-79.37956284727365,43.66018909929288,22,11.679023907246712,10.320976092753288
"Poisson (area, tuned)",2024-12-01,1.7703346781640914,sha256:bd942a7bcbe33ba673b7fdec9b2ff2b747cb0d530af4522e5d003d78fb3f640b,2025-11-01,Clairlea-Birchmount (120),-79.28672506823307,43.709414591668256,0,0.7204188559002281,-0.7204188559002281
"Poisson (area, tuned)",2024-12-01,1.7703346781640914,sha256:bd942a7bcbe33ba673b7fdec9b2ff2b747cb0d530af4522e5d003d78fb3f640b,2025-11-01,Clanton Park (33),-79.44643447690169,43.74149776462126,0,0.6753473186757154,-0.6753473186757154
"Poisson (area, tuned)",2024-12-01,1.7703346781640914,sha256:bd942a7bcbe33ba673b7fdec9b2ff2b747cb0d530af4522e5d003d78fb3f640b,2025-11-01,Cliffcrest (123),-79.23329029919245,43.72191819765982,1,0.41695301115101513,0.5830469888489849
"Poisson (area, tuned)",2024-12-01,1.7703346781640914,sha256:bd942a7bcbe33ba673b7fdec9b2ff2b747cb0d530af4522e5d003d78fb3f640b,2025-11-01,Corso Italia-Davenport (92),-79.4427553703874,43.67658111935704,1,0.9559007557581705,0.04409924424182954
"Poisson (area, tuned)",2024-12-01,1.7703346781640914,sha256:bd942a7bcbe33ba673b7fdec9b2ff2b747cb0d530af4522e5d003d78fb3f640b,2025-11-01,Danforth (66),-79.33065782618279,43.682847803276616,1,1.4279709490762265,-0.42797094907622646
"Poisson (area, tuned)",2024-12-01,1.7703346781640914,sha256:bd942a7bcbe33ba673b7fdec9b2ff2b747cb0d530af4522e5d003d78fb3f640b,2025-11-01,Danforth East York (59),-79.3313092800722,43.69082681262244,0,1.0086947032679243,-1.0086947032679243
"Poisson (area, tuned)",2024-12-01,1.7703346781640914,sha256:bd942a7bcbe33ba673b7fdec9b2ff2b747cb0d530af4522e5d003d78fb3f640b,2025-11-01,Don Valley Village (47),-79.35240298959988,43.77988611135725,0,0.49558121762501006,-0.49558121762501006
"Poisson (area, tuned)",2024-12-01,1.7703346781640914,sha256:bd942a7bcbe33ba673b7fdec9b2ff2b747cb0d530af4522e5d003d78fb3f640b,2025-11-01,Dorset Park (126),-79.28077525994308,43.75528945083431,0,0.4622144883800203,-0.4622144883800203
"Poisson (area, tuned)",2024-12-01,1.7703346781640914,sha256:bd942a7bcbe33ba673b7fdec9b2ff2b747cb0d530af4522e5d003d78fb3f640b,2025-11-01,Dovercourt-Wallace Emerson-Junction (93),-79.43778332382438,43.66463002065643,1,3.5027508271151966,-2.5027508271151966
"Poisson (area, tuned)",2024-12-01,1.7703346781640914,sha256:bd942a7bcbe33ba673b7fdec9b2ff2b747cb0d530af4522e5d003d78fb3f640b,2025-11-01,Downsview-Roding-CFB (26),-79.4835940990325,43.727986861303435,0,0.7585418298853397,-0.7585418298853397
"Poisson (area, tuned)",2024-12-01,1.7703346781640914,sha256:bd942a7bcbe33ba673b7fdec9b2ff2b747cb0d530af4522e5d003d78fb3f640b,2025-11-01,Dufferin Grove (83),-79.4370618209781,43.65521640563446,2,1.8037930575879455,0.1962069424120545
"Poisson (area, tuned)",2024-12-01,1.7703346781640914,sha256:bd942a7bcbe33ba673b7fdec9b2ff2b747cb0d530af4522e5d003d78fb3f640b,2025-11-01,East End-Danforth (62),-79.30055625233094,43.68572312555001,2,1.6796070640632232,0.32039293593677676
"Poisson (area, tuned)",2024-12-01,1.7703346781640914,sha256:bd942a7bcbe33ba673b7fdec9b2ff2b747cb0d530af4522e5d003d78fb3f640b,2025-11-01,Edenbridge-Humber Valley (9),-79.52023309003076,43.66557816852869,0,0.5208276512362062,-0.5208276512362062
"Poisson (area, tuned)",2024-12-01,1.7703346781640914,sha256:bd942a7bcbe33ba673b7fdec9b2ff2b747cb0d530af4522e5d003d78fb3f640b,2025-11-01,Eglinton East (138),-79.24473615792672,43.73991827916189,1,0.4291486907866014,0.5708513092133987
"Poisson (area, tuned)",2024-12-01,1.7703346781640914,sha256:bd942a7bcbe33ba673b7fdec9b2ff2b747cb0d530af4522e5d003d78fb3f640b,2025-11-01,Elms-Old Rexdale (5),-79.55208772185198,43.71927285915033,1,0.4182558532541609,0.5817441467458391
"Poisson (area, tuned)",2024-12-01,1.7703346781640914,sha256:bd942a7bcbe33ba673b7fdec9b2ff2b747cb0d530af4522e5d003d78fb3f640b,2025-11-01,Englemount-Lawrence (32),-79.43712596977969,43.7204676607881,0,0.9086954856924887,-0.9086954856924887
"Poisson (area, tuned)",2024-12-01,1.7703346781640914,sha256:bd942a7bcbe33ba673b7fdec9b2ff2b747cb0d530af4522e5d003d78fb3f640b,2025-11-01,Eringate-Centennial-West Deane (11),-79.57787073233334,43.65860025717794,0,0.41782685593004887,-0.41782685593004887
"Poisson (area, tuned)",2024-12-01,1.7703346781640914,sha256:bd942a7bcbe33ba673b7fdec9b2ff2b747cb0d530af4522e5d003d78fb3f640b,2025-11-01,Etobicoke West Mall (13),-79.5678030787646,43.64190931147644,2,0.4377653246190898,1.5622346753809102
"Poisson (area, tuned)",2024-12-01,1.7703346781640914,sha256:bd942a7bcbe33ba673b7fdec9b2ff2b747cb0d530af4522e5d003d78fb3f640b,2025-11-01,Flemingdon Park (44),-79.33198682919883,43.71530756444098,0,0.7656259794793957,-0.7656259794793957
"Poisson (area, tuned)",2024-12-01,1.7703346781640914,sha256:bd942a7bcbe33ba673b7fdec9b2ff2b747cb0d530af4522e5d003d78fb3f640b,2025-11-01,Forest Hill North (102),-79.43346069412912,43.70194436532484,0,0.9978948391009519,-0.9978948391009519
"Poisson (area, tuned)",2024-12-01,1.7703346781640914,sha256:bd942a7bcbe33ba673b7fdec9b2ff2b747cb0d530af4522e5d003d78fb3f640b,2025-11-01,Forest Hill South (101),-79.41299883590433,43.6890600119443,1,1.0866723218632195,-0.08667232186321949
"Poisson (area, tuned)",2024-12-01,1.7703346781640914,sha256:bd942a7bcbe33ba673b7fdec9b2ff2b747cb0d530af4522e5d003d78fb3f640b,2025-11-01,Glenfield-Jane Heights (25),-79.50908241975385,43.74806287596809,0,0.5653718490615972,-0.5653718490615972
"Poisson (area, tuned)",2024-12-01,1.7703346781640914,sha256:bd942a7bcbe33ba673b7fdec9b2ff2b747cb0d530af4522e5d003d78fb3f640b,2025-11-01,Greenwood-Coxwell (65),-79.32392461588157,43.67182578504262,1,1.6371134777356608,-0.6371134777356608
"Poisson (area, tuned)",2024-12-01,1.7703346781640914,sha256:bd942a7bcbe33ba673b7fdec9b2ff2b747cb0d530af4522e5d003d78fb3f640b,2025-11-01,Guildwood (140),-79.1987335919193,43.747914590059,0,0.34805475677499154,-0.34805475677499154
"Poisson (area, tuned)",2024-12-01,1.7703346781640914,sha256:bd942a7bcbe33ba673b7fdec9b2ff2b747cb0d530af4522e5d003d78fb3f640b,2025-11-01,Henry Farm (53),-79.34642185767248,43.76957681680956,0,0.5147574894396171,-0.5147574894396171
"Poisson (area, tuned)",2024-12-01,1.7703346781640914,sha256:bd942a7bcbe33ba673b7fdec9b2ff2b747cb0d530af4522e5d003d78fb3f640b,2025-11-01,High Park North (88),-79.4652298180643,43.65722103912335,0,1.7416106182056326,-1.7416106182056326
"Poisson (area, tuned)",2024-12-01,1.7703346781640914,sha256:bd942a7bcbe33ba673b7fdec9b2ff2b747cb0d530af4522e5d003d78fb3f640b,2025-11-01,High Park-Swansea (87),-79.4648159122912,43.64453199862067,3,1.276336041460954,1.723663958539046
"Poisson (area, tuned)",2024-12-01,1.7703346781640914,sha256:bd942a7bcbe33ba673b7fdec9b2ff2b747cb0d530af4522e5d003d78fb3f640b,2025-11-01,Highland Creek (134),-79.18452149622338,43.786273991320705,1,0.3669519894430178,0.6330480105569822
"Poisson (area, tuned)",2024-12-01,1.7703346781640914,sha256:bd942a7bcbe33ba673b7fdec9b2ff2b747cb0d530af4522e5d003d78fb3f640b,2025-11-01,Hillcrest Village (48),-79.35806283641195,43.79960270136573,0,0.4023522138710924,-0.4023522138710924
"Poisson (area, tuned)",2024-12-01,1.7703346781640914,sha256:bd942a7bcbe33ba673b7fdec9b2ff2b747cb0d530af4522e5d003d78fb3f640b,2025-11-01,Humber Heights-Westmount (8),-79.51864457298561,43.69564007439048,0,0.4650888049357541,-0.4650888049357541
"Poisson (area, tuned)",2024-12-01,1.7703346781640914,sha256:bd942a7bcbe33ba673b7fdec9b2ff2b747cb0d530af4522e5d003d78fb3f640b,2025-11-01,Humber Summit (21),-79.56057763521508,43.75362439798188,0,0.4168686847017718,-0.4168686847017718
"Poisson (area, tuned)",2024-12-01,1.7703346781640914,sha256:bd942a7bcbe33ba673b7fdec9b2ff2b747cb0d530af4522e5d003d78fb3f640b,2025-11-01,Humbermede (22),-79.54521679307662,43.74787608113298,0,0.4085080595620345,-0.4085080595620345
"Poisson (area, tuned)",2024-12-01,1.7703346781640914,sha256:bd942a7bcbe33ba673b7fdec9b2ff2b747cb0d530af4522e5d003d78fb3f640b,2025-11-01,Humewood-Cedarvale (106),-79.42603840921164,43.68908389632168,0,1.2898429199894816,-1.2898429199894816
"Poisson (area, tuned)",2024-12-01,1.7703346781640914,sha256:bd942a7bcbe33ba673b7fdec9b2ff2b747cb0d530af4522e5d003d78fb3f640b,2025-11-01,Ionview (125),-79.2682783103958,43.73299077700163,0,0.428640824470814,-0.428640824470814
"Poisson (area, tuned)",2024-12-01,1.7703346781640914,sha256:bd942a7bcbe33ba673b7fdec9b2ff2b747cb0d530af4522e5d003d78fb3f640b,2025-11-01,Islington-City Centre West (14),-79.53678079261083,43.641361915813675,0,0.8532341583336204,-0.8532341583336204
"Poisson (area, tuned)",2024-12-01,1.7703346781640914,sha256:bd942a7bcbe33ba673b7fdec9b2ff2b747cb0d530af4522e5d003d78fb3f640b,2025-11-01,Junction Area (90),-79.46892477498491,43.6655394100211,0,1.0716439493573227,-1.0716439493573227
"Poisson (area, tuned)",2024-12-01,1.7703346781640914,sha256:bd942a7bcbe33ba673b7fdec9b2ff2b747cb0d530af4522e5d003d78fb3f640b,2025-11-01,Keelesdale-Eglinton West (110),-79.47055790633043,43.68391780141048,0,0.6437610834764358,-0.6437610834764358
"Poisson (area, tuned)",2024-12-01,1.7703346781640914,sha256:bd942a7bcbe33ba673b7fdec9b2ff2b747cb0d530af4522e5d003d78fb3f640b,2025-11-01,Kennedy Park (124),-79.25874986465229,43.728410786674374,0,0.485759259098651,-0.485759259098651
"Poisson (area, tuned)",2024-12-01,1.7703346781640914,sha256:bd942a7bcbe33ba673b7fdec9b2ff2b747cb0d530af4522e5d003d78fb3f640b,2025-11-01,Kensington-Chinatown (78),-79.3967980354919,43.65388049459246,3,5.1913521109942975,-2.1913521109942975
"Poisson (area, tuned)",2024-12-01,1.7703346781640914,sha256:bd942a7bcbe33ba673b7fdec9b2ff2b747cb0d530af4522e5d003d78fb3f640b,2025-11-01,Kingsview Village-The Westway (6),-79.54911503533694,43.69584358136977,0,0.44565567510994275,-0.44565567510994275
"Poisson (area, tuned)",2024-12-01,1.7703346781640914,sha256:bd942a7bcbe33ba673b7fdec9b2ff2b747cb0d530af4522e5d003d78fb3f640b,2025-11-01,Kingsway South (15),-79.51086459422443,43.65032283055947,0,0.6417979506489458,-0.6417979506489458
"Poisson (area, tuned)",2024-12-01,1.7703346781640914,sha256:bd942a7bcbe33ba673b7fdec9b2ff2b747cb0d530af4522e5d003d78fb3f640b,2025-11-01,L'Amoreaux (117),-79.3201008921114,43.79636378659849,0,0.4235221370929082,-0.4235221370929082
"Poisson (area, tuned)",2024-12-01,1.7703346781640914,sha256:bd942a7bcbe33ba673b7fdec9b2ff2b747cb0d530af4522e5d003d78fb3f640b,2025-11-01,Lambton Baby Point (114),-79.49452130561747,43.65593529844182,0,0.6227553270821842,-0.6227553270821842
"Poisson (area, tuned)",2024-12-01,1.7703346781640914,sha256:bd942a7bcbe33ba673b7fdec9b2ff2b747cb0d530af4522e5d003d78fb3f640b,2025-11-01,Lansing-Westgate (38),-79.41222964417364,43.761840287387486,0,0.6272320834988726,-0.6272320834988726
"Poisson (area, tuned)",2024-12-01,1.7703346781640914,sha256:bd942a7bcbe33ba673b7fdec9b2ff2b747cb0d530af4522e5d003d78fb3f640b,2025-11-01,Lawrence Park North (105),-79.40643053379212,43.72768097403552,0,0.9457139430608995,-0.9457139430608995
"Poisson (area, tuned)",2024-12-01,1.7703346781640914,sha256:bd942a7bcbe33ba673b7fdec9b2ff2b747cb0d530af4522e5d003d78fb3f640b,2025-11-01,Lawrence Park South (103),-79.41020212544387,43.72248127246825,1,0.949205137017085,0.05079486298291502
"Poisson (area, tuned)",2024-12-01,1.7703346781640914,sha256:bd942a7bcbe33ba673b7fdec9b2ff2b747cb0d530af4522e5d003d78fb3f640b,2025-11-01,Leaside-Bennington (56),-79.36756549485442,43.70630335329757,0,1.3571000010480883,-1.3571000010480883
"Poisson (area, tuned)",2024-12-01,1.7703346781640914,sha256:bd942a7bcbe33ba673b7fdec9b2ff2b747cb0d530af4522e5d003d78fb3f640b,2025-11-01,Little Portugal (84),-79.42637552454019,43.64409148964972,1,2.083174716020148,-1.0831747160201481
"Poisson (area, tuned)",2024-12-01,1.7703346781640914,sha256:bd942a7bcbe33ba673b7fdec9b2ff2b747cb0d530af4522e5d003d78fb3f640b,2025-11-01,Long Branch (19),-79.53237502113143,43.591006620404656,0,0.6803820417284242,-0.6803820417284242
"Poisson (area, tuned)",2024-12-01,1.7703346781640914,sha256:bd942a7bcbe33ba673b7fdec9b2ff2b747cb0d530af4522e5d003d78fb3f640b,2025-11-01,Malvern (132),-79.22095167470565,43.80455499438271,0,0.36386600627435506,-0.36386600627435506
"Poisson (area, tuned)",2024-12-01,1.7703346781640914,sha256:bd942a7bcbe33ba673b7fdec9b2ff2b747cb0d530af4522e5d003d78fb3f640b,2025-11-01,Maple Leaf (29),-79.4843756407544,43.718225646439535,0,0.4972668566712071,-0.4972668566712071
"Poisson (area, tuned)",2024-12-01,1.7703346781640914,sha256:bd942a7bcbe33ba673b7fdec9b2ff2b747cb0d530af4522e5d003d78fb3f640b,2025-11-01,Markland Wood (12),-79.57650734129277,43.633689780366026,0,0.47301071039268616,-0.47301071039268616
"Poisson (area, tuned)",2024-12-01,1.7703346781640914,sha256:bd942a7bcbe33ba673b7fdec9b2ff2b747cb0d530af4522e5d003d78fb3f640b,2025-11-01,Milliken (130),-79.28878321264463,43.82084812422136,0,0.29766340191925567,-0.29766340191925567
"Poisson (area, tuned)",2024-12-01,1.7703346781640914,sha256:bd942a7bcbe33ba673b7fdec9b2ff2b747cb0d530af4522e5d003d78fb3f640b,2025-11-01,Mimico (includes Humber Bay Shores) (17),-79.48568571369577,43.62094188018773,0,1.7785235235463874,-1.7785235235463874
"Poisson (area, tuned)",2024-12-01,1.7703346781640914,sha256:bd942a7bcbe33ba673b7fdec9b2ff2b747cb0d530af4522e5d003d78fb3f640b,2025-11-01,Morningside (135),-79.20335964084892,43.78544794442794,0,0.31109027719029175,-0.31109027719029175
"Poisson (area, tuned)",2024-12-01,1.7703346781640914,sha256:bd942a7bcbe33ba673b7fdec9b2ff2b747cb0d530af4522e5d003d78fb3f640b,2025-11-01,Moss Park (73),-79.36913295325593,43.65425609335975,1,4.7102569301696935,-3.7102569301696935
"Poisson (area, tuned)",2024-12-01,1.7703346781640914,sha256:bd942a7bcbe33ba673b7fdec9b2ff2b747cb0d530af4522e5d003d78fb3f640b,2025-11-01,Mount Dennis (115),-79.48946593742998,43.68565859464735,0,0.5702469988042337,-0.5702469988042337
"Poisson (area, tuned)",2024-12-01,1.7703346781640914,sha256:bd942a7bcbe33ba673b7fdec9b2ff2b747cb0d530af4522e5d003d78fb3f640b,2025-11-01,Mount Olive-Silverstone-Jamestown (2),-79.58577617904946,43.74325917379369,0,0.47297970200749667,-0.47297970200749667
"Poisson (area, tuned)",2024-12-01,1.7703346781640914,sha256:bd942a7bcbe33ba673b7fdec9b2ff2b747cb0d530af4522e5d003d78fb3f640b,2025-11-01,Mount Pleasant East (99),-79.38525136980005,43.70699758566823,0,1.2472717465761336,-1.2472717465761336
"Poisson (area, tuned)",2024-12-01,1.7703346781640914,sha256:bd942a7bcbe33ba673b7fdec9b2ff2b747cb0d530af4522e5d003d78fb3f640b,2025-11-01,Mount Pleasant West (104),-79.39441924813381,43.705281018271585,1,2.3173999311182136,-1.3173999311182136
"Poisson (area, tuned)",2024-12-01,1.7703346781640914,sha256:bd942a7bcbe33ba673b7fdec9b2ff2b747cb0d530af4522e5d003d78fb3f640b,2025-11-01,NSA,NA,NA,5,0.5182521204474191,4.4817478795525805
"Poisson (area, tuned)",2024-12-01,1.7703346781640914,sha256:bd942a7bcbe33ba673b7fdec9b2ff2b747cb0d530af4522e5d003d78fb3f640b,2025-11-01,New Toronto (18),-79.50819536860408,43.60067938873378,0,0.6934995575822005,-0.6934995575822005
"Poisson (area, tuned)",2024-12-01,1.7703346781640914,sha256:bd942a7bcbe33ba673b7fdec9b2ff2b747cb0d530af4522e5d003d78fb3f640b,2025-11-01,Newtonbrook East (50),-79.4155662486542,43.782773804672864,0,0.540241930314784,-0.540241930314784
"Poisson (area, tuned)",2024-12-01,1.7703346781640914,sha256:bd942a7bcbe33ba673b7fdec9b2ff2b747cb0d530af4522e5d003d78fb3f640b,2025-11-01,Newtonbrook West (36),-79.42082573006313,43.78444945871987,1,0.7636624060137933,0.23633759398620668
"Poisson (area, tuned)",2024-12-01,1.7703346781640914,sha256:bd942a7bcbe33ba673b7fdec9b2ff2b747cb0d530af4522e5d003d78fb3f640b,2025-11-01,Niagara (82),-79.40825413058062,43.639170480800686,1,5.343904809394659,-4.343904809394659
"Poisson (area, tuned)",2024-12-01,1.7703346781640914,sha256:bd942a7bcbe33ba673b7fdec9b2ff2b747cb0d530af4522e5d003d78fb3f640b,2025-11-01,North Riverdale (68),-79.34942497640164,43.67320424441098,0,1.588071721399918,-1.588071721399918
"Poisson (area, tuned)",2024-12-01,1.7703346781640914,sha256:bd942a7bcbe33ba673b7fdec9b2ff2b747cb0d530af4522e5d003d78fb3f640b,2025-11-01,North St.James Town (74),-79.37622315570079,43.66924040879271,2,2.2879347142068998,-0.28793471420689976
"Poisson (area, tuned)",2024-12-01,1.7703346781640914,sha256:bd942a7bcbe33ba673b7fdec9b2ff2b747cb0d530af4522e5d003d78fb3f640b,2025-11-01,O'Connor-Parkview (54),-79.30295705711893,43.707394189060395,0,0.7197832834412181,-0.7197832834412181
"Poisson (area, tuned)",2024-12-01,1.7703346781640914,sha256:bd942a7bcbe33ba673b7fdec9b2ff2b747cb0d530af4522e5d003d78fb3f640b,2025-11-01,Oakridge (121),-79.28580476562132,43.69338422103418,0,0.718240500400457,-0.718240500400457
"Poisson (area, tuned)",2024-12-01,1.7703346781640914,sha256:bd942a7bcbe33ba673b7fdec9b2ff2b747cb0d530af4522e5d003d78fb3f640b,2025-11-01,Oakwood Village (107),-79.43992214652974,43.693163772618576,0,0.9735949286677339,-0.9735949286677339
"Poisson (area, tuned)",2024-12-01,1.7703346781640914,sha256:bd942a7bcbe33ba673b7fdec9b2ff2b747cb0d530af4522e5d003d78fb3f640b,2025-11-01,Old East York (58),-79.33971322725657,43.69468655917457,0,0.8597546956446565,-0.8597546956446565
"Poisson (area, tuned)",2024-12-01,1.7703346781640914,sha256:bd942a7bcbe33ba673b7fdec9b2ff2b747cb0d530af4522e5d003d78fb3f640b,2025-11-01,Palmerston-Little Italy (80),-79.41607073008583,43.65977590713319,1,2.2442714474408714,-1.2442714474408714
"Poisson (area, tuned)",2024-12-01,1.7703346781640914,sha256:bd942a7bcbe33ba673b7fdec9b2ff2b747cb0d530af4522e5d003d78fb3f640b,2025-11-01,Parkwoods-Donalda (45),-79.32857716506125,43.75401452181123,0,0.5686949181321266,-0.5686949181321266
"Poisson (area, tuned)",2024-12-01,1.7703346781640914,sha256:bd942a7bcbe33ba673b7fdec9b2ff2b747cb0d530af4522e5d003d78fb3f640b,2025-11-01,Pelmo Park-Humberlea (23),-79.53452633259599,43.71053804014776,0,0.434026819975786,-0.434026819975786
"Poisson (area, tuned)",2024-12-01,1.7703346781640914,sha256:bd942a7bcbe33ba673b7fdec9b2ff2b747cb0d530af4522e5d003d78fb3f640b,2025-11-01,Playter Estates-Danforth (67),-79.35537498775473,43.678037843577414,1,1.3166354854784597,-0.31663548547845966
"Poisson (area, tuned)",2024-12-01,1.7703346781640914,sha256:bd942a7bcbe33ba673b7fdec9b2ff2b747cb0d530af4522e5d003d78fb3f640b,2025-11-01,Pleasant View (46),-79.33169496448295,43.78880674789264,0,0.39453388148766516,-0.39453388148766516
"Poisson (area, tuned)",2024-12-01,1.7703346781640914,sha256:bd942a7bcbe33ba673b7fdec9b2ff2b747cb0d530af4522e5d003d78fb3f640b,2025-11-01,Princess-Rosethorn (10),-79.54278218831497,43.6664342839495,0,0.4564233791500864,-0.4564233791500864
"Poisson (area, tuned)",2024-12-01,1.7703346781640914,sha256:bd942a7bcbe33ba673b7fdec9b2ff2b747cb0d530af4522e5d003d78fb3f640b,2025-11-01,Regent Park (72),-79.36178286088128,43.65943439853815,1,1.7540823935426613,-0.7540823935426613
"Poisson (area, tuned)",2024-12-01,1.7703346781640914,sha256:bd942a7bcbe33ba673b7fdec9b2ff2b747cb0d530af4522e5d003d78fb3f640b,2025-11-01,Rexdale-Kipling (4),-79.56943957685264,43.726549256380395,0,0.3893563476801251,-0.3893563476801251
"Poisson (area, tuned)",2024-12-01,1.7703346781640914,sha256:bd942a7bcbe33ba673b7fdec9b2ff2b747cb0d530af4522e5d003d78fb3f640b,2025-11-01,Rockcliffe-Smythe (111),-79.49193279998173,43.67234248080122,0,0.6749439015864621,-0.6749439015864621
"Poisson (area, tuned)",2024-12-01,1.7703346781640914,sha256:bd942a7bcbe33ba673b7fdec9b2ff2b747cb0d530af4522e5d003d78fb3f640b,2025-11-01,Roncesvalles (86),-79.44277811907274,43.64370439603947,0,1.775281760018078,-1.775281760018078
"Poisson (area, tuned)",2024-12-01,1.7703346781640914,sha256:bd942a7bcbe33ba673b7fdec9b2ff2b747cb0d530af4522e5d003d78fb3f640b,2025-11-01,Rosedale-Moore Park (98),-79.38462305095243,43.67502671420579,1,2.8608307569585247,-1.8608307569585247
"Poisson (area, tuned)",2024-12-01,1.7703346781640914,sha256:bd942a7bcbe33ba673b7fdec9b2ff2b747cb0d530af4522e5d003d78fb3f640b,2025-11-01,Rouge (131),-79.13309434834144,43.78938806538385,0,0.46382391901532066,-0.46382391901532066
"Poisson (area, tuned)",2024-12-01,1.7703346781640914,sha256:bd942a7bcbe33ba673b7fdec9b2ff2b747cb0d530af4522e5d003d78fb3f640b,2025-11-01,Runnymede-Bloor West Village (89),-79.48480851655415,43.65975616827931,0,0.7937641146356843,-0.7937641146356843
"Poisson (area, tuned)",2024-12-01,1.7703346781640914,sha256:bd942a7bcbe33ba673b7fdec9b2ff2b747cb0d530af4522e5d003d78fb3f640b,2025-11-01,Rustic (28),-79.50024894268427,43.70839284643953,1,0.4806417249484167,0.5193582750515833
"Poisson (area, tuned)",2024-12-01,1.7703346781640914,sha256:bd942a7bcbe33ba673b7fdec9b2ff2b747cb0d530af4522e5d003d78fb3f640b,2025-11-01,Scarborough Village (139),-79.22121647737255,43.74178808353859,0,0.38370462801630256,-0.38370462801630256
"Poisson (area, tuned)",2024-12-01,1.7703346781640914,sha256:bd942a7bcbe33ba673b7fdec9b2ff2b747cb0d530af4522e5d003d78fb3f640b,2025-11-01,South Parkdale (85),-79.43087572304012,43.63836538756867,3,1.7887461428358882,1.2112538571641118
"Poisson (area, tuned)",2024-12-01,1.7703346781640914,sha256:bd942a7bcbe33ba673b7fdec9b2ff2b747cb0d530af4522e5d003d78fb3f640b,2025-11-01,South Riverdale (70),-79.34033408773206,43.66227352160024,0,3.9783835723397574,-3.9783835723397574
"Poisson (area, tuned)",2024-12-01,1.7703346781640914,sha256:bd942a7bcbe33ba673b7fdec9b2ff2b747cb0d530af4522e5d003d78fb3f640b,2025-11-01,St.Andrew-Windfields (40),-79.39807496057622,43.75295000125709,0,0.6808485462682299,-0.6808485462682299
"Poisson (area, tuned)",2024-12-01,1.7703346781640914,sha256:bd942a7bcbe33ba673b7fdec9b2ff2b747cb0d530af4522e5d003d78fb3f640b,2025-11-01,Steeles (116),-79.32254019689177,43.815065444286134,0,0.31451403952222295,-0.31451403952222295
"Poisson (area, tuned)",2024-12-01,1.7703346781640914,sha256:bd942a7bcbe33ba673b7fdec9b2ff2b747cb0d530af4522e5d003d78fb3f640b,2025-11-01,Stonegate-Queensway (16),-79.50687874894817,43.63678476785418,0,0.6703323796304231,-0.6703323796304231
"Poisson (area, tuned)",2024-12-01,1.7703346781640914,sha256:bd942a7bcbe33ba673b7fdec9b2ff2b747cb0d530af4522e5d003d78fb3f640b,2025-11-01,Tam O'Shanter-Sullivan (118),-79.29346258821549,43.78211963627784,0,0.40900213537996827,-0.40900213537996827
"Poisson (area, tuned)",2024-12-01,1.7703346781640914,sha256:bd942a7bcbe33ba673b7fdec9b2ff2b747cb0d530af4522e5d003d78fb3f640b,2025-11-01,Taylor-Massey (61),-79.29495186057909,43.692458919227406,0,0.8320165530135668,-0.8320165530135668
"Poisson (area, tuned)",2024-12-01,1.7703346781640914,sha256:bd942a7bcbe33ba673b7fdec9b2ff2b747cb0d530af4522e5d003d78fb3f640b,2025-11-01,The Beaches (63),-79.30297553719052,43.66875560841342,0,1.6043228609931128,-1.6043228609931128
"Poisson (area, tuned)",2024-12-01,1.7703346781640914,sha256:bd942a7bcbe33ba673b7fdec9b2ff2b747cb0d530af4522e5d003d78fb3f640b,2025-11-01,Thistletown-Beaumond Heights (3),-79.5659329290065,43.73754827301803,0,0.3913925033680176,-0.3913925033680176
"Poisson (area, tuned)",2024-12-01,1.7703346781640914,sha256:bd942a7bcbe33ba673b7fdec9b2ff2b747cb0d530af4522e5d003d78fb3f640b,2025-11-01,Thorncliffe Park (55),-79.35448121100222,43.71036836631147,0,0.9768304221315496,-0.9768304221315496
"Poisson (area, tuned)",2024-12-01,1.7703346781640914,sha256:bd942a7bcbe33ba673b7fdec9b2ff2b747cb0d530af4522e5d003d78fb3f640b,2025-11-01,Trinity-Bellwoods (81),-79.41373927922925,43.65087049509186,0,2.4360556347727034,-2.4360556347727034
"Poisson (area, tuned)",2024-12-01,1.7703346781640914,sha256:bd942a7bcbe33ba673b7fdec9b2ff2b747cb0d530af4522e5d003d78fb3f640b,2025-11-01,University (79),-79.39982104056267,43.66254295263539,4,4.307938029648218,-0.30793802964821815
"Poisson (area, tuned)",2024-12-01,1.7703346781640914,sha256:bd942a7bcbe33ba673b7fdec9b2ff2b747cb0d530af4522e5d003d78fb3f640b,2025-11-01,Victoria Village (43),-79.3128138518101,43.72684844443762,0,0.5688955250452754,-0.5688955250452754
"Poisson (area, tuned)",2024-12-01,1.7703346781640914,sha256:bd942a7bcbe33ba673b7fdec9b2ff2b747cb0d530af4522e5d003d78fb3f640b,2025-11-01,Waterfront Communities-The Island (77),-79.38919773860151,43.64473008383375,9,16.000850530499964,-7.000850530499964
"Poisson (area, tuned)",2024-12-01,1.7703346781640914,sha256:bd942a7bcbe33ba673b7fdec9b2ff2b747cb0d530af4522e5d003d78fb3f640b,2025-11-01,West Hill (136),-79.18284860837016,43.76769079627477,0,0.5279617864065983,-0.5279617864065983
"Poisson (area, tuned)",2024-12-01,1.7703346781640914,sha256:bd942a7bcbe33ba673b7fdec9b2ff2b747cb0d530af4522e5d003d78fb3f640b,2025-11-01,West Humber-Clairville (1),-79.60420741329722,43.73006355433667,0,0.5123597106254839,-0.5123597106254839
"Poisson (area, tuned)",2024-12-01,1.7703346781640914,sha256:bd942a7bcbe33ba673b7fdec9b2ff2b747cb0d530af4522e5d003d78fb3f640b,2025-11-01,Westminster-Branson (35),-79.44807552904417,43.781743102812335,0,0.5704944473949879,-0.5704944473949879
"Poisson (area, tuned)",2024-12-01,1.7703346781640914,sha256:bd942a7bcbe33ba673b7fdec9b2ff2b747cb0d530af4522e5d003d78fb3f640b,2025-11-01,Weston (113),-79.5165855480493,43.702833758307314,0,0.576825498087365,-0.576825498087365
"Poisson (area, tuned)",2024-12-01,1.7703346781640914,sha256:bd942a7bcbe33ba673b7fdec9b2ff2b747cb0d530af4522e5d003d78fb3f640b,2025-11-01,Weston-Pelham Park (91),-79.45875842314518,43.67071482937652,0,0.7756358405444496,-0.7756358405444496
"Poisson (area, tuned)",2024-12-01,1.7703346781640914,sha256:bd942a7bcbe33ba673b7fdec9b2ff2b747cb0d530af4522e5d003d78fb3f640b,2025-11-01,Wexford/Maryvale (119),-79.30050366891615,43.74264083383781,0,0.6436653903794702,-0.6436653903794702
"Poisson (area, tuned)",2024-12-01,1.7703346781640914,sha256:bd942a7bcbe33ba673b7fdec9b2ff2b747cb0d530af4522e5d003d78fb3f640b,2025-11-01,Willowdale East (51),-79.410074781475,43.76524478810602,1,1.3942553587076563,-0.39425535870765627
"Poisson (area, tuned)",2024-12-01,1.7703346781640914,sha256:bd942a7bcbe33ba673b7fdec9b2ff2b747cb0d530af4522e5d003d78fb3f640b,2025-11-01,Willowdale West (37),-79.41563035776022,43.77061463226557,0,0.7584563280563549,-0.7584563280563549
"Poisson (area, tuned)",2024-12-01,1.7703346781640914,sha256:bd942a7bcbe33ba673b7fdec9b2ff2b747cb0d530af4522e5d003d78fb3f640b,2025-11-01,Willowridge-Martingrove-Richview (7),-79.55960317676033,43.68486812894035,0,0.4411529735029905,-0.4411529735029905
"Poisson (area, tuned)",2024-12-01,1.7703346781640914,sha256:bd942a7bcbe33ba673b7fdec9b2ff2b747cb0d530af4522e5d003d78fb3f640b,2025-11-01,Woburn (137),-79.22656387770975,43.76289989874722,0,0.4460882784858752,-0.4460882784858752
"Poisson (area, tuned)",2024-12-01,1.7703346781640914,sha256:bd942a7bcbe33ba673b7fdec9b2ff2b747cb0d530af4522e5d003d78fb3f640b,2025-11-01,Woodbine Corridor (64),-79.31407054230695,43.67581440173363,1,1.1382266189303418,-0.13822661893034183
"Poisson (area, tuned)",2024-12-01,1.7703346781640914,sha256:bd942a7bcbe33ba673b7fdec9b2ff2b747cb0d530af4522e5d003d78fb3f640b,2025-11-01,Woodbine-Lumsden (60),-79.31039264658962,43.69145821847367,0,0.7579823758916374,-0.7579823758916374
"Poisson (area, tuned)",2024-12-01,1.7703346781640914,sha256:bd942a7bcbe33ba673b7fdec9b2ff2b747cb0d530af4522e5d003d78fb3f640b,2025-11-01,Wychwood (94),-79.42710542937913,43.6784532168336,1,1.2359797849053618,-0.23597978490536176
"Poisson (area, tuned)",2024-12-01,1.7703346781640914,sha256:bd942a7bcbe33ba673b7fdec9b2ff2b747cb0d530af4522e5d003d78fb3f640b,2025-11-01,Yonge-Eglinton (100),-79.40102373824469,43.70674080495774,3,1.226666406333702,1.773333593666298
"Poisson (area, tuned)",2024-12-01,1.7703346781640914,sha256:bd942a7bcbe33ba673b7fdec9b2ff2b747cb0d530af4522e5d003d78fb3f640b,2025-11-01,Yonge-St.Clair (97),-79.39834065134646,43.689263791751046,0,1.215368900271454,-1.215368900271454
"Poisson (area, tuned)",2024-12-01,1.7703346781640914,sha256:bd942a7bcbe33ba673b7fdec9b2ff2b747cb0d530af4522e5d003d78fb3f640b,2025-11-01,York University Heights (27),-79.49891755560928,43.76657476817609,0,0.9026255636330224,-0.9026255636330224
"Poisson (area, tuned)",2024-12-01,1.7703346781640914,sha256:bd942a7bcbe33ba673b7fdec9b2ff2b747cb0d530af4522e5d003d78fb3f640b,2025-11-01,Yorkdale-Glen Park (31),-79.45130621630454,43.714348256200424,0,0.9810618058730459,-0.9810618058730459
"Poisson (area, tuned)",2024-12-01,1.7703346781640914,sha256:bd942a7bcbe33ba673b7fdec9b2ff2b747cb0d530af4522e5d003d78fb3f640b,2025-12-01,Agincourt North (129),-79.26928393506104,43.810980375100264,0,0.24287361218374312,-0.24287361218374312
"Poisson (area, tuned)",2024-12-01,1.7703346781640914,sha256:bd942a7bcbe33ba673b7fdec9b2ff2b747cb0d530af4522e5d003d78fb3f640b,2025-12-01,Agincourt South-Malvern West (128),-79.28002861084076,43.7889253690791,0,0.29967220169742725,-0.29967220169742725
"Poisson (area, tuned)",2024-12-01,1.7703346781640914,sha256:bd942a7bcbe33ba673b7fdec9b2ff2b747cb0d530af4522e5d003d78fb3f640b,2025-12-01,Alderwood (20),-79.54538918515296,43.6065751977772,0,0.3911400673728409,-0.3911400673728409
"Poisson (area, tuned)",2024-12-01,1.7703346781640914,sha256:bd942a7bcbe33ba673b7fdec9b2ff2b747cb0d530af4522e5d003d78fb3f640b,2025-12-01,Annex (95),-79.40380913861458,43.670104609767606,1,4.342966805137491,-3.3429668051374906
"Poisson (area, tuned)",2024-12-01,1.7703346781640914,sha256:bd942a7bcbe33ba673b7fdec9b2ff2b747cb0d530af4522e5d003d78fb3f640b,2025-12-01,Banbury-Don Mills (42),-79.3409210158811,43.73511850435992,0,0.5906583463838255,-0.5906583463838255
"Poisson (area, tuned)",2024-12-01,1.7703346781640914,sha256:bd942a7bcbe33ba673b7fdec9b2ff2b747cb0d530af4522e5d003d78fb3f640b,2025-12-01,Bathurst Manor (34),-79.45175843487672,43.75609728872373,0,0.4631130953243333,-0.4631130953243333
"Poisson (area, tuned)",2024-12-01,1.7703346781640914,sha256:bd942a7bcbe33ba673b7fdec9b2ff2b747cb0d530af4522e5d003d78fb3f640b,2025-12-01,Bay Street Corridor (76),-79.38436854475557,43.65730879641258,4,10.603021813050333,-6.603021813050333
"Poisson (area, tuned)",2024-12-01,1.7703346781640914,sha256:bd942a7bcbe33ba673b7fdec9b2ff2b747cb0d530af4522e5d003d78fb3f640b,2025-12-01,Bayview Village (52),-79.38403601743099,43.769051789694494,1,0.6115687920156411,0.38843120798435893
"Poisson (area, tuned)",2024-12-01,1.7703346781640914,sha256:bd942a7bcbe33ba673b7fdec9b2ff2b747cb0d530af4522e5d003d78fb3f640b,2025-12-01,Bayview Woods-Steeles (49),-79.3743681512798,43.797822785562154,0,0.31785063791504786,-0.31785063791504786
"Poisson (area, tuned)",2024-12-01,1.7703346781640914,sha256:bd942a7bcbe33ba673b7fdec9b2ff2b747cb0d530af4522e5d003d78fb3f640b,2025-12-01,Bedford Park-Nortown (39),-79.42125788351791,43.72757981721193,0,0.6954606192389879,-0.6954606192389879
"Poisson (area, tuned)",2024-12-01,1.7703346781640914,sha256:bd942a7bcbe33ba673b7fdec9b2ff2b747cb0d530af4522e5d003d78fb3f640b,2025-12-01,Beechborough-Greenbrook (112),-79.4744663865561,43.691508083029944,0,0.47515218850438046,-0.47515218850438046
"Poisson (area, tuned)",2024-12-01,1.7703346781640914,sha256:bd942a7bcbe33ba673b7fdec9b2ff2b747cb0d530af4522e5d003d78fb3f640b,2025-12-01,Bendale (127),-79.26046315357324,43.76293076745831,0,0.36822764620987647,-0.36822764620987647
"Poisson (area, tuned)",2024-12-01,1.7703346781640914,sha256:bd942a7bcbe33ba673b7fdec9b2ff2b747cb0d530af4522e5d003d78fb3f640b,2025-12-01,Birchcliffe-Cliffside (122),-79.27062357025366,43.69131003372983,0,0.5915232460555485,-0.5915232460555485
"Poisson (area, tuned)",2024-12-01,1.7703346781640914,sha256:bd942a7bcbe33ba673b7fdec9b2ff2b747cb0d530af4522e5d003d78fb3f640b,2025-12-01,Black Creek (24),-79.51869671361172,43.76523138519309,1,0.3841984700862476,0.6158015299137525
"Poisson (area, tuned)",2024-12-01,1.7703346781640914,sha256:bd942a7bcbe33ba673b7fdec9b2ff2b747cb0d530af4522e5d003d78fb3f640b,2025-12-01,Blake-Jones (69),-79.3394451105104,43.67664416992363,0,0.9416496557154217,-0.9416496557154217
"Poisson (area, tuned)",2024-12-01,1.7703346781640914,sha256:bd942a7bcbe33ba673b7fdec9b2ff2b747cb0d530af4522e5d003d78fb3f640b,2025-12-01,Briar Hill-Belgravia (108),-79.445578280552,43.699313061287725,0,0.6864329369031186,-0.6864329369031186
"Poisson (area, tuned)",2024-12-01,1.7703346781640914,sha256:bd942a7bcbe33ba673b7fdec9b2ff2b747cb0d530af4522e5d003d78fb3f640b,2025-12-01,Bridle Path-Sunnybrook-York Mills (41),-79.38366396163413,43.72516179918022,0,0.6471904011740223,-0.6471904011740223
"Poisson (area, tuned)",2024-12-01,1.7703346781640914,sha256:bd942a7bcbe33ba673b7fdec9b2ff2b747cb0d530af4522e5d003d78fb3f640b,2025-12-01,Broadview North (57),-79.35364911130229,43.683932870884654,0,0.9506845438934307,-0.9506845438934307
"Poisson (area, tuned)",2024-12-01,1.7703346781640914,sha256:bd942a7bcbe33ba673b7fdec9b2ff2b747cb0d530af4522e5d003d78fb3f640b,2025-12-01,Brookhaven-Amesbury (30),-79.49015206607174,43.69942696476651,0,0.47115299263109894,-0.47115299263109894
"Poisson (area, tuned)",2024-12-01,1.7703346781640914,sha256:bd942a7bcbe33ba673b7fdec9b2ff2b747cb0d530af4522e5d003d78fb3f640b,2025-12-01,Cabbagetown-South St.James Town (71),-79.36975340775743,43.66521290431659,0,2.0843050436459354,-2.0843050436459354
"Poisson (area, tuned)",2024-12-01,1.7703346781640914,sha256:bd942a7bcbe33ba673b7fdec9b2ff2b747cb0d530af4522e5d003d78fb3f640b,2025-12-01,Caledonia-Fairbank (109),-79.4517849962554,43.690036179158305,0,0.5889680918191118,-0.5889680918191118
"Poisson (area, tuned)",2024-12-01,1.7703346781640914,sha256:bd942a7bcbe33ba673b7fdec9b2ff2b747cb0d530af4522e5d003d78fb3f640b,2025-12-01,Casa Loma (96),-79.40864864037756,43.67955392863041,0,0.9853381311294009,-0.9853381311294009
"Poisson (area, tuned)",2024-12-01,1.7703346781640914,sha256:bd942a7bcbe33ba673b7fdec9b2ff2b747cb0d530af4522e5d003d78fb3f640b,2025-12-01,Centennial Scarborough (133),-79.15053423026679,43.780757885389185,0,0.2947269273826353,-0.2947269273826353
"Poisson (area, tuned)",2024-12-01,1.7703346781640914,sha256:bd942a7bcbe33ba673b7fdec9b2ff2b747cb0d530af4522e5d003d78fb3f640b,2025-12-01,Church-Yonge Corridor (75),-79.37956284727365,43.66018909929288,2,9.58603303839427,-7.58603303839427
"Poisson (area, tuned)",2024-12-01,1.7703346781640914,sha256:bd942a7bcbe33ba673b7fdec9b2ff2b747cb0d530af4522e5d003d78fb3f640b,2025-12-01,Clairlea-Birchmount (120),-79.28672506823307,43.709414591668256,0,0.5913130248716,-0.5913130248716
"Poisson (area, tuned)",2024-12-01,1.7703346781640914,sha256:bd942a7bcbe33ba673b7fdec9b2ff2b747cb0d530af4522e5d003d78fb3f640b,2025-12-01,Clanton Park (33),-79.44643447690169,43.74149776462126,0,0.5543187307973058,-0.5543187307973058
"Poisson (area, tuned)",2024-12-01,1.7703346781640914,sha256:bd942a7bcbe33ba673b7fdec9b2ff2b747cb0d530af4522e5d003d78fb3f640b,2025-12-01,Cliffcrest (123),-79.23329029919245,43.72191819765982,0,0.3422311121284334,-0.3422311121284334
"Poisson (area, tuned)",2024-12-01,1.7703346781640914,sha256:bd942a7bcbe33ba673b7fdec9b2ff2b747cb0d530af4522e5d003d78fb3f640b,2025-12-01,Corso Italia-Davenport (92),-79.4427553703874,43.67658111935704,1,0.7845943547078571,0.2154056452921429
"Poisson (area, tuned)",2024-12-01,1.7703346781640914,sha256:bd942a7bcbe33ba673b7fdec9b2ff2b747cb0d530af4522e5d003d78fb3f640b,2025-12-01,Danforth (66),-79.33065782618279,43.682847803276616,0,1.1720651318487587,-1.1720651318487587
"Poisson (area, tuned)",2024-12-01,1.7703346781640914,sha256:bd942a7bcbe33ba673b7fdec9b2ff2b747cb0d530af4522e5d003d78fb3f640b,2025-12-01,Danforth East York (59),-79.3313092800722,43.69082681262244,3,0.8279271305523977,2.1720728694476024
"Poisson (area, tuned)",2024-12-01,1.7703346781640914,sha256:bd942a7bcbe33ba673b7fdec9b2ff2b747cb0d530af4522e5d003d78fb3f640b,2025-12-01,Don Valley Village (47),-79.35240298959988,43.77988611135725,0,0.40676840488469856,-0.40676840488469856
"Poisson (area, tuned)",2024-12-01,1.7703346781640914,sha256:bd942a7bcbe33ba673b7fdec9b2ff2b747cb0d530af4522e5d003d78fb3f640b,2025-12-01,Dorset Park (126),-79.28077525994308,43.75528945083431,0,0.37938130717294893,-0.37938130717294893
"Poisson (area, tuned)",2024-12-01,1.7703346781640914,sha256:bd942a7bcbe33ba673b7fdec9b2ff2b747cb0d530af4522e5d003d78fb3f640b,2025-12-01,Dovercourt-Wallace Emerson-Junction (93),-79.43778332382438,43.66463002065643,1,2.875024952483798,-1.8750249524837979
"Poisson (area, tuned)",2024-12-01,1.7703346781640914,sha256:bd942a7bcbe33ba673b7fdec9b2ff2b747cb0d530af4522e5d003d78fb3f640b,2025-12-01,Downsview-Roding-CFB (26),-79.4835940990325,43.727986861303435,0,0.6226040035565883,-0.6226040035565883
"Poisson (area, tuned)",2024-12-01,1.7703346781640914,sha256:bd942a7bcbe33ba673b7fdec9b2ff2b747cb0d530af4522e5d003d78fb3f640b,2025-12-01,Dufferin Grove (83),-79.4370618209781,43.65521640563446,1,1.4805363857278548,-0.48053638572785484
"Poisson (area, tuned)",2024-12-01,1.7703346781640914,sha256:bd942a7bcbe33ba673b7fdec9b2ff2b747cb0d530af4522e5d003d78fb3f640b,2025-12-01,East End-Danforth (62),-79.30055625233094,43.68572312555001,0,1.378605689610764,-1.378605689610764
"Poisson (area, tuned)",2024-12-01,1.7703346781640914,sha256:bd942a7bcbe33ba673b7fdec9b2ff2b747cb0d530af4522e5d003d78fb3f640b,2025-12-01,Edenbridge-Humber Valley (9),-79.52023309003076,43.66557816852869,0,0.4274904402722952,-0.4274904402722952
"Poisson (area, tuned)",2024-12-01,1.7703346781640914,sha256:bd942a7bcbe33ba673b7fdec9b2ff2b747cb0d530af4522e5d003d78fb3f640b,2025-12-01,Eglinton East (138),-79.24473615792672,43.73991827916189,0,0.35224121133200315,-0.35224121133200315
"Poisson (area, tuned)",2024-12-01,1.7703346781640914,sha256:bd942a7bcbe33ba673b7fdec9b2ff2b747cb0d530af4522e5d003d78fb3f640b,2025-12-01,Elms-Old Rexdale (5),-79.55208772185198,43.71927285915033,0,0.3433004726797735,-0.3433004726797735
"Poisson (area, tuned)",2024-12-01,1.7703346781640914,sha256:bd942a7bcbe33ba673b7fdec9b2ff2b747cb0d530af4522e5d003d78fb3f640b,2025-12-01,Englemount-Lawrence (32),-79.43712596977969,43.7204676607881,0,0.7458487127749579,-0.7458487127749579
"Poisson (area, tuned)",2024-12-01,1.7703346781640914,sha256:bd942a7bcbe33ba673b7fdec9b2ff2b747cb0d530af4522e5d003d78fb3f640b,2025-12-01,Eringate-Centennial-West Deane (11),-79.57787073233334,43.65860025717794,0,0.342948355708785,-0.342948355708785
"Poisson (area, tuned)",2024-12-01,1.7703346781640914,sha256:bd942a7bcbe33ba673b7fdec9b2ff2b747cb0d530af4522e5d003d78fb3f640b,2025-12-01,Etobicoke West Mall (13),-79.5678030787646,43.64190931147644,0,0.35931366338398735,-0.35931366338398735
"Poisson (area, tuned)",2024-12-01,1.7703346781640914,sha256:bd942a7bcbe33ba673b7fdec9b2ff2b747cb0d530af4522e5d003d78fb3f640b,2025-12-01,Flemingdon Park (44),-79.33198682919883,43.71530756444098,0,0.6284186069512615,-0.6284186069512615
"Poisson (area, tuned)",2024-12-01,1.7703346781640914,sha256:bd942a7bcbe33ba673b7fdec9b2ff2b747cb0d530af4522e5d003d78fb3f640b,2025-12-01,Forest Hill North (102),-79.43346069412912,43.70194436532484,0,0.8190627035645799,-0.8190627035645799
"Poisson (area, tuned)",2024-12-01,1.7703346781640914,sha256:bd942a7bcbe33ba673b7fdec9b2ff2b747cb0d530af4522e5d003d78fb3f640b,2025-12-01,Forest Hill South (101),-79.41299883590433,43.6890600119443,0,0.8919304268934553,-0.8919304268934553
"Poisson (area, tuned)",2024-12-01,1.7703346781640914,sha256:bd942a7bcbe33ba673b7fdec9b2ff2b747cb0d530af4522e5d003d78fb3f640b,2025-12-01,Glenfield-Jane Heights (25),-79.50908241975385,43.74806287596809,0,0.4640518991248641,-0.4640518991248641
"Poisson (area, tuned)",2024-12-01,1.7703346781640914,sha256:bd942a7bcbe33ba673b7fdec9b2ff2b747cb0d530af4522e5d003d78fb3f640b,2025-12-01,Greenwood-Coxwell (65),-79.32392461588157,43.67182578504262,0,1.3437273533995404,-1.3437273533995404
"Poisson (area, tuned)",2024-12-01,1.7703346781640914,sha256:bd942a7bcbe33ba673b7fdec9b2ff2b747cb0d530af4522e5d003d78fb3f640b,2025-12-01,Guildwood (140),-79.1987335919193,43.747914590059,0,0.2856800725910928,-0.2856800725910928
"Poisson (area, tuned)",2024-12-01,1.7703346781640914,sha256:bd942a7bcbe33ba673b7fdec9b2ff2b747cb0d530af4522e5d003d78fb3f640b,2025-12-01,Henry Farm (53),-79.34642185767248,43.76957681680956,0,0.42250810853013693,-0.42250810853013693
"Poisson (area, tuned)",2024-12-01,1.7703346781640914,sha256:bd942a7bcbe33ba673b7fdec9b2ff2b747cb0d530af4522e5d003d78fb3f640b,2025-12-01,High Park North (88),-79.4652298180643,43.65722103912335,0,1.4294976240076278,-1.4294976240076278
"Poisson (area, tuned)",2024-12-01,1.7703346781640914,sha256:bd942a7bcbe33ba673b7fdec9b2ff2b747cb0d530af4522e5d003d78fb3f640b,2025-12-01,High Park-Swansea (87),-79.4648159122912,43.64453199862067,0,1.0476046250702826,-1.0476046250702826
"Poisson (area, tuned)",2024-12-01,1.7703346781640914,sha256:bd942a7bcbe33ba673b7fdec9b2ff2b747cb0d530af4522e5d003d78fb3f640b,2025-12-01,Highland Creek (134),-79.18452149622338,43.786273991320705,0,0.3011907435280299,-0.3011907435280299
"Poisson (area, tuned)",2024-12-01,1.7703346781640914,sha256:bd942a7bcbe33ba673b7fdec9b2ff2b747cb0d530af4522e5d003d78fb3f640b,2025-12-01,Hillcrest Village (48),-79.35806283641195,43.79960270136573,0,0.33024691497087894,-0.33024691497087894
"Poisson (area, tuned)",2024-12-01,1.7703346781640914,sha256:bd942a7bcbe33ba673b7fdec9b2ff2b747cb0d530af4522e5d003d78fb3f640b,2025-12-01,Humber Heights-Westmount (8),-79.51864457298561,43.69564007439048,0,0.38174051918286445,-0.38174051918286445
"Poisson (area, tuned)",2024-12-01,1.7703346781640914,sha256:bd942a7bcbe33ba673b7fdec9b2ff2b747cb0d530af4522e5d003d78fb3f640b,2025-12-01,Humber Summit (21),-79.56057763521508,43.75362439798188,0,0.34216189777157646,-0.34216189777157646
"Poisson (area, tuned)",2024-12-01,1.7703346781640914,sha256:bd942a7bcbe33ba673b7fdec9b2ff2b747cb0d530af4522e5d003d78fb3f640b,2025-12-01,Humbermede (22),-79.54521679307662,43.74787608113298,0,0.33529957524808013,-0.33529957524808013
"Poisson (area, tuned)",2024-12-01,1.7703346781640914,sha256:bd942a7bcbe33ba673b7fdec9b2ff2b747cb0d530af4522e5d003d78fb3f640b,2025-12-01,Humewood-Cedarvale (106),-79.42603840921164,43.68908389632168,0,1.0586909439997014,-1.0586909439997014
"Poisson (area, tuned)",2024-12-01,1.7703346781640914,sha256:bd942a7bcbe33ba673b7fdec9b2ff2b747cb0d530af4522e5d003d78fb3f640b,2025-12-01,Ionview (125),-79.2682783103958,43.73299077700163,0,0.35182435943402873,-0.35182435943402873
"Poisson (area, tuned)",2024-12-01,1.7703346781640914,sha256:bd942a7bcbe33ba673b7fdec9b2ff2b747cb0d530af4522e5d003d78fb3f640b,2025-12-01,Islington-City Centre West (14),-79.53678079261083,43.641361915813675,0,0.7003265766240571,-0.7003265766240571
"Poisson (area, tuned)",2024-12-01,1.7703346781640914,sha256:bd942a7bcbe33ba673b7fdec9b2ff2b747cb0d530af4522e5d003d78fb3f640b,2025-12-01,Junction Area (90),-79.46892477498491,43.6655394100211,1,0.8795952800096962,0.12040471999030378
"Poisson (area, tuned)",2024-12-01,1.7703346781640914,sha256:bd942a7bcbe33ba673b7fdec9b2ff2b747cb0d530af4522e5d003d78fb3f640b,2025-12-01,Keelesdale-Eglinton West (110),-79.47055790633043,43.68391780141048,0,0.5283930458613488,-0.5283930458613488
"Poisson (area, tuned)",2024-12-01,1.7703346781640914,sha256:bd942a7bcbe33ba673b7fdec9b2ff2b747cb0d530af4522e5d003d78fb3f640b,2025-12-01,Kennedy Park (124),-79.25874986465229,43.728410786674374,0,0.39870663365422826,-0.39870663365422826
"Poisson (area, tuned)",2024-12-01,1.7703346781640914,sha256:bd942a7bcbe33ba673b7fdec9b2ff2b747cb0d530af4522e5d003d78fb3f640b,2025-12-01,Kensington-Chinatown (78),-79.3967980354919,43.65388049459246,4,4.261013013172343,-0.2610130131723434
"Poisson (area, tuned)",2024-12-01,1.7703346781640914,sha256:bd942a7bcbe33ba673b7fdec9b2ff2b747cb0d530af4522e5d003d78fb3f640b,2025-12-01,Kingsview Village-The Westway (6),-79.54911503533694,43.69584358136977,0,0.36578998889633557,-0.36578998889633557
"Poisson (area, tuned)",2024-12-01,1.7703346781640914,sha256:bd942a7bcbe33ba673b7fdec9b2ff2b747cb0d530af4522e5d003d78fb3f640b,2025-12-01,Kingsway South (15),-79.51086459422443,43.65032283055947,0,0.5267817248903046,-0.5267817248903046
"Poisson (area, tuned)",2024-12-01,1.7703346781640914,sha256:bd942a7bcbe33ba673b7fdec9b2ff2b747cb0d530af4522e5d003d78fb3f640b,2025-12-01,L'Amoreaux (117),-79.3201008921114,43.79636378659849,0,0.34762298895071536,-0.34762298895071536
"Poisson (area, tuned)",2024-12-01,1.7703346781640914,sha256:bd942a7bcbe33ba673b7fdec9b2ff2b747cb0d530af4522e5d003d78fb3f640b,2025-12-01,Lambton Baby Point (114),-79.49452130561747,43.65593529844182,0,0.5111517184703831,-0.5111517184703831
"Poisson (area, tuned)",2024-12-01,1.7703346781640914,sha256:bd942a7bcbe33ba673b7fdec9b2ff2b747cb0d530af4522e5d003d78fb3f640b,2025-12-01,Lansing-Westgate (38),-79.41222964417364,43.761840287387486,0,0.5148261980549819,-0.5148261980549819
"Poisson (area, tuned)",2024-12-01,1.7703346781640914,sha256:bd942a7bcbe33ba673b7fdec9b2ff2b747cb0d530af4522e5d003d78fb3f640b,2025-12-01,Lawrence Park North (105),-79.40643053379212,43.72768097403552,0,0.7762331146035895,-0.7762331146035895
"Poisson (area, tuned)",2024-12-01,1.7703346781640914,sha256:bd942a7bcbe33ba673b7fdec9b2ff2b747cb0d530af4522e5d003d78fb3f640b,2025-12-01,Lawrence Park South (103),-79.41020212544387,43.72248127246825,0,0.7790986537850505,-0.7790986537850505
"Poisson (area, tuned)",2024-12-01,1.7703346781640914,sha256:bd942a7bcbe33ba673b7fdec9b2ff2b747cb0d530af4522e5d003d78fb3f640b,2025-12-01,Leaside-Bennington (56),-79.36756549485442,43.70630335329757,0,1.1138949239053952,-1.1138949239053952
"Poisson (area, tuned)",2024-12-01,1.7703346781640914,sha256:bd942a7bcbe33ba673b7fdec9b2ff2b747cb0d530af4522e5d003d78fb3f640b,2025-12-01,Little Portugal (84),-79.42637552454019,43.64409148964972,1,1.7098502247371836,-0.7098502247371836
"Poisson (area, tuned)",2024-12-01,1.7703346781640914,sha256:bd942a7bcbe33ba673b7fdec9b2ff2b747cb0d530af4522e5d003d78fb3f640b,2025-12-01,Long Branch (19),-79.53237502113143,43.591006620404656,0,0.5584511841517753,-0.5584511841517753
"Poisson (area, tuned)",2024-12-01,1.7703346781640914,sha256:bd942a7bcbe33ba673b7fdec9b2ff2b747cb0d530af4522e5d003d78fb3f640b,2025-12-01,Malvern (132),-79.22095167470565,43.80455499438271,0,0.29865779755192184,-0.29865779755192184
"Poisson (area, tuned)",2024-12-01,1.7703346781640914,sha256:bd942a7bcbe33ba673b7fdec9b2ff2b747cb0d530af4522e5d003d78fb3f640b,2025-12-01,Maple Leaf (29),-79.4843756407544,43.718225646439535,0,0.4081519615685433,-0.4081519615685433
"Poisson (area, tuned)",2024-12-01,1.7703346781640914,sha256:bd942a7bcbe33ba673b7fdec9b2ff2b747cb0d530af4522e5d003d78fb3f640b,2025-12-01,Markland Wood (12),-79.57650734129277,43.633689780366026,0,0.3882427447147487,-0.3882427447147487
"Poisson (area, tuned)",2024-12-01,1.7703346781640914,sha256:bd942a7bcbe33ba673b7fdec9b2ff2b747cb0d530af4522e5d003d78fb3f640b,2025-12-01,Milliken (130),-79.28878321264463,43.82084812422136,0,0.2443193222122189,-0.2443193222122189
"Poisson (area, tuned)",2024-12-01,1.7703346781640914,sha256:bd942a7bcbe33ba673b7fdec9b2ff2b747cb0d530af4522e5d003d78fb3f640b,2025-12-01,Mimico (includes Humber Bay Shores) (17),-79.48568571369577,43.62094188018773,3,1.4597953897241653,1.5402046102758347
"Poisson (area, tuned)",2024-12-01,1.7703346781640914,sha256:bd942a7bcbe33ba673b7fdec9b2ff2b747cb0d530af4522e5d003d78fb3f640b,2025-12-01,Morningside (135),-79.20335964084892,43.78544794442794,0,0.25533997521993196,-0.25533997521993196
"Poisson (area, tuned)",2024-12-01,1.7703346781640914,sha256:bd942a7bcbe33ba673b7fdec9b2ff2b747cb0d530af4522e5d003d78fb3f640b,2025-12-01,Moss Park (73),-79.36913295325593,43.65425609335975,1,3.8661346111223795,-2.8661346111223795
"Poisson (area, tuned)",2024-12-01,1.7703346781640914,sha256:bd942a7bcbe33ba673b7fdec9b2ff2b747cb0d530af4522e5d003d78fb3f640b,2025-12-01,Mount Dennis (115),-79.48946593742998,43.68565859464735,0,0.4680533762064408,-0.4680533762064408
"Poisson (area, tuned)",2024-12-01,1.7703346781640914,sha256:bd942a7bcbe33ba673b7fdec9b2ff2b747cb0d530af4522e5d003d78fb3f640b,2025-12-01,Mount Olive-Silverstone-Jamestown (2),-79.58577617904946,43.74325917379369,1,0.3882172933236689,0.6117827066763311
"Poisson (area, tuned)",2024-12-01,1.7703346781640914,sha256:bd942a7bcbe33ba673b7fdec9b2ff2b747cb0d530af4522e5d003d78fb3f640b,2025-12-01,Mount Pleasant East (99),-79.38525136980005,43.70699758566823,1,1.0237489250377958,-0.0237489250377958
"Poisson (area, tuned)",2024-12-01,1.7703346781640914,sha256:bd942a7bcbe33ba673b7fdec9b2ff2b747cb0d530af4522e5d003d78fb3f640b,2025-12-01,Mount Pleasant West (104),-79.39441924813381,43.705281018271585,0,1.9021000795355698,-1.9021000795355698
"Poisson (area, tuned)",2024-12-01,1.7703346781640914,sha256:bd942a7bcbe33ba673b7fdec9b2ff2b747cb0d530af4522e5d003d78fb3f640b,2025-12-01,NSA,NA,NA,0,0.425376468811256,-0.425376468811256
"Poisson (area, tuned)",2024-12-01,1.7703346781640914,sha256:bd942a7bcbe33ba673b7fdec9b2ff2b747cb0d530af4522e5d003d78fb3f640b,2025-12-01,New Toronto (18),-79.50819536860408,43.60067938873378,0,0.5692179178578292,-0.5692179178578292
"Poisson (area, tuned)",2024-12-01,1.7703346781640914,sha256:bd942a7bcbe33ba673b7fdec9b2ff2b747cb0d530af4522e5d003d78fb3f640b,2025-12-01,Newtonbrook East (50),-79.4155662486542,43.782773804672864,0,0.44342549804269477,-0.44342549804269477
"Poisson (area, tuned)",2024-12-01,1.7703346781640914,sha256:bd942a7bcbe33ba673b7fdec9b2ff2b747cb0d530af4522e5d003d78fb3f640b,2025-12-01,Newtonbrook West (36),-79.42082573006313,43.78444945871987,0,0.6268069243085965,-0.6268069243085965
"Poisson (area, tuned)",2024-12-01,1.7703346781640914,sha256:bd942a7bcbe33ba673b7fdec9b2ff2b747cb0d530af4522e5d003d78fb3f640b,2025-12-01,Niagara (82),-79.40825413058062,43.639170480800686,1,4.386226833999843,-3.386226833999843
"Poisson (area, tuned)",2024-12-01,1.7703346781640914,sha256:bd942a7bcbe33ba673b7fdec9b2ff2b747cb0d530af4522e5d003d78fb3f640b,2025-12-01,North Riverdale (68),-79.34942497640164,43.67320424441098,0,1.3034743407994367,-1.3034743407994367
"Poisson (area, tuned)",2024-12-01,1.7703346781640914,sha256:bd942a7bcbe33ba673b7fdec9b2ff2b747cb0d530af4522e5d003d78fb3f640b,2025-12-01,North St.James Town (74),-79.37622315570079,43.66924040879271,3,1.8779153064724676,1.1220846935275324
"Poisson (area, tuned)",2024-12-01,1.7703346781640914,sha256:bd942a7bcbe33ba673b7fdec9b2ff2b747cb0d530af4522e5d003d78fb3f640b,2025-12-01,O'Connor-Parkview (54),-79.30295705711893,43.707394189060395,0,0.5907913529717264,-0.5907913529717264
"Poisson (area, tuned)",2024-12-01,1.7703346781640914,sha256:bd942a7bcbe33ba673b7fdec9b2ff2b747cb0d530af4522e5d003d78fb3f640b,2025-12-01,Oakridge (121),-79.28580476562132,43.69338422103418,0,0.5895250511542743,-0.5895250511542743
"Poisson (area, tuned)",2024-12-01,1.7703346781640914,sha256:bd942a7bcbe33ba673b7fdec9b2ff2b747cb0d530af4522e5d003d78fb3f640b,2025-12-01,Oakwood Village (107),-79.43992214652974,43.693163772618576,0,0.799117565504,-0.799117565504
"Poisson (area, tuned)",2024-12-01,1.7703346781640914,sha256:bd942a7bcbe33ba673b7fdec9b2ff2b747cb0d530af4522e5d003d78fb3f640b,2025-12-01,Old East York (58),-79.33971322725657,43.69468655917457,0,0.7056785723548724,-0.7056785723548724
"Poisson (area, tuned)",2024-12-01,1.7703346781640914,sha256:bd942a7bcbe33ba673b7fdec9b2ff2b747cb0d530af4522e5d003d78fb3f640b,2025-12-01,Palmerston-Little Italy (80),-79.41607073008583,43.65977590713319,1,1.8420769075525325,-0.8420769075525325
"Poisson (area, tuned)",2024-12-01,1.7703346781640914,sha256:bd942a7bcbe33ba673b7fdec9b2ff2b747cb0d530af4522e5d003d78fb3f640b,2025-12-01,Parkwoods-Donalda (45),-79.32857716506125,43.75401452181123,0,0.46677944298057933,-0.46677944298057933
"Poisson (area, tuned)",2024-12-01,1.7703346781640914,sha256:bd942a7bcbe33ba673b7fdec9b2ff2b747cb0d530af4522e5d003d78fb3f640b,2025-12-01,Pelmo Park-Humberlea (23),-79.53452633259599,43.71053804014776,0,0.3562451339152991,-0.3562451339152991
"Poisson (area, tuned)",2024-12-01,1.7703346781640914,sha256:bd942a7bcbe33ba673b7fdec9b2ff2b747cb0d530af4522e5d003d78fb3f640b,2025-12-01,Playter Estates-Danforth (67),-79.35537498775473,43.678037843577414,0,1.080682029898697,-1.080682029898697
"Poisson (area, tuned)",2024-12-01,1.7703346781640914,sha256:bd942a7bcbe33ba673b7fdec9b2ff2b747cb0d530af4522e5d003d78fb3f640b,2025-12-01,Pleasant View (46),-79.33169496448295,43.78880674789264,0,0.3238297012441242,-0.3238297012441242
"Poisson (area, tuned)",2024-12-01,1.7703346781640914,sha256:bd942a7bcbe33ba673b7fdec9b2ff2b747cb0d530af4522e5d003d78fb3f640b,2025-12-01,Princess-Rosethorn (10),-79.54278218831497,43.6664342839495,0,0.37462801915436267,-0.37462801915436267
"Poisson (area, tuned)",2024-12-01,1.7703346781640914,sha256:bd942a7bcbe33ba673b7fdec9b2ff2b747cb0d530af4522e5d003d78fb3f640b,2025-12-01,Regent Park (72),-79.36178286088128,43.65943439853815,1,1.4397343399675984,-0.43973433996759836
"Poisson (area, tuned)",2024-12-01,1.7703346781640914,sha256:bd942a7bcbe33ba673b7fdec9b2ff2b747cb0d530af4522e5d003d78fb3f640b,2025-12-01,Rexdale-Kipling (4),-79.56943957685264,43.726549256380395,0,0.3195800301645328,-0.3195800301645328
"Poisson (area, tuned)",2024-12-01,1.7703346781640914,sha256:bd942a7bcbe33ba673b7fdec9b2ff2b747cb0d530af4522e5d003d78fb3f640b,2025-12-01,Rockcliffe-Smythe (111),-79.49193279998173,43.67234248080122,0,0.5539876098426312,-0.5539876098426312
"Poisson (area, tuned)",2024-12-01,1.7703346781640914,sha256:bd942a7bcbe33ba673b7fdec9b2ff2b747cb0d530af4522e5d003d78fb3f640b,2025-12-01,Roncesvalles (86),-79.44277811907274,43.64370439603947,0,1.4571345806932188,-1.4571345806932188
"Poisson (area, tuned)",2024-12-01,1.7703346781640914,sha256:bd942a7bcbe33ba673b7fdec9b2ff2b747cb0d530af4522e5d003d78fb3f640b,2025-12-01,Rosedale-Moore Park (98),-79.38462305095243,43.67502671420579,0,2.3481429930494944,-2.3481429930494944
"Poisson (area, tuned)",2024-12-01,1.7703346781640914,sha256:bd942a7bcbe33ba673b7fdec9b2ff2b747cb0d530af4522e5d003d78fb3f640b,2025-12-01,Rouge (131),-79.13309434834144,43.78938806538385,0,0.3807023127095005,-0.3807023127095005
"Poisson (area, tuned)",2024-12-01,1.7703346781640914,sha256:bd942a7bcbe33ba673b7fdec9b2ff2b747cb0d530af4522e5d003d78fb3f640b,2025-12-01,Runnymede-Bloor West Village (89),-79.48480851655415,43.65975616827931,0,0.6515141237846176,-0.6515141237846176
"Poisson (area, tuned)",2024-12-01,1.7703346781640914,sha256:bd942a7bcbe33ba673b7fdec9b2ff2b747cb0d530af4522e5d003d78fb3f640b,2025-12-01,Rustic (28),-79.50024894268427,43.70839284643953,0,0.3945062097293472,-0.3945062097293472
"Poisson (area, tuned)",2024-12-01,1.7703346781640914,sha256:bd942a7bcbe33ba673b7fdec9b2ff2b747cb0d530af4522e5d003d78fb3f640b,2025-12-01,Scarborough Village (139),-79.22121647737255,43.74178808353859,0,0.31494115179152693,-0.31494115179152693
"Poisson (area, tuned)",2024-12-01,1.7703346781640914,sha256:bd942a7bcbe33ba673b7fdec9b2ff2b747cb0d530af4522e5d003d78fb3f640b,2025-12-01,South Parkdale (85),-79.43087572304012,43.63836538756867,2,1.4681860195427474,0.5318139804572526
"Poisson (area, tuned)",2024-12-01,1.7703346781640914,sha256:bd942a7bcbe33ba673b7fdec9b2ff2b747cb0d530af4522e5d003d78fb3f640b,2025-12-01,South Riverdale (70),-79.34033408773206,43.66227352160024,2,3.2654198387410065,-1.2654198387410065
"Poisson (area, tuned)",2024-12-01,1.7703346781640914,sha256:bd942a7bcbe33ba673b7fdec9b2ff2b747cb0d530af4522e5d003d78fb3f640b,2025-12-01,St.Andrew-Windfields (40),-79.39807496057622,43.75295000125709,0,0.5588340866928313,-0.5588340866928313
"Poisson (area, tuned)",2024-12-01,1.7703346781640914,sha256:bd942a7bcbe33ba673b7fdec9b2ff2b747cb0d530af4522e5d003d78fb3f640b,2025-12-01,Steeles (116),-79.32254019689177,43.815065444286134,0,0.25815016715807293,-0.25815016715807293
"Poisson (area, tuned)",2024-12-01,1.7703346781640914,sha256:bd942a7bcbe33ba673b7fdec9b2ff2b747cb0d530af4522e5d003d78fb3f640b,2025-12-01,Stonegate-Queensway (16),-79.50687874894817,43.63678476785418,0,0.5502025159701511,-0.5502025159701511
"Poisson (area, tuned)",2024-12-01,1.7703346781640914,sha256:bd942a7bcbe33ba673b7fdec9b2ff2b747cb0d530af4522e5d003d78fb3f640b,2025-12-01,Tam O'Shanter-Sullivan (118),-79.29346258821549,43.78211963627784,0,0.33570510803504916,-0.33570510803504916
"Poisson (area, tuned)",2024-12-01,1.7703346781640914,sha256:bd942a7bcbe33ba673b7fdec9b2ff2b747cb0d530af4522e5d003d78fb3f640b,2025-12-01,Taylor-Massey (61),-79.29495186057909,43.692458919227406,0,0.6829113656262064,-0.6829113656262064
"Poisson (area, tuned)",2024-12-01,1.7703346781640914,sha256:bd942a7bcbe33ba673b7fdec9b2ff2b747cb0d530af4522e5d003d78fb3f640b,2025-12-01,The Beaches (63),-79.30297553719052,43.66875560841342,0,1.3168131234142457,-1.3168131234142457
"Poisson (area, tuned)",2024-12-01,1.7703346781640914,sha256:bd942a7bcbe33ba673b7fdec9b2ff2b747cb0d530af4522e5d003d78fb3f640b,2025-12-01,Thistletown-Beaumond Heights (3),-79.5659329290065,43.73754827301803,0,0.32125128761296906,-0.32125128761296906
"Poisson (area, tuned)",2024-12-01,1.7703346781640914,sha256:bd942a7bcbe33ba673b7fdec9b2ff2b747cb0d530af4522e5d003d78fb3f640b,2025-12-01,Thorncliffe Park (55),-79.35448121100222,43.71036836631147,1,0.8017732281249491,0.1982267718750509
"Poisson (area, tuned)",2024-12-01,1.7703346781640914,sha256:bd942a7bcbe33ba673b7fdec9b2ff2b747cb0d530af4522e5d003d78fb3f640b,2025-12-01,Trinity-Bellwoods (81),-79.41373927922925,43.65087049509186,0,1.9994915657127739,-1.9994915657127739
"Poisson (area, tuned)",2024-12-01,1.7703346781640914,sha256:bd942a7bcbe33ba673b7fdec9b2ff2b747cb0d530af4522e5d003d78fb3f640b,2025-12-01,University (79),-79.39982104056267,43.66254295263539,0,3.5359150394357153,-3.5359150394357153
"Poisson (area, tuned)",2024-12-01,1.7703346781640914,sha256:bd942a7bcbe33ba673b7fdec9b2ff2b747cb0d530af4522e5d003d78fb3f640b,2025-12-01,Victoria Village (43),-79.3128138518101,43.72684844443762,0,0.46694409924915503,-0.46694409924915503
"Poisson (area, tuned)",2024-12-01,1.7703346781640914,sha256:bd942a7bcbe33ba673b7fdec9b2ff2b747cb0d530af4522e5d003d78fb3f640b,2025-12-01,Waterfront Communities-The Island (77),-79.38919773860151,43.64473008383375,10,13.133347704906011,-3.1333477049060114
"Poisson (area, tuned)",2024-12-01,1.7703346781640914,sha256:bd942a7bcbe33ba673b7fdec9b2ff2b747cb0d530af4522e5d003d78fb3f640b,2025-12-01,West Hill (136),-79.18284860837016,43.76769079627477,0,0.43334607135815295,-0.43334607135815295
"Poisson (area, tuned)",2024-12-01,1.7703346781640914,sha256:bd942a7bcbe33ba673b7fdec9b2ff2b747cb0d530af4522e5d003d78fb3f640b,2025-12-01,West Humber-Clairville (1),-79.60420741329722,43.73006355433667,0,0.4205400342189969,-0.4205400342189969
"Poisson (area, tuned)",2024-12-01,1.7703346781640914,sha256:bd942a7bcbe33ba673b7fdec9b2ff2b747cb0d530af4522e5d003d78fb3f640b,2025-12-01,Westminster-Branson (35),-79.44807552904417,43.781743102812335,0,0.4682564796836758,-0.4682564796836758
"Poisson (area, tuned)",2024-12-01,1.7703346781640914,sha256:bd942a7bcbe33ba673b7fdec9b2ff2b747cb0d530af4522e5d003d78fb3f640b,2025-12-01,Weston (113),-79.5165855480493,43.702833758307314,0,0.4734529465791001,-0.4734529465791001
"Poisson (area, tuned)",2024-12-01,1.7703346781640914,sha256:bd942a7bcbe33ba673b7fdec9b2ff2b747cb0d530af4522e5d003d78fb3f640b,2025-12-01,Weston-Pelham Park (91),-79.45875842314518,43.67071482937652,0,0.6366346068191788,-0.6366346068191788
"Poisson (area, tuned)",2024-12-01,1.7703346781640914,sha256:bd942a7bcbe33ba673b7fdec9b2ff2b747cb0d530af4522e5d003d78fb3f640b,2025-12-01,Wexford/Maryvale (119),-79.30050366891615,43.74264083383781,0,0.5283145018668898,-0.5283145018668898
"Poisson (area, tuned)",2024-12-01,1.7703346781640914,sha256:bd942a7bcbe33ba673b7fdec9b2ff2b747cb0d530af4522e5d003d78fb3f640b,2025-12-01,Willowdale East (51),-79.410074781475,43.76524478810602,1,1.1443916922061241,-0.14439169220612413
"Poisson (area, tuned)",2024-12-01,1.7703346781640914,sha256:bd942a7bcbe33ba673b7fdec9b2ff2b747cb0d530af4522e5d003d78fb3f640b,2025-12-01,Willowdale West (37),-79.41563035776022,43.77061463226557,3,0.6225338244590881,2.3774661755409117
"Poisson (area, tuned)",2024-12-01,1.7703346781640914,sha256:bd942a7bcbe33ba673b7fdec9b2ff2b747cb0d530af4522e5d003d78fb3f640b,2025-12-01,Willowridge-Martingrove-Richview (7),-79.55960317676033,43.68486812894035,0,0.3620942137434571,-0.3620942137434571
"Poisson (area, tuned)",2024-12-01,1.7703346781640914,sha256:bd942a7bcbe33ba673b7fdec9b2ff2b747cb0d530af4522e5d003d78fb3f640b,2025-12-01,Woburn (137),-79.22656387770975,43.76289989874722,0,0.3661450656807608,-0.3661450656807608
"Poisson (area, tuned)",2024-12-01,1.7703346781640914,sha256:bd942a7bcbe33ba673b7fdec9b2ff2b747cb0d530af4522e5d003d78fb3f640b,2025-12-01,Woodbine Corridor (64),-79.31407054230695,43.67581440173363,0,0.9342457093075944,-0.9342457093075944
"Poisson (area, tuned)",2024-12-01,1.7703346781640914,sha256:bd942a7bcbe33ba673b7fdec9b2ff2b747cb0d530af4522e5d003d78fb3f640b,2025-12-01,Woodbine-Lumsden (60),-79.31039264658962,43.69145821847367,0,0.6221448089775135,-0.6221448089775135
"Poisson (area, tuned)",2024-12-01,1.7703346781640914,sha256:bd942a7bcbe33ba673b7fdec9b2ff2b747cb0d530af4522e5d003d78fb3f640b,2025-12-01,Wychwood (94),-79.42710542937913,43.6784532168336,0,1.0144805890446538,-1.0144805890446538
"Poisson (area, tuned)",2024-12-01,1.7703346781640914,sha256:bd942a7bcbe33ba673b7fdec9b2ff2b747cb0d530af4522e5d003d78fb3f640b,2025-12-01,Yonge-Eglinton (100),-79.40102373824469,43.70674080495774,0,1.0068362554602686,-1.0068362554602686
"Poisson (area, tuned)",2024-12-01,1.7703346781640914,sha256:bd942a7bcbe33ba673b7fdec9b2ff2b747cb0d530af4522e5d003d78fb3f640b,2025-12-01,Yonge-St.Clair (97),-79.39834065134646,43.689263791751046,0,0.997563368682721,-0.997563368682721
"Poisson (area, tuned)",2024-12-01,1.7703346781640914,sha256:bd942a7bcbe33ba673b7fdec9b2ff2b747cb0d530af4522e5d003d78fb3f640b,2025-12-01,York University Heights (27),-79.49891755560928,43.76657476817609,0,0.7408665778067764,-0.7408665778067764
"Poisson (area, tuned)",2024-12-01,1.7703346781640914,sha256:bd942a7bcbe33ba673b7fdec9b2ff2b747cb0d530af4522e5d003d78fb3f640b,2025-12-01,Yorkdale-Glen Park (31),-79.45130621630454,43.714348256200424,0,0.8052463081242923,-0.8052463081242923
