model_id,training_cutoff,lambda,data_hash,month,neighborhood,lon,lat,actual,predicted,residual
Basis Ridge (tuned),2024-12-01,0.013305392433761935,sha256:bd942a7bcbe33ba673b7fdec9b2ff2b747cb0d530af4522e5d003d78fb3f640b,2025-01-01,Agincourt North (129),-79.26928393506104,43.810980375100264,0,0,0
Basis Ridge (tuned),2024-12-01,0.013305392433761935,sha256:bd942a7bcbe33ba673b7fdec9b2ff2b747cb0d530af4522e5d003d78fb3f640b,2025-01-01,Agincourt South-Malvern West (128),-79.28002861084076,43.7889253690791,0,0,0
Basis Ridge (tuned),2024-12-01,0.013305392433761935,sha256:bd942a7bcbe33ba673b7fdec9b2ff2b747cb0d530af4522e5d003d78fb3f640b,2025-01-01,Alderwood (20),-79.54538918515296,43.6065751977772,0,0,0
Basis Ridge (tuned),2024-12-01,0.013305392433761935,sha256:bd942a7bcbe33ba673b7fdec9b2ff2b747cb0d530af4522e5d003d78fb3f640b,2025-01-01,Annex (95),-79.40380913861458,43.670104609767606,4,4.076283351230707,-0.07628335123070684
Basis Ridge (tuned),2024-12-01,0.013305392433761935,sha256:bd942a7bcbe33ba673b7fdec9b2ff2b747cb0d530af4522e5d003d78fb3f640b,2025-01-01,Banbury-Don Mills (42),-79.3409210158811,43.73511850435992,0,0,0
Basis Ridge (tuned),2024-12-01,0.013305392433761935,sha256:bd942a7bcbe33ba673b7fdec9b2ff2b747cb0d530af4522e5d003d78fb3f640b,2025-01-01,Bathurst Manor (34),-79.45175843487672,43.75609728872373,0,0,0
Basis Ridge (tuned),2024-12-01,0.013305392433761935,sha256:bd942a7bcbe33ba673b7fdec9b2ff2b747cb0d530af4522e5d003d78fb3f640b,2025-01-01,Bay Street Corridor (76),-79.38436854475557,43.65730879641258,6,9.773529968971571,-3.7735299689715713
Basis Ridge (tuned),2024-12-01,0.013305392433761935,sha256:bd942a7bcbe33ba673b7fdec9b2ff2b747cb0d530af4522e5d003d78fb3f640b,2025-01-01,Bayview Village (52),-79.38403601743099,43.769051789694494,0,0.07480708151331884,-0.07480708151331884
Basis Ridge (tuned),2024-12-01,0.013305392433761935,sha256:bd942a7bcbe33ba673b7fdec9b2ff2b747cb0d530af4522e5d003d78fb3f640b,2025-01-01,Bayview Woods-Steeles (49),-79.3743681512798,43.797822785562154,1,0,1
Basis Ridge (tuned),2024-12-01,0.013305392433761935,sha256:bd942a7bcbe33ba673b7fdec9b2ff2b747cb0d530af4522e5d003d78fb3f640b,2025-01-01,Bedford Park-Nortown (39),-79.42125788351791,43.72757981721193,0,0,0
Basis Ridge (tuned),2024-12-01,0.013305392433761935,sha256:bd942a7bcbe33ba673b7fdec9b2ff2b747cb0d530af4522e5d003d78fb3f640b,2025-01-01,Beechborough-Greenbrook (112),-79.4744663865561,43.691508083029944,0,0,0
Basis Ridge (tuned),2024-12-01,0.013305392433761935,sha256:bd942a7bcbe33ba673b7fdec9b2ff2b747cb0d530af4522e5d003d78fb3f640b,2025-01-01,Bendale (127),-79.26046315357324,43.76293076745831,0,0,0
Basis Ridge (tuned),2024-12-01,0.013305392433761935,sha256:bd942a7bcbe33ba673b7fdec9b2ff2b747cb0d530af4522e5d003d78fb3f640b,2025-01-01,Birchcliffe-Cliffside (122),-79.27062357025366,43.69131003372983,0,0,0
Basis Ridge (tuned),2024-12-01,0.013305392433761935,sha256:bd942a7bcbe33ba673b7fdec9b2ff2b747cb0d530af4522e5d003d78fb3f640b,2025-01-01,Black Creek (24),-79.51869671361172,43.76523138519309,0,0,0
Basis Ridge (tuned),2024-12-01,0.013305392433761935,sha256:bd942a7bcbe33ba673b7fdec9b2ff2b747cb0d530af4522e5d003d78fb3f640b,2025-01-01,Blake-Jones (69),-79.3394451105104,43.67664416992363,0,0.048720226146816766,-0.048720226146816766
Basis Ridge (tuned),2024-12-01,0.013305392433761935,sha256:bd942a7bcbe33ba673b7fdec9b2ff2b747cb0d530af4522e5d003d78fb3f640b,2025-01-01,Briar Hill-Belgravia (108),-79.445578280552,43.699313061287725,0,0,0
Basis Ridge (tuned),2024-12-01,0.013305392433761935,sha256:bd942a7bcbe33ba673b7fdec9b2ff2b747cb0d530af4522e5d003d78fb3f640b,2025-01-01,Bridle Path-Sunnybrook-York Mills (41),-79.38366396163413,43.72516179918022,0,0,0
Basis Ridge (tuned),2024-12-01,0.013305392433761935,sha256:bd942a7bcbe33ba673b7fdec9b2ff2b747cb0d530af4522e5d003d78fb3f640b,2025-01-01,Broadview North (57),-79.35364911130229,43.683932870884654,1,0,1
Basis Ridge (tuned),2024-12-01,0.013305392433761935,sha256:bd942a7bcbe33ba673b7fdec9b2ff2b747cb0d530af4522e5d003d78fb3f640b,2025-01-01,Brookhaven-Amesbury (30),-79.49015206607174,43.69942696476651,0,0,0
Basis Ridge (tuned),2024-12-01,0.013305392433761935,sha256:bd942a7bcbe33ba673b7fdec9b2ff2b747cb0d530af4522e5d003d78fb3f640b,2025-01-01,Cabbagetown-South St.James Town (71),-79.36975340775743,43.66521290431659,0,1.449513041329751,-1.449513041329751
Basis Ridge (tuned),2024-12-01,0.013305392433761935,sha256:bd942a7bcbe33ba673b7fdec9b2ff2b747cb0d530af4522e5d003d78fb3f640b,2025-01-01,Caledonia-Fairbank (109),-79.4517849962554,43.690036179158305,0,0,0
Basis Ridge (tuned),2024-12-01,0.013305392433761935,sha256:bd942a7bcbe33ba673b7fdec9b2ff2b747cb0d530af4522e5d003d78fb3f640b,2025-01-01,Casa Loma (96),-79.40864864037756,43.67955392863041,0,0.08763433410198412,-0.08763433410198412
Basis Ridge (tuned),2024-12-01,0.013305392433761935,sha256:bd942a7bcbe33ba673b7fdec9b2ff2b747cb0d530af4522e5d003d78fb3f640b,2025-01-01,Centennial Scarborough (133),-79.15053423026679,43.780757885389185,0,0,0
Basis Ridge (tuned),2024-12-01,0.013305392433761935,sha256:bd942a7bcbe33ba673b7fdec9b2ff2b747cb0d530af4522e5d003d78fb3f640b,2025-01-01,Church-Yonge Corridor (75),-79.37956284727365,43.66018909929288,5,9.242375740864635,-4.2423757408646345
Basis Ridge (tuned),2024-12-01,0.013305392433761935,sha256:bd942a7bcbe33ba673b7fdec9b2ff2b747cb0d530af4522e5d003d78fb3f640b,2025-01-01,Clairlea-Birchmount (120),-79.28672506823307,43.709414591668256,0,0,0
Basis Ridge (tuned),2024-12-01,0.013305392433761935,sha256:bd942a7bcbe33ba673b7fdec9b2ff2b747cb0d530af4522e5d003d78fb3f640b,2025-01-01,Clanton Park (33),-79.44643447690169,43.74149776462126,0,0,0
Basis Ridge (tuned),2024-12-01,0.013305392433761935,sha256:bd942a7bcbe33ba673b7fdec9b2ff2b747cb0d530af4522e5d003d78fb3f640b,2025-01-01,Cliffcrest (123),-79.23329029919245,43.72191819765982,0,0,0
Basis Ridge (tuned),2024-12-01,0.013305392433761935,sha256:bd942a7bcbe33ba673b7fdec9b2ff2b747cb0d530af4522e5d003d78fb3f640b,2025-01-01,Corso Italia-Davenport (92),-79.4427553703874,43.67658111935704,0,0,0
Basis Ridge (tuned),2024-12-01,0.013305392433761935,sha256:bd942a7bcbe33ba673b7fdec9b2ff2b747cb0d530af4522e5d003d78fb3f640b,2025-01-01,Danforth (66),-79.33065782618279,43.682847803276616,0,0.34285618836048276,-0.34285618836048276
Basis Ridge (tuned),2024-12-01,0.013305392433761935,sha256:bd942a7bcbe33ba673b7fdec9b2ff2b747cb0d530af4522e5d003d78fb3f640b,2025-01-01,Danforth East York (59),-79.3313092800722,43.69082681262244,1,0,1
Basis Ridge (tuned),2024-12-01,0.013305392433761935,sha256:bd942a7bcbe33ba673b7fdec9b2ff2b747cb0d530af4522e5d003d78fb3f640b,2025-01-01,Don Valley Village (47),-79.35240298959988,43.77988611135725,0,0,0
Basis Ridge (tuned),2024-12-01,0.013305392433761935,sha256:bd942a7bcbe33ba673b7fdec9b2ff2b747cb0d530af4522e5d003d78fb3f640b,2025-01-01,Dorset Park (126),-79.28077525994308,43.75528945083431,0,0,0
Basis Ridge (tuned),2024-12-01,0.013305392433761935,sha256:bd942a7bcbe33ba673b7fdec9b2ff2b747cb0d530af4522e5d003d78fb3f640b,2025-01-01,Dovercourt-Wallace Emerson-Junction (93),-79.43778332382438,43.66463002065643,6,2.6204070054541893,3.3795929945458107
Basis Ridge (tuned),2024-12-01,0.013305392433761935,sha256:bd942a7bcbe33ba673b7fdec9b2ff2b747cb0d530af4522e5d003d78fb3f640b,2025-01-01,Downsview-Roding-CFB (26),-79.4835940990325,43.727986861303435,0,0.08117529575867252,-0.08117529575867252
Basis Ridge (tuned),2024-12-01,0.013305392433761935,sha256:bd942a7bcbe33ba673b7fdec9b2ff2b747cb0d530af4522e5d003d78fb3f640b,2025-01-01,Dufferin Grove (83),-79.4370618209781,43.65521640563446,0,0.9378120103854207,-0.9378120103854207
Basis Ridge (tuned),2024-12-01,0.013305392433761935,sha256:bd942a7bcbe33ba673b7fdec9b2ff2b747cb0d530af4522e5d003d78fb3f640b,2025-01-01,East End-Danforth (62),-79.30055625233094,43.68572312555001,0,0.9499941003252057,-0.9499941003252057
Basis Ridge (tuned),2024-12-01,0.013305392433761935,sha256:bd942a7bcbe33ba673b7fdec9b2ff2b747cb0d530af4522e5d003d78fb3f640b,2025-01-01,Edenbridge-Humber Valley (9),-79.52023309003076,43.66557816852869,0,0,0
Basis Ridge (tuned),2024-12-01,0.013305392433761935,sha256:bd942a7bcbe33ba673b7fdec9b2ff2b747cb0d530af4522e5d003d78fb3f640b,2025-01-01,Eglinton East (138),-79.24473615792672,43.73991827916189,0,0,0
Basis Ridge (tuned),2024-12-01,0.013305392433761935,sha256:bd942a7bcbe33ba673b7fdec9b2ff2b747cb0d530af4522e5d003d78fb3f640b,2025-01-01,Elms-Old Rexdale (5),-79.55208772185198,43.71927285915033,0,0,0
Basis Ridge (tuned),2024-12-01,0.013305392433761935,sha256:bd942a7bcbe33ba673b7fdec9b2ff2b747cb0d530af4522e5d003d78fb3f640b,2025-01-01,Englemount-Lawrence (32),-79.43712596977969,43.7204676607881,0,0.02329670815818061,-0.02329670815818061
Basis Ridge (tuned),2024-12-01,0.013305392433761935,sha256:bd942a7bcbe33ba673b7fdec9b2ff2b747cb0d530af4522e5d003d78fb3f640b,2025-01-01,Eringate-Centennial-West Deane (11),-79.57787073233334,43.65860025717794,0,0,0
Basis Ridge (tuned),2024-12-01,0.013305392433761935,sha256:bd942a7bcbe33ba673b7fdec9b2ff2b747cb0d530af4522e5d003d78fb3f640b,2025-01-01,Etobicoke West Mall (13),-79.5678030787646,43.64190931147644,0,0,0
Basis Ridge (tuned),2024-12-01,0.013305392433761935,sha256:bd942a7bcbe33ba673b7fdec9b2ff2b747cb0d530af4522e5d003d78fb3f640b,2025-01-01,Flemingdon Park (44),-79.33198682919883,43.71530756444098,0,0,0
Basis Ridge (tuned),2024-12-01,0.013305392433761935,sha256:bd942a7bcbe33ba673b7fdec9b2ff2b747cb0d530af4522e5d003d78fb3f640b,2025-01-01,Forest Hill North (102),-79.43346069412912,43.70194436532484,0,0,0
Basis Ridge (tuned),2024-12-01,0.013305392433761935,sha256:bd942a7bcbe33ba673b7fdec9b2ff2b747cb0d530af4522e5d003d78fb3f640b,2025-01-01,Forest Hill South (101),-79.41299883590433,43.6890600119443,0,0,0
Basis Ridge (tuned),2024-12-01,0.013305392433761935,sha256:bd942a7bcbe33ba673b7fdec9b2ff2b747cb0d530af4522e5d003d78fb3f640b,2025-01-01,Glenfield-Jane Heights (25),-79.50908241975385,43.74806287596809,0,0,0
Basis Ridge (tuned),2024-12-01,0.013305392433761935,sha256:bd942a7bcbe33ba673b7fdec9b2ff2b747cb0d530af4522e5d003d78fb3f640b,2025-01-01,Greenwood-Coxwell (65),-79.32392461588157,43.67182578504262,0,0.5840803615033356,-0.5840803615033356
Basis Ridge (tuned),2024-12-01,0.013305392433761935,sha256:bd942a7bcbe33ba673b7fdec9b2ff2b747cb0d530af4522e5d003d78fb3f640b,2025-01-01,Guildwood (140),-79.1987335919193,43.747914590059,0,0,0
Basis Ridge (tuned),2024-12-01,0.013305392433761935,sha256:bd942a7bcbe33ba673b7fdec9b2ff2b747cb0d530af4522e5d003d78fb3f640b,2025-01-01,Henry Farm (53),-79.34642185767248,43.76957681680956,0,0,0
Basis Ridge (tuned),2024-12-01,0.013305392433761935,sha256:bd942a7bcbe33ba673b7fdec9b2ff2b747cb0d530af4522e5d003d78fb3f640b,2025-01-01,High Park North (88),-79.4652298180643,43.65722103912335,0,1.1909328512711321,-1.1909328512711321
Basis Ridge (tuned),2024-12-01,0.013305392433761935,sha256:bd942a7bcbe33ba673b7fdec9b2ff2b747cb0d530af4522e5d003d78fb3f640b,2025-01-01,High Park-Swansea (87),-79.4648159122912,43.64453199862067,1,0.4727071136962549,0.5272928863037452
Basis Ridge (tuned),2024-12-01,0.013305392433761935,sha256:bd942a7bcbe33ba673b7fdec9b2ff2b747cb0d530af4522e5d003d78fb3f640b,2025-01-01,Highland Creek (134),-79.18452149622338,43.786273991320705,0,0,0
Basis Ridge (tuned),2024-12-01,0.013305392433761935,sha256:bd942a7bcbe33ba673b7fdec9b2ff2b747cb0d530af4522e5d003d78fb3f640b,2025-01-01,Hillcrest Village (48),-79.35806283641195,43.79960270136573,0,0,0
Basis Ridge (tuned),2024-12-01,0.013305392433761935,sha256:bd942a7bcbe33ba673b7fdec9b2ff2b747cb0d530af4522e5d003d78fb3f640b,2025-01-01,Humber Heights-Westmount (8),-79.51864457298561,43.69564007439048,0,0,0
Basis Ridge (tuned),2024-12-01,0.013305392433761935,sha256:bd942a7bcbe33ba673b7fdec9b2ff2b747cb0d530af4522e5d003d78fb3f640b,2025-01-01,Humber Summit (21),-79.56057763521508,43.75362439798188,0,0,0
Basis Ridge (tuned),2024-12-01,0.013305392433761935,sha256:bd942a7bcbe33ba673b7fdec9b2ff2b747cb0d530af4522e5d003d78fb3f640b,2025-01-01,Humbermede (22),-79.54521679307662,43.74787608113298,0,0,0
Basis Ridge (tuned),2024-12-01,0.013305392433761935,sha256:bd942a7bcbe33ba673b7fdec9b2ff2b747cb0d530af4522e5d003d78fb3f640b,2025-01-01,Humewood-Cedarvale (106),-79.42603840921164,43.68908389632168,0,0.25235672716769864,-0.25235672716769864
Basis Ridge (tuned),2024-12-01,0.013305392433761935,sha256:bd942a7bcbe33ba673b7fdec9b2ff2b747cb0d530af4522e5d003d78fb3f640b,2025-01-01,Ionview (125),-79.2682783103958,43.73299077700163,0,0,0
Basis Ridge (tuned),2024-12-01,0.013305392433761935,sha256:bd942a7bcbe33ba673b7fdec9b2ff2b747cb0d530af4522e5d003d78fb3f640b,2025-01-01,Islington-City Centre West (14),-79.53678079261083,43.641361915813675,3,0.39627712679454896,2.603722873205451
Basis Ridge (tuned),2024-12-01,0.013305392433761935,sha256:bd942a7bcbe33ba673b7fdec9b2ff2b747cb0d530af4522e5d003d78fb3f640b,2025-01-01,Junction Area (90),-79.46892477498491,43.6655394100211,1,0.31968932385733656,0.6803106761426634
Basis Ridge (tuned),2024-12-01,0.013305392433761935,sha256:bd942a7bcbe33ba673b7fdec9b2ff2b747cb0d530af4522e5d003d78fb3f640b,2025-01-01,Keelesdale-Eglinton West (110),-79.47055790633043,43.68391780141048,1,0,1
Basis Ridge (tuned),2024-12-01,0.013305392433761935,sha256:bd942a7bcbe33ba673b7fdec9b2ff2b747cb0d530af4522e5d003d78fb3f640b,2025-01-01,Kennedy Park (124),-79.25874986465229,43.728410786674374,0,0,0
Basis Ridge (tuned),2024-12-01,0.013305392433761935,sha256:bd942a7bcbe33ba673b7fdec9b2ff2b747cb0d530af4522e5d003d78fb3f640b,2025-01-01,Kensington-Chinatown (78),-79.3967980354919,43.65388049459246,0,3.974787122218782,-3.974787122218782
Basis Ridge (tuned),2024-12-01,0.013305392433761935,sha256:bd942a7bcbe33ba673b7fdec9b2ff2b747cb0d530af4522e5d003d78fb3f640b,2025-01-01,Kingsview Village-The Westway (6),-79.54911503533694,43.69584358136977,0,0,0
Basis Ridge (tuned),2024-12-01,0.013305392433761935,sha256:bd942a7bcbe33ba673b7fdec9b2ff2b747cb0d530af4522e5d003d78fb3f640b,2025-01-01,Kingsway South (15),-79.51086459422443,43.65032283055947,0,0,0
Basis Ridge (tuned),2024-12-01,0.013305392433761935,sha256:bd942a7bcbe33ba673b7fdec9b2ff2b747cb0d530af4522e5d003d78fb3f640b,2025-01-01,L'Amoreaux (117),-79.3201008921114,43.79636378659849,0,0,0
Basis Ridge (tuned),2024-12-01,0.013305392433761935,sha256:bd942a7bcbe33ba673b7fdec9b2ff2b747cb0d530af4522e5d003d78fb3f640b,2025-01-01,Lambton Baby Point (114),-79.49452130561747,43.65593529844182,0,0,0
Basis Ridge (tuned),2024-12-01,0.013305392433761935,sha256:bd942a7bcbe33ba673b7fdec9b2ff2b747cb0d530af4522e5d003d78fb3f640b,2025-01-01,Lansing-Westgate (38),-79.41222964417364,43.761840287387486,0,0,0
Basis Ridge (tuned),2024-12-01,0.013305392433761935,sha256:bd942a7bcbe33ba673b7fdec9b2ff2b747cb0d530af4522e5d003d78fb3f640b,2025-01-01,Lawrence Park North (105),-79.40643053379212,43.72768097403552,0,0.011139215588054367,-0.011139215588054367
Basis Ridge (tuned),2024-12-01,0.013305392433761935,sha256:bd942a7bcbe33ba673b7fdec9b2ff2b747cb0d530af4522e5d003d78fb3f640b,2025-01-01,Lawrence Park South (103),-79.41020212544387,43.72248127246825,0,0,0
Basis Ridge (tuned),2024-12-01,0.013305392433761935,sha256:bd942a7bcbe33ba673b7fdec9b2ff2b747cb0d530af4522e5d003d78fb3f640b,2025-01-01,Leaside-Bennington (56),-79.36756549485442,43.70630335329757,1,0.26977385073643767,0.7302261492635623
Basis Ridge (tuned),2024-12-01,0.013305392433761935,sha256:bd942a7bcbe33ba673b7fdec9b2ff2b747cb0d530af4522e5d003d78fb3f640b,2025-01-01,Little Portugal (84),-79.42637552454019,43.64409148964972,2,1.0972314143457707,0.9027685856542293
Basis Ridge (tuned),2024-12-01,0.013305392433761935,sha256:bd942a7bcbe33ba673b7fdec9b2ff2b747cb0d530af4522e5d003d78fb3f640b,2025-01-01,Long Branch (19),-79.53237502113143,43.591006620404656,0,0.03703927463200084,-0.03703927463200084
Basis Ridge (tuned),2024-12-01,0.013305392433761935,sha256:bd942a7bcbe33ba673b7fdec9b2ff2b747cb0d530af4522e5d003d78fb3f640b,2025-01-01,Malvern (132),-79.22095167470565,43.80455499438271,0,0,0
Basis Ridge (tuned),2024-12-01,0.013305392433761935,sha256:bd942a7bcbe33ba673b7fdec9b2ff2b747cb0d530af4522e5d003d78fb3f640b,2025-01-01,Maple Leaf (29),-79.4843756407544,43.718225646439535,0,0,0
Basis Ridge (tuned),2024-12-01,0.013305392433761935,sha256:bd942a7bcbe33ba673b7fdec9b2ff2b747cb0d530af4522e5d003d78fb3f640b,2025-01-01,Markland Wood (12),-79.57650734129277,43.633689780366026,0,0,0
Basis Ridge (tuned),2024-12-01,0.013305392433761935,sha256:bd942a7bcbe33ba673b7fdec9b2ff2b747cb0d530af4522e5d003d78fb3f640b,2025-01-01,Milliken (130),-79.28878321264463,43.82084812422136,0,0,0
Basis Ridge (tuned),2024-12-01,0.013305392433761935,sha256:bd942a7bcbe33ba673b7fdec9b2ff2b747cb0d530af4522e5d003d78fb3f640b,2025-01-01,Mimico (includes Humber Bay Shores) (17),-79.48568571369577,43.62094188018773,0,1.1482366971620397,-1.1482366971620397
Basis Ridge (tuned),2024-12-01,0.013305392433761935,sha256:bd942a7bcbe33ba673b7fdec9b2ff2b747cb0d530af4522e5d003d78fb3f640b,2025-01-01,Morningside (135),-79.20335964084892,43.78544794442794,0,0,0
Basis Ridge (tuned),2024-12-01,0.013305392433761935,sha256:bd942a7bcbe33ba673b7fdec9b2ff2b747cb0d530af4522e5d003d78fb3f640b,2025-01-01,Moss Park (73),-79.36913295325593,43.65425609335975,4,3.5982075617733202,0.40179243822667976
Basis Ridge (tuned),2024-12-01,0.013305392433761935,sha256:bd942a7bcbe33ba673b7fdec9b2ff2b747cb0d530af4522e5d003d78fb3f640b,2025-01-01,Mount Dennis (115),-79.48946593742998,43.68565859464735,0,0,0
Basis Ridge (tuned),2024-12-01,0.013305392433761935,sha256:bd942a7bcbe33ba673b7fdec9b2ff2b747cb0d530af4522e5d003d78fb3f640b,2025-01-01,Mount Olive-Silverstone-Jamestown (2),-79.58577617904946,43.74325917379369,0,0,0
Basis Ridge (tuned),2024-12-01,0.013305392433761935,sha256:bd942a7bcbe33ba673b7fdec9b2ff2b747cb0d530af4522e5d003d78fb3f640b,2025-01-01,Mount Pleasant East (99),-79.38525136980005,43.70699758566823,0,0.17390813987213213,-0.17390813987213213
Basis Ridge (tuned),2024-12-01,0.013305392433761935,sha256:bd942a7bcbe33ba673b7fdec9b2ff2b747cb0d530af4522e5d003d78fb3f640b,2025-01-01,Mount Pleasant West (104),-79.39441924813381,43.705281018271585,0,1.3183254368264468,-1.3183254368264468
Basis Ridge (tuned),2024-12-01,0.013305392433761935,sha256:bd942a7bcbe33ba673b7fdec9b2ff2b747cb0d530af4522e5d003d78fb3f640b,2025-01-01,NSA,NA,NA,1,0.5451340344437343,0.4548659655562657
Basis Ridge (tuned),2024-12-01,0.013305392433761935,sha256:bd942a7bcbe33ba673b7fdec9b2ff2b747cb0d530af4522e5d003d78fb3f640b,2025-01-01,New Toronto (18),-79.50819536860408,43.60067938873378,0,0.02340523547077117,-0.02340523547077117
Basis Ridge (tuned),2024-12-01,0.013305392433761935,sha256:bd942a7bcbe33ba673b7fdec9b2ff2b747cb0d530af4522e5d003d78fb3f640b,2025-01-01,Newtonbrook East (50),-79.4155662486542,43.782773804672864,0,0,0
Basis Ridge (tuned),2024-12-01,0.013305392433761935,sha256:bd942a7bcbe33ba673b7fdec9b2ff2b747cb0d530af4522e5d003d78fb3f640b,2025-01-01,Newtonbrook West (36),-79.42082573006313,43.78444945871987,1,0.22577811807315634,0.7742218819268436
Basis Ridge (tuned),2024-12-01,0.013305392433761935,sha256:bd942a7bcbe33ba673b7fdec9b2ff2b747cb0d530af4522e5d003d78fb3f640b,2025-01-01,Niagara (82),-79.40825413058062,43.639170480800686,3,4.074011249115894,-1.0740112491158937
Basis Ridge (tuned),2024-12-01,0.013305392433761935,sha256:bd942a7bcbe33ba673b7fdec9b2ff2b747cb0d530af4522e5d003d78fb3f640b,2025-01-01,North Riverdale (68),-79.34942497640164,43.67320424441098,0,0.47188859646263653,-0.47188859646263653
Basis Ridge (tuned),2024-12-01,0.013305392433761935,sha256:bd942a7bcbe33ba673b7fdec9b2ff2b747cb0d530af4522e5d003d78fb3f640b,2025-01-01,North St.James Town (74),-79.37622315570079,43.66924040879271,1,1.2139417121359382,-0.21394171213593816
Basis Ridge (tuned),2024-12-01,0.013305392433761935,sha256:bd942a7bcbe33ba673b7fdec9b2ff2b747cb0d530af4522e5d003d78fb3f640b,2025-01-01,O'Connor-Parkview (54),-79.30295705711893,43.707394189060395,0,0,0
Basis Ridge (tuned),2024-12-01,0.013305392433761935,sha256:bd942a7bcbe33ba673b7fdec9b2ff2b747cb0d530af4522e5d003d78fb3f640b,2025-01-01,Oakridge (121),-79.28580476562132,43.69338422103418,0,0,0
Basis Ridge (tuned),2024-12-01,0.013305392433761935,sha256:bd942a7bcbe33ba673b7fdec9b2ff2b747cb0d530af4522e5d003d78fb3f640b,2025-01-01,Oakwood Village (107),-79.43992214652974,43.693163772618576,0,0,0
Basis Ridge (tuned),2024-12-01,0.013305392433761935,sha256:bd942a7bcbe33ba673b7fdec9b2ff2b747cb0d530af4522e5d003d78fb3f640b,2025-01-01,Old East York (58),-79.33971322725657,43.69468655917457,0,0,0
Basis Ridge (tuned),2024-12-01,0.013305392433761935,sha256:bd942a7bcbe33ba673b7fdec9b2ff2b747cb0d530af4522e5d003d78fb3f640b,2025-01-01,Palmerston-Little Italy (80),-79.41607073008583,43.65977590713319,1,1.3094323073259115,-0.30943230732591154
Basis Ridge (tuned),2024-12-01,0.013305392433761935,sha256:bd942a7bcbe33ba673b7fdec9b2ff2b747cb0d530af4522e5d003d78fb3f640b,2025-01-01,Parkwoods-Donalda (45),-79.32857716506125,43.75401452181123,0,0,0
Basis Ridge (tuned),2024-12-01,0.013305392433761935,sha256:bd942a7bcbe33ba673b7fdec9b2ff2b747cb0d530af4522e5d003d78fb3f640b,2025-01-01,Pelmo Park-Humberlea (23),-79.53452633259599,43.71053804014776,0,0,0
Basis Ridge (tuned),2024-12-01,0.013305392433761935,sha256:bd942a7bcbe33ba673b7fdec9b2ff2b747cb0d530af4522e5d003d78fb3f640b,2025-01-01,Playter Estates-Danforth (67),-79.35537498775473,43.678037843577414,0,0.19237723404715043,-0.19237723404715043
Basis Ridge (tuned),2024-12-01,0.013305392433761935,sha256:bd942a7bcbe33ba673b7fdec9b2ff2b747cb0d530af4522e5d003d78fb3f640b,2025-01-01,Pleasant View (46),-79.33169496448295,43.78880674789264,0,0,0
Basis Ridge (tuned),2024-12-01,0.013305392433761935,sha256:bd942a7bcbe33ba673b7fdec9b2ff2b747cb0d530af4522e5d003d78fb3f640b,2025-01-01,Princess-Rosethorn (10),-79.54278218831497,43.6664342839495,0,0,0
Basis Ridge (tuned),2024-12-01,0.013305392433761935,sha256:bd942a7bcbe33ba673b7fdec9b2ff2b747cb0d530af4522e5d003d78fb3f640b,2025-01-01,Regent Park (72),-79.36178286088128,43.65943439853815,1,0.6479632664148067,0.3520367335851933
Basis Ridge (tuned),2024-12-01,0.013305392433761935,sha256:bd942a7bcbe33ba673b7fdec9b2ff2b747cb0d530af4522e5d003d78fb3f640b,2025-01-01,Rexdale-Kipling (4),-79.56943957685264,43.726549256380395,0,0,0
Basis Ridge (tuned),2024-12-01,0.013305392433761935,sha256:bd942a7bcbe33ba673b7fdec9b2ff2b747cb0d530af4522e5d003d78fb3f640b,2025-01-01,Rockcliffe-Smythe (111),-79.49193279998173,43.67234248080122,0,0,0
Basis Ridge (tuned),2024-12-01,0.013305392433761935,sha256:bd942a7bcbe33ba673b7fdec9b2ff2b747cb0d530af4522e5d003d78fb3f640b,2025-01-01,Roncesvalles (86),-79.44277811907274,43.64370439603947,0,0.8551655910606594,-0.8551655910606594
Basis Ridge (tuned),2024-12-01,0.013305392433761935,sha256:bd942a7bcbe33ba673b7fdec9b2ff2b747cb0d530af4522e5d003d78fb3f640b,2025-01-01,Rosedale-Moore Park (98),-79.38462305095243,43.67502671420579,0,1.6459302538677676,-1.6459302538677676
Basis Ridge (tuned),2024-12-01,0.013305392433761935,sha256:bd942a7bcbe33ba673b7fdec9b2ff2b747cb0d530af4522e5d003d78fb3f640b,2025-01-01,Rouge (131),-79.13309434834144,43.78938806538385,0,0,0
Basis Ridge (tuned),2024-12-01,0.013305392433761935,sha256:bd942a7bcbe33ba673b7fdec9b2ff2b747cb0d530af4522e5d003d78fb3f640b,2025-01-01,Runnymede-Bloor West Village (89),-79.48480851655415,43.65975616827931,0,0,0
Basis Ridge (tuned),2024-12-01,0.013305392433761935,sha256:bd942a7bcbe33ba673b7fdec9b2ff2b747cb0d530af4522e5d003d78fb3f640b,2025-01-01,Rustic (28),-79.50024894268427,43.70839284643953,0,0,0
Basis Ridge (tuned),2024-12-01,0.013305392433761935,sha256:bd942a7bcbe33ba673b7fdec9b2ff2b747cb0d530af4522e5d003d78fb3f640b,2025-01-01,Scarborough Village (139),-79.22121647737255,43.74178808353859,0,0,0
Basis Ridge (tuned),2024-12-01,0.013305392433761935,sha256:bd942a7bcbe33ba673b7fdec9b2ff2b747cb0d530af4522e5d003d78fb3f640b,2025-01-01,South Parkdale (85),-79.43087572304012,43.63836538756867,2,0.9803520235346758,1.0196479764653241
Basis Ridge (tuned),2024-12-01,0.013305392433761935,sha256:bd942a7bcbe33ba673b7fdec9b2ff2b747cb0d530af4522e5d003d78fb3f640b,2025-01-01,South Riverdale (70),-79.34033408773206,43.66227352160024,2,2.886251728797804,-0.886251728797804
Basis Ridge (tuned),2024-12-01,0.013305392433761935,sha256:bd942a7bcbe33ba673b7fdec9b2ff2b747cb0d530af4522e5d003d78fb3f640b,2025-01-01,St.Andrew-Windfields (40),-79.39807496057622,43.75295000125709,0,0,0
Basis Ridge (tuned),2024-12-01,0.013305392433761935,sha256:bd942a7bcbe33ba673b7fdec9b2ff2b747cb0d530af4522e5d003d78fb3f640b,2025-01-01,Steeles (116),-79.32254019689177,43.815065444286134,0,0,0
Basis Ridge (tuned),2024-12-01,0.013305392433761935,sha256:bd942a7bcbe33ba673b7fdec9b2ff2b747cb0d530af4522e5d003d78fb3f640b,2025-01-01,Stonegate-Queensway (16),-79.50687874894817,43.63678476785418,0,0,0
Basis Ridge (tuned),2024-12-01,0.013305392433761935,sha256:bd942a7bcbe33ba673b7fdec9b2ff2b747cb0d530af4522e5d003d78fb3f640b,2025-01-01,Tam O'Shanter-Sullivan (118),-79.29346258821549,43.78211963627784,1,0,1
Basis Ridge (tuned),2024-12-01,0.013305392433761935,sha256:bd942a7bcbe33ba673b7fdec9b2ff2b747cb0d530af4522e5d003d78fb3f640b,2025-01-01,Taylor-Massey (61),-79.29495186057909,43.692458919227406,0,0,0
Basis Ridge (tuned),2024-12-01,0.013305392433761935,sha256:bd942a7bcbe33ba673b7fdec9b2ff2b747cb0d530af4522e5d003d78fb3f640b,2025-01-01,The Beaches (63),-79.30297553719052,43.66875560841342,0,0.6853372600176374,-0.6853372600176374
Basis Ridge (tuned),2024-12-01,0.013305392433761935,sha256:bd942a7bcbe33ba673b7fdec9b2ff2b747cb0d530af4522e5d003d78fb3f640b,2025-01-01,Thistletown-Beaumond Heights (3),-79.5659329290065,43.73754827301803,0,0,0
Basis Ridge (tuned),2024-12-01,0.013305392433761935,sha256:bd942a7bcbe33ba673b7fdec9b2ff2b747cb0d530af4522e5d003d78fb3f640b,2025-01-01,Thorncliffe Park (55),-79.35448121100222,43.71036836631147,0,0,0
Basis Ridge (tuned),2024-12-01,0.013305392433761935,sha256:bd942a7bcbe33ba673b7fdec9b2ff2b747cb0d530af4522e5d003d78fb3f640b,2025-01-01,Trinity-Bellwoods (81),-79.41373927922925,43.65087049509186,0,1.3707570995798006,-1.3707570995798006
Basis Ridge (tuned),2024-12-01,0.013305392433761935,sha256:bd942a7bcbe33ba673b7fdec9b2ff2b747cb0d530af4522e5d003d78fb3f640b,2025-01-01,University (79),-79.39982104056267,43.66254295263539,2,2.7408192186814286,-0.7408192186814286
Basis Ridge (tuned),2024-12-01,0.013305392433761935,sha256:bd942a7bcbe33ba673b7fdec9b2ff2b747cb0d530af4522e5d003d78fb3f640b,2025-01-01,Victoria Village (43),-79.3128138518101,43.72684844443762,0,0,0
Basis Ridge (tuned),2024-12-01,0.013305392433761935,sha256:bd942a7bcbe33ba673b7fdec9b2ff2b747cb0d530af4522e5d003d78fb3f640b,2025-01-01,Waterfront Communities-The Island (77),-79.38919773860151,43.64473008383375,7,11.682839240482386,-4.6828392404823855
Basis Ridge (tuned),2024-12-01,0.013305392433761935,sha256:bd942a7bcbe33ba673b7fdec9b2ff2b747cb0d530af4522e5d003d78fb3f640b,2025-01-01,West Hill (136),-79.18284860837016,43.76769079627477,0,0.05306989128234621,-0.05306989128234621
Basis Ridge (tuned),2024-12-01,0.013305392433761935,sha256:bd942a7bcbe33ba673b7fdec9b2ff2b747cb0d530af4522e5d003d78fb3f640b,2025-01-01,West Humber-Clairville (1),-79.60420741329722,43.73006355433667,0,0,0
Basis Ridge (tuned),2024-12-01,0.013305392433761935,sha256:bd942a7bcbe33ba673b7fdec9b2ff2b747cb0d530af4522e5d003d78fb3f640b,2025-01-01,Westminster-Branson (35),-79.44807552904417,43.781743102812335,0,0,0
Basis Ridge (tuned),2024-12-01,0.013305392433761935,sha256:bd942a7bcbe33ba673b7fdec9b2ff2b747cb0d530af4522e5d003d78fb3f640b,2025-01-01,Weston (113),-79.5165855480493,43.702833758307314,0,0,0
Basis Ridge (tuned),2024-12-01,0.013305392433761935,sha256:bd942a7bcbe33ba673b7fdec9b2ff2b747cb0d530af4522e5d003d78fb3f640b,2025-01-01,Weston-Pelham Park (91),-79.45875842314518,43.67071482937652,0,0,0
Basis Ridge (tuned),2024-12-01,0.013305392433761935,sha256:bd942a7bcbe33ba673b7fdec9b2ff2b747cb0d530af4522e5d003d78fb3f640b,2025-01-01,Wexford/Maryvale (119),-79.30050366891615,43.74264083383781,1,0,1
Basis Ridge (tuned),2024-12-01,0.013305392433761935,sha256:bd942a7bcbe33ba673b7fdec9b2ff2b747cb0d530af4522e5d003d78fb3f640b,2025-01-01,Willowdale East (51),-79.410074781475,43.76524478810602,0,0.8752160240602287,-0.8752160240602287
Basis Ridge (tuned),2024-12-01,0.013305392433761935,sha256:bd942a7bcbe33ba673b7fdec9b2ff2b747cb0d530af4522e5d003d78fb3f640b,2025-01-01,Willowdale West (37),-79.41563035776022,43.77061463226557,0,0.1258299576207544,-0.1258299576207544
Basis Ridge (tuned),2024-12-01,0.013305392433761935,sha256:bd942a7bcbe33ba673b7fdec9b2ff2b747cb0d530af4522e5d003d78fb3f640b,2025-01-01,Willowridge-Martingrove-Richview (7),-79.55960317676033,43.68486812894035,0,0,0
Basis Ridge (tuned),2024-12-01,0.013305392433761935,sha256:bd942a7bcbe33ba673b7fdec9b2ff2b747cb0d530af4522e5d003d78fb3f640b,2025-01-01,Woburn (137),-79.22656387770975,43.76289989874722,0,0,0
Basis Ridge (tuned),2024-12-01,0.013305392433761935,sha256:bd942a7bcbe33ba673b7fdec9b2ff2b747cb0d530af4522e5d003d78fb3f640b,2025-01-01,Woodbine Corridor (64),-79.31407054230695,43.67581440173363,0,0.16271156510093598,-0.16271156510093598
Basis Ridge (tuned),2024-12-01,0.013305392433761935,sha256:bd942a7bcbe33ba673b7fdec9b2ff2b747cb0d530af4522e5d003d78fb3f640b,2025-01-01,Woodbine-Lumsden (60),-79.31039264658962,43.69145821847367,0,0,0
Basis Ridge (tuned),2024-12-01,0.013305392433761935,sha256:bd942a7bcbe33ba673b7fdec9b2ff2b747cb0d530af4522e5d003d78fb3f640b,2025-01-01,Wychwood (94),-79.42710542937913,43.6784532168336,2,0.1979896794295849,1.8020103205704152
Basis Ridge (tuned),2024-12-01,0.013305392433761935,sha256:bd942a7bcbe33ba673b7fdec9b2ff2b747cb0d530af4522e5d003d78fb3f640b,2025-01-01,Yonge-Eglinton (100),-79.40102373824469,43.70674080495774,0,0.21332143252084562,-0.21332143252084562
Basis Ridge (tuned),2024-12-01,0.013305392433761935,sha256:bd942a7bcbe33ba673b7fdec9b2ff2b747cb0d530af4522e5d003d78fb3f640b,2025-01-01,Yonge-St.Clair (97),-79.39834065134646,43.689263791751046,0,0.11777746067417791,-0.11777746067417791
Basis Ridge (tuned),2024-12-01,0.013305392433761935,sha256:bd942a7bcbe33ba673b7fdec9b2ff2b747cb0d530af4522e5d003d78fb3f640b,2025-01-01,York University Heights (27),-79.49891755560928,43.76657476817609,1,0.461996015516268,0.538003984483732
Basis Ridge (tuned),2024-12-01,0.013305392433761935,sha256:bd942a7bcbe33ba673b7fdec9b2ff2b747cb0d530af4522e5d003d78fb3f640b,2025-01-01,Yorkdale-Glen Park (31),-79.45130621630454,43.714348256200424,0,0.15029273861570663,-0.15029273861570663
Basis Ridge (tuned),2024-12-01,0.013305392433761935,sha256:bd942a7bcbe33ba673b7fdec9b2ff2b747cb0d530af4522e5d003d78fb3f640b,2025-02-01,Agincourt North (129),-79.26928393506104,43.810980375100264,0,0,0
Basis Ridge (tuned),2024-12-01,0.013305392433761935,sha256:bd942a7bcbe33ba673b7fdec9b2ff2b747cb0d530af4522e5d003d78fb3f640b,2025-02-01,Agincourt South-Malvern West (128),-79.28002861084076,43.7889253690791,0,0,0
Basis Ridge (tuned),2024-12-01,0.013305392433761935,sha256:bd942a7bcbe33ba673b7fdec9b2ff2b747cb0d530af4522e5d003d78fb3f640b,2025-02-01,Alderwood (20),-79.54538918515296,43.6065751977772,0,0,0
Basis Ridge (tuned),2024-12-01,0.013305392433761935,sha256:bd942a7bcbe33ba673b7fdec9b2ff2b747cb0d530af4522e5d003d78fb3f640b,2025-02-01,Annex (95),-79.40380913861458,43.670104609767606,0,3.9458957270522004,-3.9458957270522004
Basis Ridge (tuned),2024-12-01,0.013305392433761935,sha256:bd942a7bcbe33ba673b7fdec9b2ff2b747cb0d530af4522e5d003d78fb3f640b,2025-02-01,Banbury-Don Mills (42),-79.3409210158811,43.73511850435992,0,0,0
Basis Ridge (tuned),2024-12-01,0.013305392433761935,sha256:bd942a7bcbe33ba673b7fdec9b2ff2b747cb0d530af4522e5d003d78fb3f640b,2025-02-01,Bathurst Manor (34),-79.45175843487672,43.75609728872373,0,0,0
Basis Ridge (tuned),2024-12-01,0.013305392433761935,sha256:bd942a7bcbe33ba673b7fdec9b2ff2b747cb0d530af4522e5d003d78fb3f640b,2025-02-01,Bay Street Corridor (76),-79.38436854475557,43.65730879641258,0,9.496804877112863,-9.496804877112863
Basis Ridge (tuned),2024-12-01,0.013305392433761935,sha256:bd942a7bcbe33ba673b7fdec9b2ff2b747cb0d530af4522e5d003d78fb3f640b,2025-02-01,Bayview Village (52),-79.38403601743099,43.769051789694494,0,0.0471999658122658,-0.0471999658122658
Basis Ridge (tuned),2024-12-01,0.013305392433761935,sha256:bd942a7bcbe33ba673b7fdec9b2ff2b747cb0d530af4522e5d003d78fb3f640b,2025-02-01,Bayview Woods-Steeles (49),-79.3743681512798,43.797822785562154,1,0,1
Basis Ridge (tuned),2024-12-01,0.013305392433761935,sha256:bd942a7bcbe33ba673b7fdec9b2ff2b747cb0d530af4522e5d003d78fb3f640b,2025-02-01,Bedford Park-Nortown (39),-79.42125788351791,43.72757981721193,0,0,0
Basis Ridge (tuned),2024-12-01,0.013305392433761935,sha256:bd942a7bcbe33ba673b7fdec9b2ff2b747cb0d530af4522e5d003d78fb3f640b,2025-02-01,Beechborough-Greenbrook (112),-79.4744663865561,43.691508083029944,0,0,0
Basis Ridge (tuned),2024-12-01,0.013305392433761935,sha256:bd942a7bcbe33ba673b7fdec9b2ff2b747cb0d530af4522e5d003d78fb3f640b,2025-02-01,Bendale (127),-79.26046315357324,43.76293076745831,0,0,0
Basis Ridge (tuned),2024-12-01,0.013305392433761935,sha256:bd942a7bcbe33ba673b7fdec9b2ff2b747cb0d530af4522e5d003d78fb3f640b,2025-02-01,Birchcliffe-Cliffside (122),-79.27062357025366,43.69131003372983,0,0,0
Basis Ridge (tuned),2024-12-01,0.013305392433761935,sha256:bd942a7bcbe33ba673b7fdec9b2ff2b747cb0d530af4522e5d003d78fb3f640b,2025-02-01,Black Creek (24),-79.51869671361172,43.76523138519309,0,0,0
Basis Ridge (tuned),2024-12-01,0.013305392433761935,sha256:bd942a7bcbe33ba673b7fdec9b2ff2b747cb0d530af4522e5d003d78fb3f640b,2025-02-01,Blake-Jones (69),-79.3394451105104,43.67664416992363,0,0.02178316821405235,-0.02178316821405235
Basis Ridge (tuned),2024-12-01,0.013305392433761935,sha256:bd942a7bcbe33ba673b7fdec9b2ff2b747cb0d530af4522e5d003d78fb3f640b,2025-02-01,Briar Hill-Belgravia (108),-79.445578280552,43.699313061287725,0,0,0
Basis Ridge (tuned),2024-12-01,0.013305392433761935,sha256:bd942a7bcbe33ba673b7fdec9b2ff2b747cb0d530af4522e5d003d78fb3f640b,2025-02-01,Bridle Path-Sunnybrook-York Mills (41),-79.38366396163413,43.72516179918022,0,0,0
Basis Ridge (tuned),2024-12-01,0.013305392433761935,sha256:bd942a7bcbe33ba673b7fdec9b2ff2b747cb0d530af4522e5d003d78fb3f640b,2025-02-01,Broadview North (57),-79.35364911130229,43.683932870884654,0,0,0
Basis Ridge (tuned),2024-12-01,0.013305392433761935,sha256:bd942a7bcbe33ba673b7fdec9b2ff2b747cb0d530af4522e5d003d78fb3f640b,2025-02-01,Brookhaven-Amesbury (30),-79.49015206607174,43.69942696476651,0,0,0
Basis Ridge (tuned),2024-12-01,0.013305392433761935,sha256:bd942a7bcbe33ba673b7fdec9b2ff2b747cb0d530af4522e5d003d78fb3f640b,2025-02-01,Cabbagetown-South St.James Town (71),-79.36975340775743,43.66521290431659,0,1.3865957130888402,-1.3865957130888402
Basis Ridge (tuned),2024-12-01,0.013305392433761935,sha256:bd942a7bcbe33ba673b7fdec9b2ff2b747cb0d530af4522e5d003d78fb3f640b,2025-02-01,Caledonia-Fairbank (109),-79.4517849962554,43.690036179158305,0,0,0
Basis Ridge (tuned),2024-12-01,0.013305392433761935,sha256:bd942a7bcbe33ba673b7fdec9b2ff2b747cb0d530af4522e5d003d78fb3f640b,2025-02-01,Casa Loma (96),-79.40864864037756,43.67955392863041,0,0.05969774211403937,-0.05969774211403937
Basis Ridge (tuned),2024-12-01,0.013305392433761935,sha256:bd942a7bcbe33ba673b7fdec9b2ff2b747cb0d530af4522e5d003d78fb3f640b,2025-02-01,Centennial Scarborough (133),-79.15053423026679,43.780757885389185,0,0,0
Basis Ridge (tuned),2024-12-01,0.013305392433761935,sha256:bd942a7bcbe33ba673b7fdec9b2ff2b747cb0d530af4522e5d003d78fb3f640b,2025-02-01,Church-Yonge Corridor (75),-79.37956284727365,43.66018909929288,1,8.979293689215348,-7.979293689215348
Basis Ridge (tuned),2024-12-01,0.013305392433761935,sha256:bd942a7bcbe33ba673b7fdec9b2ff2b747cb0d530af4522e5d003d78fb3f640b,2025-02-01,Clairlea-Birchmount (120),-79.28672506823307,43.709414591668256,0,0,0
Basis Ridge (tuned),2024-12-01,0.013305392433761935,sha256:bd942a7bcbe33ba673b7fdec9b2ff2b747cb0d530af4522e5d003d78fb3f640b,2025-02-01,Clanton Park (33),-79.44643447690169,43.74149776462126,0,0,0
Basis Ridge (tuned),2024-12-01,0.013305392433761935,sha256:bd942a7bcbe33ba673b7fdec9b2ff2b747cb0d530af4522e5d003d78fb3f640b,2025-02-01,Cliffcrest (123),-79.23329029919245,43.72191819765982,0,0,0
Basis Ridge (tuned),2024-12-01,0.013305392433761935,sha256:bd942a7bcbe33ba673b7fdec9b2ff2b747cb0d530af4522e5d003d78fb3f640b,2025-02-01,Corso Italia-Davenport (92),-79.4427553703874,43.67658111935704,0,0,0
Basis Ridge (tuned),2024-12-01,0.013305392433761935,sha256:bd942a7bcbe33ba673b7fdec9b2ff2b747cb0d530af4522e5d003d78fb3f640b,2025-02-01,Danforth (66),-79.33065782618279,43.682847803276616,0,0.30836405781948806,-0.30836405781948806
Basis Ridge (tuned),2024-12-01,0.013305392433761935,sha256:bd942a7bcbe33ba673b7fdec9b2ff2b747cb0d530af4522e5d003d78fb3f640b,2025-02-01,Danforth East York (59),-79.3313092800722,43.69082681262244,0,0,0
Basis Ridge (tuned),2024-12-01,0.013305392433761935,sha256:bd942a7bcbe33ba673b7fdec9b2ff2b747cb0d530af4522e5d003d78fb3f640b,2025-02-01,Don Valley Village (47),-79.35240298959988,43.77988611135725,0,0,0
Basis Ridge (tuned),2024-12-01,0.013305392433761935,sha256:bd942a7bcbe33ba673b7fdec9b2ff2b747cb0d530af4522e5d003d78fb3f640b,2025-02-01,Dorset Park (126),-79.28077525994308,43.75528945083431,0,0,0
Basis Ridge (tuned),2024-12-01,0.013305392433761935,sha256:bd942a7bcbe33ba673b7fdec9b2ff2b747cb0d530af4522e5d003d78fb3f640b,2025-02-01,Dovercourt-Wallace Emerson-Junction (93),-79.43778332382438,43.66463002065643,5,2.527414507727295,2.472585492272705
Basis Ridge (tuned),2024-12-01,0.013305392433761935,sha256:bd942a7bcbe33ba673b7fdec9b2ff2b747cb0d530af4522e5d003d78fb3f640b,2025-02-01,Downsview-Roding-CFB (26),-79.4835940990325,43.727986861303435,0,0.053404608352050666,-0.053404608352050666
Basis Ridge (tuned),2024-12-01,0.013305392433761935,sha256:bd942a7bcbe33ba673b7fdec9b2ff2b747cb0d530af4522e5d003d78fb3f640b,2025-02-01,Dufferin Grove (83),-79.4370618209781,43.65521640563446,0,0.8880380543911256,-0.8880380543911256
Basis Ridge (tuned),2024-12-01,0.013305392433761935,sha256:bd942a7bcbe33ba673b7fdec9b2ff2b747cb0d530af4522e5d003d78fb3f640b,2025-02-01,East End-Danforth (62),-79.30055625233094,43.68572312555001,0,0.8999072394643232,-0.8999072394643232
Basis Ridge (tuned),2024-12-01,0.013305392433761935,sha256:bd942a7bcbe33ba673b7fdec9b2ff2b747cb0d530af4522e5d003d78fb3f640b,2025-02-01,Edenbridge-Humber Valley (9),-79.52023309003076,43.66557816852869,0,0,0
Basis Ridge (tuned),2024-12-01,0.013305392433761935,sha256:bd942a7bcbe33ba673b7fdec9b2ff2b747cb0d530af4522e5d003d78fb3f640b,2025-02-01,Eglinton East (138),-79.24473615792672,43.73991827916189,0,0,0
Basis Ridge (tuned),2024-12-01,0.013305392433761935,sha256:bd942a7bcbe33ba673b7fdec9b2ff2b747cb0d530af4522e5d003d78fb3f640b,2025-02-01,Elms-Old Rexdale (5),-79.55208772185198,43.71927285915033,0,0,0
Basis Ridge (tuned),2024-12-01,0.013305392433761935,sha256:bd942a7bcbe33ba673b7fdec9b2ff2b747cb0d530af4522e5d003d78fb3f640b,2025-02-01,Englemount-Lawrence (32),-79.43712596977969,43.7204676607881,0,0,0
Basis Ridge (tuned),2024-12-01,0.013305392433761935,sha256:bd942a7bcbe33ba673b7fdec9b2ff2b747cb0d530af4522e5d003d78fb3f640b,2025-02-01,Eringate-Centennial-West Deane (11),-79.57787073233334,43.65860025717794,0,0,0
Basis Ridge (tuned),2024-12-01,0.013305392433761935,sha256:bd942a7bcbe33ba673b7fdec9b2ff2b747cb0d530af4522e5d003d78fb3f640b,2025-02-01,Etobicoke West Mall (13),-79.5678030787646,43.64190931147644,0,0,0
Basis Ridge (tuned),2024-12-01,0.013305392433761935,sha256:bd942a7bcbe33ba673b7fdec9b2ff2b747cb0d530af4522e5d003d78fb3f640b,2025-02-01,Flemingdon Park (44),-79.33198682919883,43.71530756444098,0,0,0
Basis Ridge (tuned),2024-12-01,0.013305392433761935,sha256:bd942a7bcbe33ba673b7fdec9b2ff2b747cb0d530af4522e5d003d78fb3f640b,2025-02-01,Forest Hill North (102),-79.43346069412912,43.70194436532484,0,0,0
Basis Ridge (tuned),2024-12-01,0.013305392433761935,sha256:bd942a7bcbe33ba673b7fdec9b2ff2b747cb0d530af4522e5d003d78fb3f640b,2025-02-01,Forest Hill South (101),-79.41299883590433,43.6890600119443,0,0,0
Basis Ridge (tuned),2024-12-01,0.013305392433761935,sha256:bd942a7bcbe33ba673b7fdec9b2ff2b747cb0d530af4522e5d003d78fb3f640b,2025-02-01,Glenfield-Jane Heights (25),-79.50908241975385,43.74806287596809,0,0,0
Basis Ridge (tuned),2024-12-01,0.013305392433761935,sha256:bd942a7bcbe33ba673b7fdec9b2ff2b747cb0d530af4522e5d003d78fb3f640b,2025-02-01,Greenwood-Coxwell (65),-79.32392461588157,43.67182578504262,0,0.5433922319106145,-0.5433922319106145
Basis Ridge (tuned),2024-12-01,0.013305392433761935,sha256:bd942a7bcbe33ba673b7fdec9b2ff2b747cb0d530af4522e5d003d78fb3f640b,2025-02-01,Guildwood (140),-79.1987335919193,43.747914590059,0,0,0
Basis Ridge (tuned),2024-12-01,0.013305392433761935,sha256:bd942a7bcbe33ba673b7fdec9b2ff2b747cb0d530af4522e5d003d78fb3f640b,2025-02-01,Henry Farm (53),-79.34642185767248,43.76957681680956,0,0,0
Basis Ridge (tuned),2024-12-01,0.013305392433761935,sha256:bd942a7bcbe33ba673b7fdec9b2ff2b747cb0d530af4522e5d003d78fb3f640b,2025-02-01,High Park North (88),-79.4652298180643,43.65722103912335,2,1.1346573226124286,0.8653426773875714
Basis Ridge (tuned),2024-12-01,0.013305392433761935,sha256:bd942a7bcbe33ba673b7fdec9b2ff2b747cb0d530af4522e5d003d78fb3f640b,2025-02-01,High Park-Swansea (87),-79.4648159122912,43.64453199862067,2,0.4348796780746628,1.5651203219253371
Basis Ridge (tuned),2024-12-01,0.013305392433761935,sha256:bd942a7bcbe33ba673b7fdec9b2ff2b747cb0d530af4522e5d003d78fb3f640b,2025-02-01,Highland Creek (134),-79.18452149622338,43.786273991320705,0,0,0
Basis Ridge (tuned),2024-12-01,0.013305392433761935,sha256:bd942a7bcbe33ba673b7fdec9b2ff2b747cb0d530af4522e5d003d78fb3f640b,2025-02-01,Hillcrest Village (48),-79.35806283641195,43.79960270136573,0,0,0
Basis Ridge (tuned),2024-12-01,0.013305392433761935,sha256:bd942a7bcbe33ba673b7fdec9b2ff2b747cb0d530af4522e5d003d78fb3f640b,2025-02-01,Humber Heights-Westmount (8),-79.51864457298561,43.69564007439048,0,0,0
Basis Ridge (tuned),2024-12-01,0.013305392433761935,sha256:bd942a7bcbe33ba673b7fdec9b2ff2b747cb0d530af4522e5d003d78fb3f640b,2025-02-01,Humber Summit (21),-79.56057763521508,43.75362439798188,0,0,0
Basis Ridge (tuned),2024-12-01,0.013305392433761935,sha256:bd942a7bcbe33ba673b7fdec9b2ff2b747cb0d530af4522e5d003d78fb3f640b,2025-02-01,Humbermede (22),-79.54521679307662,43.74787608113298,0,0,0
Basis Ridge (tuned),2024-12-01,0.013305392433761935,sha256:bd942a7bcbe33ba673b7fdec9b2ff2b747cb0d530af4522e5d003d78fb3f640b,2025-02-01,Humewood-Cedarvale (106),-79.42603840921164,43.68908389632168,0,0.2201891338752996,-0.2201891338752996
Basis Ridge (tuned),2024-12-01,0.013305392433761935,sha256:bd942a7bcbe33ba673b7fdec9b2ff2b747cb0d530af4522e5d003d78fb3f640b,2025-02-01,Ionview (125),-79.2682783103958,43.73299077700163,0,0,0
Basis Ridge (tuned),2024-12-01,0.013305392433761935,sha256:bd942a7bcbe33ba673b7fdec9b2ff2b747cb0d530af4522e5d003d78fb3f640b,2025-02-01,Islington-City Centre West (14),-79.53678079261083,43.641361915813675,3,0.3604128448660406,2.6395871551339596
Basis Ridge (tuned),2024-12-01,0.013305392433761935,sha256:bd942a7bcbe33ba673b7fdec9b2ff2b747cb0d530af4522e5d003d78fb3f640b,2025-02-01,Junction Area (90),-79.46892477498491,43.6655394100211,1,0.28579224922895125,0.7142077507710487
Basis Ridge (tuned),2024-12-01,0.013305392433761935,sha256:bd942a7bcbe33ba673b7fdec9b2ff2b747cb0d530af4522e5d003d78fb3f640b,2025-02-01,Keelesdale-Eglinton West (110),-79.47055790633043,43.68391780141048,0,0,0
Basis Ridge (tuned),2024-12-01,0.013305392433761935,sha256:bd942a7bcbe33ba673b7fdec9b2ff2b747cb0d530af4522e5d003d78fb3f640b,2025-02-01,Kennedy Park (124),-79.25874986465229,43.728410786674374,0,0,0
Basis Ridge (tuned),2024-12-01,0.013305392433761935,sha256:bd942a7bcbe33ba673b7fdec9b2ff2b747cb0d530af4522e5d003d78fb3f640b,2025-02-01,Kensington-Chinatown (78),-79.3967980354919,43.65388049459246,2,3.8470064943894333,-1.8470064943894333
Basis Ridge (tuned),2024-12-01,0.013305392433761935,sha256:bd942a7bcbe33ba673b7fdec9b2ff2b747cb0d530af4522e5d003d78fb3f640b,2025-02-01,Kingsview Village-The Westway (6),-79.54911503533694,43.69584358136977,0,0,0
Basis Ridge (tuned),2024-12-01,0.013305392433761935,sha256:bd942a7bcbe33ba673b7fdec9b2ff2b747cb0d530af4522e5d003d78fb3f640b,2025-02-01,Kingsway South (15),-79.51086459422443,43.65032283055947,0,0,0
Basis Ridge (tuned),2024-12-01,0.013305392433761935,sha256:bd942a7bcbe33ba673b7fdec9b2ff2b747cb0d530af4522e5d003d78fb3f640b,2025-02-01,L'Amoreaux (117),-79.3201008921114,43.79636378659849,0,0,0
Basis Ridge (tuned),2024-12-01,0.013305392433761935,sha256:bd942a7bcbe33ba673b7fdec9b2ff2b747cb0d530af4522e5d003d78fb3f640b,2025-02-01,Lambton Baby Point (114),-79.49452130561747,43.65593529844182,0,0,0
Basis Ridge (tuned),2024-12-01,0.013305392433761935,sha256:bd942a7bcbe33ba673b7fdec9b2ff2b747cb0d530af4522e5d003d78fb3f640b,2025-02-01,Lansing-Westgate (38),-79.41222964417364,43.761840287387486,1,0,1
Basis Ridge (tuned),2024-12-01,0.013305392433761935,sha256:bd942a7bcbe33ba673b7fdec9b2ff2b747cb0d530af4522e5d003d78fb3f640b,2025-02-01,Lawrence Park North (105),-79.40643053379212,43.72768097403552,0,0,0
Basis Ridge (tuned),2024-12-01,0.013305392433761935,sha256:bd942a7bcbe33ba673b7fdec9b2ff2b747cb0d530af4522e5d003d78fb3f640b,2025-02-01,Lawrence Park South (103),-79.41020212544387,43.72248127246825,0,0,0
Basis Ridge (tuned),2024-12-01,0.013305392433761935,sha256:bd942a7bcbe33ba673b7fdec9b2ff2b747cb0d530af4522e5d003d78fb3f640b,2025-02-01,Leaside-Bennington (56),-79.36756549485442,43.70630335329757,0,0.23715888734961701,-0.23715888734961701
Basis Ridge (tuned),2024-12-01,0.013305392433761935,sha256:bd942a7bcbe33ba673b7fdec9b2ff2b747cb0d530af4522e5d003d78fb3f640b,2025-02-01,Little Portugal (84),-79.42637552454019,43.64409148964972,2,1.0433626677552605,0.9566373322447395
Basis Ridge (tuned),2024-12-01,0.013305392433761935,sha256:bd942a7bcbe33ba673b7fdec9b2ff2b747cb0d530af4522e5d003d78fb3f640b,2025-02-01,Long Branch (19),-79.53237502113143,43.591006620404656,0,0.010402249500949921,-0.010402249500949921
Basis Ridge (tuned),2024-12-01,0.013305392433761935,sha256:bd942a7bcbe33ba673b7fdec9b2ff2b747cb0d530af4522e5d003d78fb3f640b,2025-02-01,Malvern (132),-79.22095167470565,43.80455499438271,0,0,0
Basis Ridge (tuned),2024-12-01,0.013305392433761935,sha256:bd942a7bcbe33ba673b7fdec9b2ff2b747cb0d530af4522e5d003d78fb3f640b,2025-02-01,Maple Leaf (29),-79.4843756407544,43.718225646439535,0,0,0
Basis Ridge (tuned),2024-12-01,0.013305392433761935,sha256:bd942a7bcbe33ba673b7fdec9b2ff2b747cb0d530af4522e5d003d78fb3f640b,2025-02-01,Markland Wood (12),-79.57650734129277,43.633689780366026,0,0,0
Basis Ridge (tuned),2024-12-01,0.013305392433761935,sha256:bd942a7bcbe33ba673b7fdec9b2ff2b747cb0d530af4522e5d003d78fb3f640b,2025-02-01,Milliken (130),-79.28878321264463,43.82084812422136,0,0,0
Basis Ridge (tuned),2024-12-01,0.013305392433761935,sha256:bd942a7bcbe33ba673b7fdec9b2ff2b747cb0d530af4522e5d003d78fb3f640b,2025-02-01,Mimico (includes Humber Bay Shores) (17),-79.48568571369577,43.62094188018773,0,1.0930578468624146,-1.0930578468624146
Basis Ridge (tuned),2024-12-01,0.013305392433761935,sha256:bd942a7bcbe33ba673b7fdec9b2ff2b747cb0d530af4522e5d003d78fb3f640b,2025-02-01,Morningside (135),-79.20335964084892,43.78544794442794,0,0,0
Basis Ridge (tuned),2024-12-01,0.013305392433761935,sha256:bd942a7bcbe33ba673b7fdec9b2ff2b747cb0d530af4522e5d003d78fb3f640b,2025-02-01,Moss Park (73),-79.36913295325593,43.65425609335975,3,3.480099623745412,-0.4800996237454118
Basis Ridge (tuned),2024-12-01,0.013305392433761935,sha256:bd942a7bcbe33ba673b7fdec9b2ff2b747cb0d530af4522e5d003d78fb3f640b,2025-02-01,Mount Dennis (115),-79.48946593742998,43.68565859464735,0,0,0
Basis Ridge (tuned),2024-12-01,0.013305392433761935,sha256:bd942a7bcbe33ba673b7fdec9b2ff2b747cb0d530af4522e5d003d78fb3f640b,2025-02-01,Mount Olive-Silverstone-Jamestown (2),-79.58577617904946,43.74325917379369,0,0,0
Basis Ridge (tuned),2024-12-01,0.013305392433761935,sha256:bd942a7bcbe33ba673b7fdec9b2ff2b747cb0d530af4522e5d003d78fb3f640b,2025-02-01,Mount Pleasant East (99),-79.38525136980005,43.70699758566823,0,0.14375554933074172,-0.14375554933074172
Basis Ridge (tuned),2024-12-01,0.013305392433761935,sha256:bd942a7bcbe33ba673b7fdec9b2ff2b747cb0d530af4522e5d003d78fb3f640b,2025-02-01,Mount Pleasant West (104),-79.39441924813381,43.705281018271585,1,1.2587777471358956,-0.25877774713589563
Basis Ridge (tuned),2024-12-01,0.013305392433761935,sha256:bd942a7bcbe33ba673b7fdec9b2ff2b747cb0d530af4522e5d003d78fb3f640b,2025-02-01,NSA,NA,NA,0,0.5054462664747489,-0.5054462664747489
Basis Ridge (tuned),2024-12-01,0.013305392433761935,sha256:bd942a7bcbe33ba673b7fdec9b2ff2b747cb0d530af4522e5d003d78fb3f640b,2025-02-01,New Toronto (18),-79.50819536860408,43.60067938873378,0,0,0
Basis Ridge (tuned),2024-12-01,0.013305392433761935,sha256:bd942a7bcbe33ba673b7fdec9b2ff2b747cb0d530af4522e5d003d78fb3f640b,2025-02-01,Newtonbrook East (50),-79.4155662486542,43.782773804672864,0,0,0
Basis Ridge (tuned),2024-12-01,0.013305392433761935,sha256:bd942a7bcbe33ba673b7fdec9b2ff2b747cb0d530af4522e5d003d78fb3f640b,2025-02-01,Newtonbrook West (36),-79.42082573006313,43.78444945871987,1,0.1942932135619039,0.8057067864380961
Basis Ridge (tuned),2024-12-01,0.013305392433761935,sha256:bd942a7bcbe33ba673b7fdec9b2ff2b747cb0d530af4522e5d003d78fb3f640b,2025-02-01,Niagara (82),-79.40825413058062,43.639170480800686,1,3.943681985351128,-2.943681985351128
Basis Ridge (tuned),2024-12-01,0.013305392433761935,sha256:bd942a7bcbe33ba673b7fdec9b2ff2b747cb0d530af4522e5d003d78fb3f640b,2025-02-01,North Riverdale (68),-79.34942497640164,43.67320424441098,0,0.43408218498608436,-0.43408218498608436
Basis Ridge (tuned),2024-12-01,0.013305392433761935,sha256:bd942a7bcbe33ba673b7fdec9b2ff2b747cb0d530af4522e5d003d78fb3f640b,2025-02-01,North St.James Town (74),-79.37622315570079,43.66924040879271,0,1.1570751859903652,-1.1570751859903652
Basis Ridge (tuned),2024-12-01,0.013305392433761935,sha256:bd942a7bcbe33ba673b7fdec9b2ff2b747cb0d530af4522e5d003d78fb3f640b,2025-02-01,O'Connor-Parkview (54),-79.30295705711893,43.707394189060395,0,0,0
Basis Ridge (tuned),2024-12-01,0.013305392433761935,sha256:bd942a7bcbe33ba673b7fdec9b2ff2b747cb0d530af4522e5d003d78fb3f640b,2025-02-01,Oakridge (121),-79.28580476562132,43.69338422103418,1,0,1
Basis Ridge (tuned),2024-12-01,0.013305392433761935,sha256:bd942a7bcbe33ba673b7fdec9b2ff2b747cb0d530af4522e5d003d78fb3f640b,2025-02-01,Oakwood Village (107),-79.43992214652974,43.693163772618576,2,0,2
Basis Ridge (tuned),2024-12-01,0.013305392433761935,sha256:bd942a7bcbe33ba673b7fdec9b2ff2b747cb0d530af4522e5d003d78fb3f640b,2025-02-01,Old East York (58),-79.33971322725657,43.69468655917457,0,0,0
Basis Ridge (tuned),2024-12-01,0.013305392433761935,sha256:bd942a7bcbe33ba673b7fdec9b2ff2b747cb0d530af4522e5d003d78fb3f640b,2025-02-01,Palmerston-Little Italy (80),-79.41607073008583,43.65977590713319,0,1.2501130434238468,-1.2501130434238468
Basis Ridge (tuned),2024-12-01,0.013305392433761935,sha256:bd942a7bcbe33ba673b7fdec9b2ff2b747cb0d530af4522e5d003d78fb3f640b,2025-02-01,Parkwoods-Donalda (45),-79.32857716506125,43.75401452181123,0,0,0
Basis Ridge (tuned),2024-12-01,0.013305392433761935,sha256:bd942a7bcbe33ba673b7fdec9b2ff2b747cb0d530af4522e5d003d78fb3f640b,2025-02-01,Pelmo Park-Humberlea (23),-79.53452633259599,43.71053804014776,0,0,0
Basis Ridge (tuned),2024-12-01,0.013305392433761935,sha256:bd942a7bcbe33ba673b7fdec9b2ff2b747cb0d530af4522e5d003d78fb3f640b,2025-02-01,Playter Estates-Danforth (67),-79.35537498775473,43.678037843577414,0,0.16175025286528763,-0.16175025286528763
Basis Ridge (tuned),2024-12-01,0.013305392433761935,sha256:bd942a7bcbe33ba673b7fdec9b2ff2b747cb0d530af4522e5d003d78fb3f640b,2025-02-01,Pleasant View (46),-79.33169496448295,43.78880674789264,0,0,0
Basis Ridge (tuned),2024-12-01,0.013305392433761935,sha256:bd942a7bcbe33ba673b7fdec9b2ff2b747cb0d530af4522e5d003d78fb3f640b,2025-02-01,Princess-Rosethorn (10),-79.54278218831497,43.6664342839495,0,0,0
Basis Ridge (tuned),2024-12-01,0.013305392433761935,sha256:bd942a7bcbe33ba673b7fdec9b2ff2b747cb0d530af4522e5d003d78fb3f640b,2025-02-01,Regent Park (72),-79.36178286088128,43.65943439853815,0,0.6056342630526951,-0.6056342630526951
Basis Ridge (tuned),2024-12-01,0.013305392433761935,sha256:bd942a7bcbe33ba673b7fdec9b2ff2b747cb0d530af4522e5d003d78fb3f640b,2025-02-01,Rexdale-Kipling (4),-79.56943957685264,43.726549256380395,0,0,0
Basis Ridge (tuned),2024-12-01,0.013305392433761935,sha256:bd942a7bcbe33ba673b7fdec9b2ff2b747cb0d530af4522e5d003d78fb3f640b,2025-02-01,Rockcliffe-Smythe (111),-79.49193279998173,43.67234248080122,0,0,0
Basis Ridge (tuned),2024-12-01,0.013305392433761935,sha256:bd942a7bcbe33ba673b7fdec9b2ff2b747cb0d530af4522e5d003d78fb3f640b,2025-02-01,Roncesvalles (86),-79.44277811907274,43.64370439603947,0,0.8075144618506502,-0.8075144618506502
Basis Ridge (tuned),2024-12-01,0.013305392433761935,sha256:bd942a7bcbe33ba673b7fdec9b2ff2b747cb0d530af4522e5d003d78fb3f640b,2025-02-01,Rosedale-Moore Park (98),-79.38462305095243,43.67502671420579,0,1.5779678223655529,-1.5779678223655529
Basis Ridge (tuned),2024-12-01,0.013305392433761935,sha256:bd942a7bcbe33ba673b7fdec9b2ff2b747cb0d530af4522e5d003d78fb3f640b,2025-02-01,Rouge (131),-79.13309434834144,43.78938806538385,0,0,0
Basis Ridge (tuned),2024-12-01,0.013305392433761935,sha256:bd942a7bcbe33ba673b7fdec9b2ff2b747cb0d530af4522e5d003d78fb3f640b,2025-02-01,Runnymede-Bloor West Village (89),-79.48480851655415,43.65975616827931,0,0,0
Basis Ridge (tuned),2024-12-01,0.013305392433761935,sha256:bd942a7bcbe33ba673b7fdec9b2ff2b747cb0d530af4522e5d003d78fb3f640b,2025-02-01,Rustic (28),-79.50024894268427,43.70839284643953,0,0,0
Basis Ridge (tuned),2024-12-01,0.013305392433761935,sha256:bd942a7bcbe33ba673b7fdec9b2ff2b747cb0d530af4522e5d003d78fb3f640b,2025-02-01,Scarborough Village (139),-79.22121647737255,43.74178808353859,0,0,0
Basis Ridge (tuned),2024-12-01,0.013305392433761935,sha256:bd942a7bcbe33ba673b7fdec9b2ff2b747cb0d530af4522e5d003d78fb3f640b,2025-02-01,South Parkdale (85),-79.43087572304012,43.63836538756867,0,0.929485399762939,-0.929485399762939
Basis Ridge (tuned),2024-12-01,0.013305392433761935,sha256:bd942a7bcbe33ba673b7fdec9b2ff2b747cb0d530af4522e5d003d78fb3f640b,2025-02-01,South Riverdale (70),-79.34033408773206,43.66227352160024,0,2.7864308372483384,-2.7864308372483384
Basis Ridge (tuned),2024-12-01,0.013305392433761935,sha256:bd942a7bcbe33ba673b7fdec9b2ff2b747cb0d530af4522e5d003d78fb3f640b,2025-02-01,St.Andrew-Windfields (40),-79.39807496057622,43.75295000125709,0,0,0
Basis Ridge (tuned),2024-12-01,0.013305392433761935,sha256:bd942a7bcbe33ba673b7fdec9b2ff2b747cb0d530af4522e5d003d78fb3f640b,2025-02-01,Steeles (116),-79.32254019689177,43.815065444286134,0,0,0
Basis Ridge (tuned),2024-12-01,0.013305392433761935,sha256:bd942a7bcbe33ba673b7fdec9b2ff2b747cb0d530af4522e5d003d78fb3f640b,2025-02-01,Stonegate-Queensway (16),-79.50687874894817,43.63678476785418,0,0,0
Basis Ridge (tuned),2024-12-01,0.013305392433761935,sha256:bd942a7bcbe33ba673b7fdec9b2ff2b747cb0d530af4522e5d003d78fb3f640b,2025-02-01,Tam O'Shanter-Sullivan (118),-79.29346258821549,43.78211963627784,0,0,0
Basis Ridge (tuned),2024-12-01,0.013305392433761935,sha256:bd942a7bcbe33ba673b7fdec9b2ff2b747cb0d530af4522e5d003d78fb3f640b,2025-02-01,Taylor-Massey (61),-79.29495186057909,43.692458919227406,0,0,0
Basis Ridge (tuned),2024-12-01,0.013305392433761935,sha256:bd942a7bcbe33ba673b7fdec9b2ff2b747cb0d530af4522e5d003d78fb3f640b,2025-02-01,The Beaches (63),-79.30297553719052,43.66875560841342,0,0.6420482814345296,-0.6420482814345296
Basis Ridge (tuned),2024-12-01,0.013305392433761935,sha256:bd942a7bcbe33ba673b7fdec9b2ff2b747cb0d530af4522e5d003d78fb3f640b,2025-02-01,Thistletown-Beaumond Heights (3),-79.5659329290065,43.73754827301803,0,0,0
Basis Ridge (tuned),2024-12-01,0.013305392433761935,sha256:bd942a7bcbe33ba673b7fdec9b2ff2b747cb0d530af4522e5d003d78fb3f640b,2025-02-01,Thorncliffe Park (55),-79.35448121100222,43.71036836631147,0,0,0
Basis Ridge (tuned),2024-12-01,0.013305392433761935,sha256:bd942a7bcbe33ba673b7fdec9b2ff2b747cb0d530af4522e5d003d78fb3f640b,2025-02-01,Trinity-Bellwoods (81),-79.41373927922925,43.65087049509186,1,1.3098626686880355,-0.30986266868803547
Basis Ridge (tuned),2024-12-01,0.013305392433761935,sha256:bd942a7bcbe33ba673b7fdec9b2ff2b747cb0d530af4522e5d003d78fb3f640b,2025-02-01,University (79),-79.39982104056267,43.66254295263539,0,2.6447338553049122,-2.6447338553049122
Basis Ridge (tuned),2024-12-01,0.013305392433761935,sha256:bd942a7bcbe33ba673b7fdec9b2ff2b747cb0d530af4522e5d003d78fb3f640b,2025-02-01,Victoria Village (43),-79.3128138518101,43.72684844443762,0,0,0
Basis Ridge (tuned),2024-12-01,0.013305392433761935,sha256:bd942a7bcbe33ba673b7fdec9b2ff2b747cb0d530af4522e5d003d78fb3f640b,2025-02-01,Waterfront Communities-The Island (77),-79.38919773860151,43.64473008383375,4,11.357072303929579,-7.357072303929579
Basis Ridge (tuned),2024-12-01,0.013305392433761935,sha256:bd942a7bcbe33ba673b7fdec9b2ff2b747cb0d530af4522e5d003d78fb3f640b,2025-02-01,West Hill (136),-79.18284860837016,43.76769079627477,0,0.02602110938467431,-0.02602110938467431
Basis Ridge (tuned),2024-12-01,0.013305392433761935,sha256:bd942a7bcbe33ba673b7fdec9b2ff2b747cb0d530af4522e5d003d78fb3f640b,2025-02-01,West Humber-Clairville (1),-79.60420741329722,43.73006355433667,0,0,0
Basis Ridge (tuned),2024-12-01,0.013305392433761935,sha256:bd942a7bcbe33ba673b7fdec9b2ff2b747cb0d530af4522e5d003d78fb3f640b,2025-02-01,Westminster-Branson (35),-79.44807552904417,43.781743102812335,0,0,0
Basis Ridge (tuned),2024-12-01,0.013305392433761935,sha256:bd942a7bcbe33ba673b7fdec9b2ff2b747cb0d530af4522e5d003d78fb3f640b,2025-02-01,Weston (113),-79.5165855480493,43.702833758307314,0,0,0
Basis Ridge (tuned),2024-12-01,0.013305392433761935,sha256:bd942a7bcbe33ba673b7fdec9b2ff2b747cb0d530af4522e5d003d78fb3f640b,2025-02-01,Weston-Pelham Park (91),-79.45875842314518,43.67071482937652,0,0,0
Basis Ridge (tuned),2024-12-01,0.013305392433761935,sha256:bd942a7bcbe33ba673b7fdec9b2ff2b747cb0d530af4522e5d003d78fb3f640b,2025-02-01,Wexford/Maryvale (119),-79.30050366891615,43.74264083383781,0,0,0
Basis Ridge (tuned),2024-12-01,0.013305392433761935,sha256:bd942a7bcbe33ba673b7fdec9b2ff2b747cb0d530af4522e5d003d78fb3f640b,2025-02-01,Willowdale East (51),-79.410074781475,43.76524478810602,1,0.8270498864983059,0.1729501135016941
Basis Ridge (tuned),2024-12-01,0.013305392433761935,sha256:bd942a7bcbe33ba673b7fdec9b2ff2b747cb0d530af4522e5d003d78fb3f640b,2025-02-01,Willowdale West (37),-79.41563035776022,43.77061463226557,0,0.09691228631551307,-0.09691228631551307
Basis Ridge (tuned),2024-12-01,0.013305392433761935,sha256:bd942a7bcbe33ba673b7fdec9b2ff2b747cb0d530af4522e5d003d78fb3f640b,2025-02-01,Willowridge-Martingrove-Richview (7),-79.55960317676033,43.68486812894035,0,0,0
Basis Ridge (tuned),2024-12-01,0.013305392433761935,sha256:bd942a7bcbe33ba673b7fdec9b2ff2b747cb0d530af4522e5d003d78fb3f640b,2025-02-01,Woburn (137),-79.22656387770975,43.76289989874722,0,0,0
Basis Ridge (tuned),2024-12-01,0.013305392433761935,sha256:bd942a7bcbe33ba673b7fdec9b2ff2b747cb0d530af4522e5d003d78fb3f640b,2025-02-01,Woodbine Corridor (64),-79.31407054230695,43.67581440173363,0,0.13284656583102167,-0.13284656583102167
Basis Ridge (tuned),2024-12-01,0.013305392433761935,sha256:bd942a7bcbe33ba673b7fdec9b2ff2b747cb0d530af4522e5d003d78fb3f640b,2025-02-01,Woodbine-Lumsden (60),-79.31039264658962,43.69145821847367,0,0,0
Basis Ridge (tuned),2024-12-01,0.013305392433761935,sha256:bd942a7bcbe33ba673b7fdec9b2ff2b747cb0d530af4522e5d003d78fb3f640b,2025-02-01,Wychwood (94),-79.42710542937913,43.6784532168336,0,0.16721853895466968,-0.16721853895466968
Basis Ridge (tuned),2024-12-01,0.013305392433761935,sha256:bd942a7bcbe33ba673b7fdec9b2ff2b747cb0d530af4522e5d003d78fb3f640b,2025-02-01,Yonge-Eglinton (100),-79.40102373824469,43.70674080495774,0,0.18215648604225718,-0.18215648604225718
Basis Ridge (tuned),2024-12-01,0.013305392433761935,sha256:bd942a7bcbe33ba673b7fdec9b2ff2b747cb0d530af4522e5d003d78fb3f640b,2025-02-01,Yonge-St.Clair (97),-79.39834065134646,43.689263791751046,0,0.08906662296606321,-0.08906662296606321
Basis Ridge (tuned),2024-12-01,0.013305392433761935,sha256:bd942a7bcbe33ba673b7fdec9b2ff2b747cb0d530af4522e5d003d78fb3f640b,2025-02-01,York University Heights (27),-79.49891755560928,43.76657476817609,0,0.4244437013856172,-0.4244437013856172
Basis Ridge (tuned),2024-12-01,0.013305392433761935,sha256:bd942a7bcbe33ba673b7fdec9b2ff2b747cb0d530af4522e5d003d78fb3f640b,2025-02-01,Yorkdale-Glen Park (31),-79.45130621630454,43.714348256200424,0,0.12074672494380899,-0.12074672494380899
Basis Ridge (tuned),2024-12-01,0.013305392433761935,sha256:bd942a7bcbe33ba673b7fdec9b2ff2b747cb0d530af4522e5d003d78fb3f640b,2025-03-01,Agincourt North (129),-79.26928393506104,43.810980375100264,0,0,0
Basis Ridge (tuned),2024-12-01,0.013305392433761935,sha256:bd942a7bcbe33ba673b7fdec9b2ff2b747cb0d530af4522e5d003d78fb3f640b,2025-03-01,Agincourt South-Malvern West (128),-79.28002861084076,43.7889253690791,0,0,0
Basis Ridge (tuned),2024-12-01,0.013305392433761935,sha256:bd942a7bcbe33ba673b7fdec9b2ff2b747cb0d530af4522e5d003d78fb3f640b,2025-03-01,Alderwood (20),-79.54538918515296,43.6065751977772,0,0,0
Basis Ridge (tuned),2024-12-01,0.013305392433761935,sha256:bd942a7bcbe33ba673b7fdec9b2ff2b747cb0d530af4522e5d003d78fb3f640b,2025-03-01,Annex (95),-79.40380913861458,43.670104609767606,10,4.333417965220944,5.666582034779056
Basis Ridge (tuned),2024-12-01,0.013305392433761935,sha256:bd942a7bcbe33ba673b7fdec9b2ff2b747cb0d530af4522e5d003d78fb3f640b,2025-03-01,Banbury-Don Mills (42),-79.3409210158811,43.73511850435992,0,0,0
Basis Ridge (tuned),2024-12-01,0.013305392433761935,sha256:bd942a7bcbe33ba673b7fdec9b2ff2b747cb0d530af4522e5d003d78fb3f640b,2025-03-01,Bathurst Manor (34),-79.45175843487672,43.75609728872373,1,0,1
Basis Ridge (tuned),2024-12-01,0.013305392433761935,sha256:bd942a7bcbe33ba673b7fdec9b2ff2b747cb0d530af4522e5d003d78fb3f640b,2025-03-01,Bay Street Corridor (76),-79.38436854475557,43.65730879641258,12,10.319253538403945,1.6807464615960548
Basis Ridge (tuned),2024-12-01,0.013305392433761935,sha256:bd942a7bcbe33ba673b7fdec9b2ff2b747cb0d530af4522e5d003d78fb3f640b,2025-03-01,Bayview Village (52),-79.38403601743099,43.769051789694494,0,0.12925047737929185,-0.12925047737929185
Basis Ridge (tuned),2024-12-01,0.013305392433761935,sha256:bd942a7bcbe33ba673b7fdec9b2ff2b747cb0d530af4522e5d003d78fb3f640b,2025-03-01,Bayview Woods-Steeles (49),-79.3743681512798,43.797822785562154,0,0,0
Basis Ridge (tuned),2024-12-01,0.013305392433761935,sha256:bd942a7bcbe33ba673b7fdec9b2ff2b747cb0d530af4522e5d003d78fb3f640b,2025-03-01,Bedford Park-Nortown (39),-79.42125788351791,43.72757981721193,0,0,0
Basis Ridge (tuned),2024-12-01,0.013305392433761935,sha256:bd942a7bcbe33ba673b7fdec9b2ff2b747cb0d530af4522e5d003d78fb3f640b,2025-03-01,Beechborough-Greenbrook (112),-79.4744663865561,43.691508083029944,0,0,0
Basis Ridge (tuned),2024-12-01,0.013305392433761935,sha256:bd942a7bcbe33ba673b7fdec9b2ff2b747cb0d530af4522e5d003d78fb3f640b,2025-03-01,Bendale (127),-79.26046315357324,43.76293076745831,1,0,1
Basis Ridge (tuned),2024-12-01,0.013305392433761935,sha256:bd942a7bcbe33ba673b7fdec9b2ff2b747cb0d530af4522e5d003d78fb3f640b,2025-03-01,Birchcliffe-Cliffside (122),-79.27062357025366,43.69131003372983,0,0.017449809041836427,-0.017449809041836427
Basis Ridge (tuned),2024-12-01,0.013305392433761935,sha256:bd942a7bcbe33ba673b7fdec9b2ff2b747cb0d530af4522e5d003d78fb3f640b,2025-03-01,Black Creek (24),-79.51869671361172,43.76523138519309,0,0,0
Basis Ridge (tuned),2024-12-01,0.013305392433761935,sha256:bd942a7bcbe33ba673b7fdec9b2ff2b747cb0d530af4522e5d003d78fb3f640b,2025-03-01,Blake-Jones (69),-79.3394451105104,43.67664416992363,1,0.10184221557804873,0.8981577844219513
Basis Ridge (tuned),2024-12-01,0.013305392433761935,sha256:bd942a7bcbe33ba673b7fdec9b2ff2b747cb0d530af4522e5d003d78fb3f640b,2025-03-01,Briar Hill-Belgravia (108),-79.445578280552,43.699313061287725,0,0,0
Basis Ridge (tuned),2024-12-01,0.013305392433761935,sha256:bd942a7bcbe33ba673b7fdec9b2ff2b747cb0d530af4522e5d003d78fb3f640b,2025-03-01,Bridle Path-Sunnybrook-York Mills (41),-79.38366396163413,43.72516179918022,0,0,0
Basis Ridge (tuned),2024-12-01,0.013305392433761935,sha256:bd942a7bcbe33ba673b7fdec9b2ff2b747cb0d530af4522e5d003d78fb3f640b,2025-03-01,Broadview North (57),-79.35364911130229,43.683932870884654,1,0.033310391513268235,0.9666896084867318
Basis Ridge (tuned),2024-12-01,0.013305392433761935,sha256:bd942a7bcbe33ba673b7fdec9b2ff2b747cb0d530af4522e5d003d78fb3f640b,2025-03-01,Brookhaven-Amesbury (30),-79.49015206607174,43.69942696476651,0,0,0
Basis Ridge (tuned),2024-12-01,0.013305392433761935,sha256:bd942a7bcbe33ba673b7fdec9b2ff2b747cb0d530af4522e5d003d78fb3f640b,2025-03-01,Cabbagetown-South St.James Town (71),-79.36975340775743,43.66521290431659,0,1.5735909437568634,-1.5735909437568634
Basis Ridge (tuned),2024-12-01,0.013305392433761935,sha256:bd942a7bcbe33ba673b7fdec9b2ff2b747cb0d530af4522e5d003d78fb3f640b,2025-03-01,Caledonia-Fairbank (109),-79.4517849962554,43.690036179158305,0,0,0
Basis Ridge (tuned),2024-12-01,0.013305392433761935,sha256:bd942a7bcbe33ba673b7fdec9b2ff2b747cb0d530af4522e5d003d78fb3f640b,2025-03-01,Casa Loma (96),-79.40864864037756,43.67955392863041,0,0.14272748302836144,-0.14272748302836144
Basis Ridge (tuned),2024-12-01,0.013305392433761935,sha256:bd942a7bcbe33ba673b7fdec9b2ff2b747cb0d530af4522e5d003d78fb3f640b,2025-03-01,Centennial Scarborough (133),-79.15053423026679,43.780757885389185,0,0,0
Basis Ridge (tuned),2024-12-01,0.013305392433761935,sha256:bd942a7bcbe33ba673b7fdec9b2ff2b747cb0d530af4522e5d003d78fb3f640b,2025-03-01,Church-Yonge Corridor (75),-79.37956284727365,43.66018909929288,14,9.76119416573284,4.2388058342671595
Basis Ridge (tuned),2024-12-01,0.013305392433761935,sha256:bd942a7bcbe33ba673b7fdec9b2ff2b747cb0d530af4522e5d003d78fb3f640b,2025-03-01,Clairlea-Birchmount (120),-79.28672506823307,43.709414591668256,0,0,0
Basis Ridge (tuned),2024-12-01,0.013305392433761935,sha256:bd942a7bcbe33ba673b7fdec9b2ff2b747cb0d530af4522e5d003d78fb3f640b,2025-03-01,Clanton Park (33),-79.44643447690169,43.74149776462126,0,0,0
Basis Ridge (tuned),2024-12-01,0.013305392433761935,sha256:bd942a7bcbe33ba673b7fdec9b2ff2b747cb0d530af4522e5d003d78fb3f640b,2025-03-01,Cliffcrest (123),-79.23329029919245,43.72191819765982,0,0,0
Basis Ridge (tuned),2024-12-01,0.013305392433761935,sha256:bd942a7bcbe33ba673b7fdec9b2ff2b747cb0d530af4522e5d003d78fb3f640b,2025-03-01,Corso Italia-Davenport (92),-79.4427553703874,43.67658111935704,1,0.028942516235687398,0.9710574837643126
Basis Ridge (tuned),2024-12-01,0.013305392433761935,sha256:bd942a7bcbe33ba673b7fdec9b2ff2b747cb0d530af4522e5d003d78fb3f640b,2025-03-01,Danforth (66),-79.33065782618279,43.682847803276616,0,0.4108773731028121,-0.4108773731028121
Basis Ridge (tuned),2024-12-01,0.013305392433761935,sha256:bd942a7bcbe33ba673b7fdec9b2ff2b747cb0d530af4522e5d003d78fb3f640b,2025-03-01,Danforth East York (59),-79.3313092800722,43.69082681262244,0,0,0
Basis Ridge (tuned),2024-12-01,0.013305392433761935,sha256:bd942a7bcbe33ba673b7fdec9b2ff2b747cb0d530af4522e5d003d78fb3f640b,2025-03-01,Don Valley Village (47),-79.35240298959988,43.77988611135725,1,0,1
Basis Ridge (tuned),2024-12-01,0.013305392433761935,sha256:bd942a7bcbe33ba673b7fdec9b2ff2b747cb0d530af4522e5d003d78fb3f640b,2025-03-01,Dorset Park (126),-79.28077525994308,43.75528945083431,0,0,0
Basis Ridge (tuned),2024-12-01,0.013305392433761935,sha256:bd942a7bcbe33ba673b7fdec9b2ff2b747cb0d530af4522e5d003d78fb3f640b,2025-03-01,Dovercourt-Wallace Emerson-Junction (93),-79.43778332382438,43.66463002065643,5,2.803795499244497,2.196204500755503
Basis Ridge (tuned),2024-12-01,0.013305392433761935,sha256:bd942a7bcbe33ba673b7fdec9b2ff2b747cb0d530af4522e5d003d78fb3f640b,2025-03-01,Downsview-Roding-CFB (26),-79.4835940990325,43.727986861303435,0,0.13594126784793464,-0.13594126784793464
Basis Ridge (tuned),2024-12-01,0.013305392433761935,sha256:bd942a7bcbe33ba673b7fdec9b2ff2b747cb0d530af4522e5d003d78fb3f640b,2025-03-01,Dufferin Grove (83),-79.4370618209781,43.65521640563446,5,1.035970152632405,3.964029847367595
Basis Ridge (tuned),2024-12-01,0.013305392433761935,sha256:bd942a7bcbe33ba673b7fdec9b2ff2b747cb0d530af4522e5d003d78fb3f640b,2025-03-01,East End-Danforth (62),-79.30055625233094,43.68572312555001,1,1.048769315492972,-0.04876931549297203
Basis Ridge (tuned),2024-12-01,0.013305392433761935,sha256:bd942a7bcbe33ba673b7fdec9b2ff2b747cb0d530af4522e5d003d78fb3f640b,2025-03-01,Edenbridge-Humber Valley (9),-79.52023309003076,43.66557816852869,0,0,0
Basis Ridge (tuned),2024-12-01,0.013305392433761935,sha256:bd942a7bcbe33ba673b7fdec9b2ff2b747cb0d530af4522e5d003d78fb3f640b,2025-03-01,Eglinton East (138),-79.24473615792672,43.73991827916189,0,0,0
Basis Ridge (tuned),2024-12-01,0.013305392433761935,sha256:bd942a7bcbe33ba673b7fdec9b2ff2b747cb0d530af4522e5d003d78fb3f640b,2025-03-01,Elms-Old Rexdale (5),-79.55208772185198,43.71927285915033,0,0,0
Basis Ridge (tuned),2024-12-01,0.013305392433761935,sha256:bd942a7bcbe33ba673b7fdec9b2ff2b747cb0d530af4522e5d003d78fb3f640b,2025-03-01,Englemount-Lawrence (32),-79.43712596977969,43.7204676607881,0,0.07513089191901065,-0.07513089191901065
Basis Ridge (tuned),2024-12-01,0.013305392433761935,sha256:bd942a7bcbe33ba673b7fdec9b2ff2b747cb0d530af4522e5d003d78fb3f640b,2025-03-01,Eringate-Centennial-West Deane (11),-79.57787073233334,43.65860025717794,0,0,0
Basis Ridge (tuned),2024-12-01,0.013305392433761935,sha256:bd942a7bcbe33ba673b7fdec9b2ff2b747cb0d530af4522e5d003d78fb3f640b,2025-03-01,Etobicoke West Mall (13),-79.5678030787646,43.64190931147644,0,0,0
Basis Ridge (tuned),2024-12-01,0.013305392433761935,sha256:bd942a7bcbe33ba673b7fdec9b2ff2b747cb0d530af4522e5d003d78fb3f640b,2025-03-01,Flemingdon Park (44),-79.33198682919883,43.71530756444098,0,0,0
Basis Ridge (tuned),2024-12-01,0.013305392433761935,sha256:bd942a7bcbe33ba673b7fdec9b2ff2b747cb0d530af4522e5d003d78fb3f640b,2025-03-01,Forest Hill North (102),-79.43346069412912,43.70194436532484,0,0,0
Basis Ridge (tuned),2024-12-01,0.013305392433761935,sha256:bd942a7bcbe33ba673b7fdec9b2ff2b747cb0d530af4522e5d003d78fb3f640b,2025-03-01,Forest Hill South (101),-79.41299883590433,43.6890600119443,2,0.03680964174570449,1.9631903582542956
Basis Ridge (tuned),2024-12-01,0.013305392433761935,sha256:bd942a7bcbe33ba673b7fdec9b2ff2b747cb0d530af4522e5d003d78fb3f640b,2025-03-01,Glenfield-Jane Heights (25),-79.50908241975385,43.74806287596809,0,0,0
Basis Ridge (tuned),2024-12-01,0.013305392433761935,sha256:bd942a7bcbe33ba673b7fdec9b2ff2b747cb0d530af4522e5d003d78fb3f640b,2025-03-01,Greenwood-Coxwell (65),-79.32392461588157,43.67182578504262,2,0.6643205419861538,1.3356794580138462
Basis Ridge (tuned),2024-12-01,0.013305392433761935,sha256:bd942a7bcbe33ba673b7fdec9b2ff2b747cb0d530af4522e5d003d78fb3f640b,2025-03-01,Guildwood (140),-79.1987335919193,43.747914590059,0,0,0
Basis Ridge (tuned),2024-12-01,0.013305392433761935,sha256:bd942a7bcbe33ba673b7fdec9b2ff2b747cb0d530af4522e5d003d78fb3f640b,2025-03-01,Henry Farm (53),-79.34642185767248,43.76957681680956,0,0,0
Basis Ridge (tuned),2024-12-01,0.013305392433761935,sha256:bd942a7bcbe33ba673b7fdec9b2ff2b747cb0d530af4522e5d003d78fb3f640b,2025-03-01,High Park North (88),-79.4652298180643,43.65722103912335,0,1.3019126043720992,-1.3019126043720992
Basis Ridge (tuned),2024-12-01,0.013305392433761935,sha256:bd942a7bcbe33ba673b7fdec9b2ff2b747cb0d530af4522e5d003d78fb3f640b,2025-03-01,High Park-Swansea (87),-79.4648159122912,43.64453199862067,0,0.5473057814615511,-0.5473057814615511
Basis Ridge (tuned),2024-12-01,0.013305392433761935,sha256:bd942a7bcbe33ba673b7fdec9b2ff2b747cb0d530af4522e5d003d78fb3f640b,2025-03-01,Highland Creek (134),-79.18452149622338,43.786273991320705,0,0,0
Basis Ridge (tuned),2024-12-01,0.013305392433761935,sha256:bd942a7bcbe33ba673b7fdec9b2ff2b747cb0d530af4522e5d003d78fb3f640b,2025-03-01,Hillcrest Village (48),-79.35806283641195,43.79960270136573,0,0,0
Basis Ridge (tuned),2024-12-01,0.013305392433761935,sha256:bd942a7bcbe33ba673b7fdec9b2ff2b747cb0d530af4522e5d003d78fb3f640b,2025-03-01,Humber Heights-Westmount (8),-79.51864457298561,43.69564007439048,0,0,0
Basis Ridge (tuned),2024-12-01,0.013305392433761935,sha256:bd942a7bcbe33ba673b7fdec9b2ff2b747cb0d530af4522e5d003d78fb3f640b,2025-03-01,Humber Summit (21),-79.56057763521508,43.75362439798188,0,0,0
Basis Ridge (tuned),2024-12-01,0.013305392433761935,sha256:bd942a7bcbe33ba673b7fdec9b2ff2b747cb0d530af4522e5d003d78fb3f640b,2025-03-01,Humbermede (22),-79.54521679307662,43.74787608113298,0,0,0
Basis Ridge (tuned),2024-12-01,0.013305392433761935,sha256:bd942a7bcbe33ba673b7fdec9b2ff2b747cb0d530af4522e5d003d78fb3f640b,2025-03-01,Humewood-Cedarvale (106),-79.42603840921164,43.68908389632168,0,0.3157937422705437,-0.3157937422705437
Basis Ridge (tuned),2024-12-01,0.013305392433761935,sha256:bd942a7bcbe33ba673b7fdec9b2ff2b747cb0d530af4522e5d003d78fb3f640b,2025-03-01,Ionview (125),-79.2682783103958,43.73299077700163,0,0,0
Basis Ridge (tuned),2024-12-01,0.013305392433761935,sha256:bd942a7bcbe33ba673b7fdec9b2ff2b747cb0d530af4522e5d003d78fb3f640b,2025-03-01,Islington-City Centre West (14),-79.53678079261083,43.641361915813675,3,0.4670043016152117,2.5329956983847883
Basis Ridge (tuned),2024-12-01,0.013305392433761935,sha256:bd942a7bcbe33ba673b7fdec9b2ff2b747cb0d530af4522e5d003d78fb3f640b,2025-03-01,Junction Area (90),-79.46892477498491,43.6655394100211,1,0.3865370117025834,0.6134629882974165
Basis Ridge (tuned),2024-12-01,0.013305392433761935,sha256:bd942a7bcbe33ba673b7fdec9b2ff2b747cb0d530af4522e5d003d78fb3f640b,2025-03-01,Keelesdale-Eglinton West (110),-79.47055790633043,43.68391780141048,0,0,0
Basis Ridge (tuned),2024-12-01,0.013305392433761935,sha256:bd942a7bcbe33ba673b7fdec9b2ff2b747cb0d530af4522e5d003d78fb3f640b,2025-03-01,Kennedy Park (124),-79.25874986465229,43.728410786674374,1,0,1
Basis Ridge (tuned),2024-12-01,0.013305392433761935,sha256:bd942a7bcbe33ba673b7fdec9b2ff2b747cb0d530af4522e5d003d78fb3f640b,2025-03-01,Kensington-Chinatown (78),-79.3967980354919,43.65388049459246,3,4.22678053508554,-1.22678053508554
Basis Ridge (tuned),2024-12-01,0.013305392433761935,sha256:bd942a7bcbe33ba673b7fdec9b2ff2b747cb0d530af4522e5d003d78fb3f640b,2025-03-01,Kingsview Village-The Westway (6),-79.54911503533694,43.69584358136977,0,0,0
Basis Ridge (tuned),2024-12-01,0.013305392433761935,sha256:bd942a7bcbe33ba673b7fdec9b2ff2b747cb0d530af4522e5d003d78fb3f640b,2025-03-01,Kingsway South (15),-79.51086459422443,43.65032283055947,0,0,0
Basis Ridge (tuned),2024-12-01,0.013305392433761935,sha256:bd942a7bcbe33ba673b7fdec9b2ff2b747cb0d530af4522e5d003d78fb3f640b,2025-03-01,L'Amoreaux (117),-79.3201008921114,43.79636378659849,1,0,1
Basis Ridge (tuned),2024-12-01,0.013305392433761935,sha256:bd942a7bcbe33ba673b7fdec9b2ff2b747cb0d530af4522e5d003d78fb3f640b,2025-03-01,Lambton Baby Point (114),-79.49452130561747,43.65593529844182,0,0,0
Basis Ridge (tuned),2024-12-01,0.013305392433761935,sha256:bd942a7bcbe33ba673b7fdec9b2ff2b747cb0d530af4522e5d003d78fb3f640b,2025-03-01,Lansing-Westgate (38),-79.41222964417364,43.761840287387486,1,0,1
Basis Ridge (tuned),2024-12-01,0.013305392433761935,sha256:bd942a7bcbe33ba673b7fdec9b2ff2b747cb0d530af4522e5d003d78fb3f640b,2025-03-01,Lawrence Park North (105),-79.40643053379212,43.72768097403552,0,0.06235757238596462,-0.06235757238596462
Basis Ridge (tuned),2024-12-01,0.013305392433761935,sha256:bd942a7bcbe33ba673b7fdec9b2ff2b747cb0d530af4522e5d003d78fb3f640b,2025-03-01,Lawrence Park South (103),-79.41020212544387,43.72248127246825,0,0.03495234554114961,-0.03495234554114961
Basis Ridge (tuned),2024-12-01,0.013305392433761935,sha256:bd942a7bcbe33ba673b7fdec9b2ff2b747cb0d530af4522e5d003d78fb3f640b,2025-03-01,Leaside-Bennington (56),-79.36756549485442,43.70630335329757,0,0.33409311472804537,-0.33409311472804537
Basis Ridge (tuned),2024-12-01,0.013305392433761935,sha256:bd942a7bcbe33ba673b7fdec9b2ff2b747cb0d530af4522e5d003d78fb3f640b,2025-03-01,Little Portugal (84),-79.42637552454019,43.64409148964972,0,1.203464804577082,-1.203464804577082
Basis Ridge (tuned),2024-12-01,0.013305392433761935,sha256:bd942a7bcbe33ba673b7fdec9b2ff2b747cb0d530af4522e5d003d78fb3f640b,2025-03-01,Long Branch (19),-79.53237502113143,43.591006620404656,0,0.08956957586322868,-0.08956957586322868
Basis Ridge (tuned),2024-12-01,0.013305392433761935,sha256:bd942a7bcbe33ba673b7fdec9b2ff2b747cb0d530af4522e5d003d78fb3f640b,2025-03-01,Malvern (132),-79.22095167470565,43.80455499438271,0,0,0
Basis Ridge (tuned),2024-12-01,0.013305392433761935,sha256:bd942a7bcbe33ba673b7fdec9b2ff2b747cb0d530af4522e5d003d78fb3f640b,2025-03-01,Maple Leaf (29),-79.4843756407544,43.718225646439535,0,0,0
Basis Ridge (tuned),2024-12-01,0.013305392433761935,sha256:bd942a7bcbe33ba673b7fdec9b2ff2b747cb0d530af4522e5d003d78fb3f640b,2025-03-01,Markland Wood (12),-79.57650734129277,43.633689780366026,0,0,0
Basis Ridge (tuned),2024-12-01,0.013305392433761935,sha256:bd942a7bcbe33ba673b7fdec9b2ff2b747cb0d530af4522e5d003d78fb3f640b,2025-03-01,Milliken (130),-79.28878321264463,43.82084812422136,0,0,0
Basis Ridge (tuned),2024-12-01,0.013305392433761935,sha256:bd942a7bcbe33ba673b7fdec9b2ff2b747cb0d530af4522e5d003d78fb3f640b,2025-03-01,Mimico (includes Humber Bay Shores) (17),-79.48568571369577,43.62094188018773,0,1.2570537145869047,-1.2570537145869047
Basis Ridge (tuned),2024-12-01,0.013305392433761935,sha256:bd942a7bcbe33ba673b7fdec9b2ff2b747cb0d530af4522e5d003d78fb3f640b,2025-03-01,Morningside (135),-79.20335964084892,43.78544794442794,0,0,0
Basis Ridge (tuned),2024-12-01,0.013305392433761935,sha256:bd942a7bcbe33ba673b7fdec9b2ff2b747cb0d530af4522e5d003d78fb3f640b,2025-03-01,Moss Park (73),-79.36913295325593,43.65425609335975,10,3.831125672256046,6.1688743277439535
Basis Ridge (tuned),2024-12-01,0.013305392433761935,sha256:bd942a7bcbe33ba673b7fdec9b2ff2b747cb0d530af4522e5d003d78fb3f640b,2025-03-01,Mount Dennis (115),-79.48946593742998,43.68565859464735,0,0,0
Basis Ridge (tuned),2024-12-01,0.013305392433761935,sha256:bd942a7bcbe33ba673b7fdec9b2ff2b747cb0d530af4522e5d003d78fb3f640b,2025-03-01,Mount Olive-Silverstone-Jamestown (2),-79.58577617904946,43.74325917379369,0,0,0
Basis Ridge (tuned),2024-12-01,0.013305392433761935,sha256:bd942a7bcbe33ba673b7fdec9b2ff2b747cb0d530af4522e5d003d78fb3f640b,2025-03-01,Mount Pleasant East (99),-79.38525136980005,43.70699758566823,1,0.23337141162445402,0.7666285883755459
Basis Ridge (tuned),2024-12-01,0.013305392433761935,sha256:bd942a7bcbe33ba673b7fdec9b2ff2b747cb0d530af4522e5d003d78fb3f640b,2025-03-01,Mount Pleasant West (104),-79.39441924813381,43.705281018271585,2,1.435758147937341,0.5642418520626591
Basis Ridge (tuned),2024-12-01,0.013305392433761935,sha256:bd942a7bcbe33ba673b7fdec9b2ff2b747cb0d530af4522e5d003d78fb3f640b,2025-03-01,NSA,NA,NA,1,0.6234014234013551,0.37659857659864493
Basis Ridge (tuned),2024-12-01,0.013305392433761935,sha256:bd942a7bcbe33ba673b7fdec9b2ff2b747cb0d530af4522e5d003d78fb3f640b,2025-03-01,New Toronto (18),-79.50819536860408,43.60067938873378,1,0.07524491658600393,0.924755083413996
Basis Ridge (tuned),2024-12-01,0.013305392433761935,sha256:bd942a7bcbe33ba673b7fdec9b2ff2b747cb0d530af4522e5d003d78fb3f640b,2025-03-01,Newtonbrook East (50),-79.4155662486542,43.782773804672864,0,0,0
Basis Ridge (tuned),2024-12-01,0.013305392433761935,sha256:bd942a7bcbe33ba673b7fdec9b2ff2b747cb0d530af4522e5d003d78fb3f640b,2025-03-01,Newtonbrook West (36),-79.42082573006313,43.78444945871987,0,0.287868817393951,-0.287868817393951
Basis Ridge (tuned),2024-12-01,0.013305392433761935,sha256:bd942a7bcbe33ba673b7fdec9b2ff2b747cb0d530af4522e5d003d78fb3f640b,2025-03-01,Niagara (82),-79.40825413058062,43.639170480800686,2,4.331030771796247,-2.3310307717962466
Basis Ridge (tuned),2024-12-01,0.013305392433761935,sha256:bd942a7bcbe33ba673b7fdec9b2ff2b747cb0d530af4522e5d003d78fb3f640b,2025-03-01,North Riverdale (68),-79.34942497640164,43.67320424441098,0,0.5464458029661495,-0.5464458029661495
Basis Ridge (tuned),2024-12-01,0.013305392433761935,sha256:bd942a7bcbe33ba673b7fdec9b2ff2b747cb0d530af4522e5d003d78fb3f640b,2025-03-01,North St.James Town (74),-79.37622315570079,43.66924040879271,3,1.3260869586003505,1.6739130413996495
Basis Ridge (tuned),2024-12-01,0.013305392433761935,sha256:bd942a7bcbe33ba673b7fdec9b2ff2b747cb0d530af4522e5d003d78fb3f640b,2025-03-01,O'Connor-Parkview (54),-79.30295705711893,43.707394189060395,0,0,0
Basis Ridge (tuned),2024-12-01,0.013305392433761935,sha256:bd942a7bcbe33ba673b7fdec9b2ff2b747cb0d530af4522e5d003d78fb3f640b,2025-03-01,Oakridge (121),-79.28580476562132,43.69338422103418,0,0,0
Basis Ridge (tuned),2024-12-01,0.013305392433761935,sha256:bd942a7bcbe33ba673b7fdec9b2ff2b747cb0d530af4522e5d003d78fb3f640b,2025-03-01,Oakwood Village (107),-79.43992214652974,43.693163772618576,0,0.043308933694688564,-0.043308933694688564
Basis Ridge (tuned),2024-12-01,0.013305392433761935,sha256:bd942a7bcbe33ba673b7fdec9b2ff2b747cb0d530af4522e5d003d78fb3f640b,2025-03-01,Old East York (58),-79.33971322725657,43.69468655917457,0,0,0
Basis Ridge (tuned),2024-12-01,0.013305392433761935,sha256:bd942a7bcbe33ba673b7fdec9b2ff2b747cb0d530af4522e5d003d78fb3f640b,2025-03-01,Palmerston-Little Italy (80),-79.41607073008583,43.65977590713319,2,1.4264145448790735,0.5735854551209265
Basis Ridge (tuned),2024-12-01,0.013305392433761935,sha256:bd942a7bcbe33ba673b7fdec9b2ff2b747cb0d530af4522e5d003d78fb3f640b,2025-03-01,Parkwoods-Donalda (45),-79.32857716506125,43.75401452181123,0,0,0
Basis Ridge (tuned),2024-12-01,0.013305392433761935,sha256:bd942a7bcbe33ba673b7fdec9b2ff2b747cb0d530af4522e5d003d78fb3f640b,2025-03-01,Pelmo Park-Humberlea (23),-79.53452633259599,43.71053804014776,0,0,0
Basis Ridge (tuned),2024-12-01,0.013305392433761935,sha256:bd942a7bcbe33ba673b7fdec9b2ff2b747cb0d530af4522e5d003d78fb3f640b,2025-03-01,Playter Estates-Danforth (67),-79.35537498775473,43.678037843577414,0,0.2527760413227782,-0.2527760413227782
Basis Ridge (tuned),2024-12-01,0.013305392433761935,sha256:bd942a7bcbe33ba673b7fdec9b2ff2b747cb0d530af4522e5d003d78fb3f640b,2025-03-01,Pleasant View (46),-79.33169496448295,43.78880674789264,0,0,0
Basis Ridge (tuned),2024-12-01,0.013305392433761935,sha256:bd942a7bcbe33ba673b7fdec9b2ff2b747cb0d530af4522e5d003d78fb3f640b,2025-03-01,Princess-Rosethorn (10),-79.54278218831497,43.6664342839495,0,0,0
Basis Ridge (tuned),2024-12-01,0.013305392433761935,sha256:bd942a7bcbe33ba673b7fdec9b2ff2b747cb0d530af4522e5d003d78fb3f640b,2025-03-01,Regent Park (72),-79.36178286088128,43.65943439853815,0,0.7314393785740951,-0.7314393785740951
Basis Ridge (tuned),2024-12-01,0.013305392433761935,sha256:bd942a7bcbe33ba673b7fdec9b2ff2b747cb0d530af4522e5d003d78fb3f640b,2025-03-01,Rexdale-Kipling (4),-79.56943957685264,43.726549256380395,0,0,0
Basis Ridge (tuned),2024-12-01,0.013305392433761935,sha256:bd942a7bcbe33ba673b7fdec9b2ff2b747cb0d530af4522e5d003d78fb3f640b,2025-03-01,Rockcliffe-Smythe (111),-79.49193279998173,43.67234248080122,0,0,0
Basis Ridge (tuned),2024-12-01,0.013305392433761935,sha256:bd942a7bcbe33ba673b7fdec9b2ff2b747cb0d530af4522e5d003d78fb3f640b,2025-03-01,Roncesvalles (86),-79.44277811907274,43.64370439603947,1,0.9491373525128056,0.05086264748719438
Basis Ridge (tuned),2024-12-01,0.013305392433761935,sha256:bd942a7bcbe33ba673b7fdec9b2ff2b747cb0d530af4522e5d003d78fb3f640b,2025-03-01,Rosedale-Moore Park (98),-79.38462305095243,43.67502671420579,0,1.7799574953353723,-1.7799574953353723
Basis Ridge (tuned),2024-12-01,0.013305392433761935,sha256:bd942a7bcbe33ba673b7fdec9b2ff2b747cb0d530af4522e5d003d78fb3f640b,2025-03-01,Rouge (131),-79.13309434834144,43.78938806538385,0,0,0
Basis Ridge (tuned),2024-12-01,0.013305392433761935,sha256:bd942a7bcbe33ba673b7fdec9b2ff2b747cb0d530af4522e5d003d78fb3f640b,2025-03-01,Runnymede-Bloor West Village (89),-79.48480851655415,43.65975616827931,0,0.04581230573589887,-0.04581230573589887
Basis Ridge (tuned),2024-12-01,0.013305392433761935,sha256:bd942a7bcbe33ba673b7fdec9b2ff2b747cb0d530af4522e5d003d78fb3f640b,2025-03-01,Rustic (28),-79.50024894268427,43.70839284643953,0,0,0
Basis Ridge (tuned),2024-12-01,0.013305392433761935,sha256:bd942a7bcbe33ba673b7fdec9b2ff2b747cb0d530af4522e5d003d78fb3f640b,2025-03-01,Scarborough Village (139),-79.22121647737255,43.74178808353859,0,0,0
Basis Ridge (tuned),2024-12-01,0.013305392433761935,sha256:bd942a7bcbe33ba673b7fdec9b2ff2b747cb0d530af4522e5d003d78fb3f640b,2025-03-01,South Parkdale (85),-79.43087572304012,43.63836538756867,3,1.080664992276446,1.919335007723554
Basis Ridge (tuned),2024-12-01,0.013305392433761935,sha256:bd942a7bcbe33ba673b7fdec9b2ff2b747cb0d530af4522e5d003d78fb3f640b,2025-03-01,South Riverdale (70),-79.34033408773206,43.66227352160024,2,3.0831063503805507,-1.0831063503805507
Basis Ridge (tuned),2024-12-01,0.013305392433761935,sha256:bd942a7bcbe33ba673b7fdec9b2ff2b747cb0d530af4522e5d003d78fb3f640b,2025-03-01,St.Andrew-Windfields (40),-79.39807496057622,43.75295000125709,0,0,0
Basis Ridge (tuned),2024-12-01,0.013305392433761935,sha256:bd942a7bcbe33ba673b7fdec9b2ff2b747cb0d530af4522e5d003d78fb3f640b,2025-03-01,Steeles (116),-79.32254019689177,43.815065444286134,1,0,1
Basis Ridge (tuned),2024-12-01,0.013305392433761935,sha256:bd942a7bcbe33ba673b7fdec9b2ff2b747cb0d530af4522e5d003d78fb3f640b,2025-03-01,Stonegate-Queensway (16),-79.50687874894817,43.63678476785418,1,0,1
Basis Ridge (tuned),2024-12-01,0.013305392433761935,sha256:bd942a7bcbe33ba673b7fdec9b2ff2b747cb0d530af4522e5d003d78fb3f640b,2025-03-01,Tam O'Shanter-Sullivan (118),-79.29346258821549,43.78211963627784,1,0,1
Basis Ridge (tuned),2024-12-01,0.013305392433761935,sha256:bd942a7bcbe33ba673b7fdec9b2ff2b747cb0d530af4522e5d003d78fb3f640b,2025-03-01,Taylor-Massey (61),-79.29495186057909,43.692458919227406,0,0.0423679412514847,-0.0423679412514847
Basis Ridge (tuned),2024-12-01,0.013305392433761935,sha256:bd942a7bcbe33ba673b7fdec9b2ff2b747cb0d530af4522e5d003d78fb3f640b,2025-03-01,The Beaches (63),-79.30297553719052,43.66875560841342,1,0.7707065185506417,0.22929348144935835
Basis Ridge (tuned),2024-12-01,0.013305392433761935,sha256:bd942a7bcbe33ba673b7fdec9b2ff2b747cb0d530af4522e5d003d78fb3f640b,2025-03-01,Thistletown-Beaumond Heights (3),-79.5659329290065,43.73754827301803,0,0,0
Basis Ridge (tuned),2024-12-01,0.013305392433761935,sha256:bd942a7bcbe33ba673b7fdec9b2ff2b747cb0d530af4522e5d003d78fb3f640b,2025-03-01,Thorncliffe Park (55),-79.35448121100222,43.71036836631147,0,0.027437379831859596,-0.027437379831859596
Basis Ridge (tuned),2024-12-01,0.013305392433761935,sha256:bd942a7bcbe33ba673b7fdec9b2ff2b747cb0d530af4522e5d003d78fb3f640b,2025-03-01,Trinity-Bellwoods (81),-79.41373927922925,43.65087049509186,2,1.4908456898901257,0.5091543101098743
Basis Ridge (tuned),2024-12-01,0.013305392433761935,sha256:bd942a7bcbe33ba673b7fdec9b2ff2b747cb0d530af4522e5d003d78fb3f640b,2025-03-01,University (79),-79.39982104056267,43.66254295263539,1,2.9303070859356684,-1.9303070859356684
Basis Ridge (tuned),2024-12-01,0.013305392433761935,sha256:bd942a7bcbe33ba673b7fdec9b2ff2b747cb0d530af4522e5d003d78fb3f640b,2025-03-01,Victoria Village (43),-79.3128138518101,43.72684844443762,0,0,0
Basis Ridge (tuned),2024-12-01,0.013305392433761935,sha256:bd942a7bcbe33ba673b7fdec9b2ff2b747cb0d530af4522e5d003d78fb3f640b,2025-03-01,Waterfront Communities-The Island (77),-79.38919773860151,43.64473008383375,16,12.32527717129864,3.674722828701359
Basis Ridge (tuned),2024-12-01,0.013305392433761935,sha256:bd942a7bcbe33ba673b7fdec9b2ff2b747cb0d530af4522e5d003d78fb3f640b,2025-03-01,West Hill (136),-79.18284860837016,43.76769079627477,0,0.10641220912872466,-0.10641220912872466
Basis Ridge (tuned),2024-12-01,0.013305392433761935,sha256:bd942a7bcbe33ba673b7fdec9b2ff2b747cb0d530af4522e5d003d78fb3f640b,2025-03-01,West Humber-Clairville (1),-79.60420741329722,43.73006355433667,0,0,0
Basis Ridge (tuned),2024-12-01,0.013305392433761935,sha256:bd942a7bcbe33ba673b7fdec9b2ff2b747cb0d530af4522e5d003d78fb3f640b,2025-03-01,Westminster-Branson (35),-79.44807552904417,43.781743102812335,0,0,0
Basis Ridge (tuned),2024-12-01,0.013305392433761935,sha256:bd942a7bcbe33ba673b7fdec9b2ff2b747cb0d530af4522e5d003d78fb3f640b,2025-03-01,Weston (113),-79.5165855480493,43.702833758307314,0,0,0
Basis Ridge (tuned),2024-12-01,0.013305392433761935,sha256:bd942a7bcbe33ba673b7fdec9b2ff2b747cb0d530af4522e5d003d78fb3f640b,2025-03-01,Weston-Pelham Park (91),-79.45875842314518,43.67071482937652,1,0,1
Basis Ridge (tuned),2024-12-01,0.013305392433761935,sha256:bd942a7bcbe33ba673b7fdec9b2ff2b747cb0d530af4522e5d003d78fb3f640b,2025-03-01,Wexford/Maryvale (119),-79.30050366891615,43.74264083383781,0,0.024641432959427174,-0.024641432959427174
Basis Ridge (tuned),2024-12-01,0.013305392433761935,sha256:bd942a7bcbe33ba673b7fdec9b2ff2b747cb0d530af4522e5d003d78fb3f640b,2025-03-01,Willowdale East (51),-79.410074781475,43.76524478810602,0,0.9702034223460501,-0.9702034223460501
Basis Ridge (tuned),2024-12-01,0.013305392433761935,sha256:bd942a7bcbe33ba673b7fdec9b2ff2b747cb0d530af4522e5d003d78fb3f640b,2025-03-01,Willowdale West (37),-79.41563035776022,43.77061463226557,1,0.1828578718527828,0.8171421281472172
Basis Ridge (tuned),2024-12-01,0.013305392433761935,sha256:bd942a7bcbe33ba673b7fdec9b2ff2b747cb0d530af4522e5d003d78fb3f640b,2025-03-01,Willowridge-Martingrove-Richview (7),-79.55960317676033,43.68486812894035,0,0,0
Basis Ridge (tuned),2024-12-01,0.013305392433761935,sha256:bd942a7bcbe33ba673b7fdec9b2ff2b747cb0d530af4522e5d003d78fb3f640b,2025-03-01,Woburn (137),-79.22656387770975,43.76289989874722,1,0,1
Basis Ridge (tuned),2024-12-01,0.013305392433761935,sha256:bd942a7bcbe33ba673b7fdec9b2ff2b747cb0d530af4522e5d003d78fb3f640b,2025-03-01,Woodbine Corridor (64),-79.31407054230695,43.67581440173363,0,0.22160768432598485,-0.22160768432598485
Basis Ridge (tuned),2024-12-01,0.013305392433761935,sha256:bd942a7bcbe33ba673b7fdec9b2ff2b747cb0d530af4522e5d003d78fb3f640b,2025-03-01,Woodbine-Lumsden (60),-79.31039264658962,43.69145821847367,2,0,2
Basis Ridge (tuned),2024-12-01,0.013305392433761935,sha256:bd942a7bcbe33ba673b7fdec9b2ff2b747cb0d530af4522e5d003d78fb3f640b,2025-03-01,Wychwood (94),-79.42710542937913,43.6784532168336,0,0.2586727801295747,-0.2586727801295747
Basis Ridge (tuned),2024-12-01,0.013305392433761935,sha256:bd942a7bcbe33ba673b7fdec9b2ff2b747cb0d530af4522e5d003d78fb3f640b,2025-03-01,Yonge-Eglinton (100),-79.40102373824469,43.70674080495774,0,0.27478114952456467,-0.27478114952456467
Basis Ridge (tuned),2024-12-01,0.013305392433761935,sha256:bd942a7bcbe33ba673b7fdec9b2ff2b747cb0d530af4522e5d003d78fb3f640b,2025-03-01,Yonge-St.Clair (97),-79.39834065134646,43.689263791751046,2,0.17439748284212095,1.8256025171578791
Basis Ridge (tuned),2024-12-01,0.013305392433761935,sha256:bd942a7bcbe33ba673b7fdec9b2ff2b747cb0d530af4522e5d003d78fb3f640b,2025-03-01,York University Heights (27),-79.49891755560928,43.76657476817609,1,0.5360521221388228,0.4639478778611772
Basis Ridge (tuned),2024-12-01,0.013305392433761935,sha256:bd942a7bcbe33ba673b7fdec9b2ff2b747cb0d530af4522e5d003d78fb3f640b,2025-03-01,Yorkdale-Glen Park (31),-79.45130621630454,43.714348256200424,0,0.20855979324101895,-0.20855979324101895
Basis Ridge (tuned),2024-12-01,0.013305392433761935,sha256:bd942a7bcbe33ba673b7fdec9b2ff2b747cb0d530af4522e5d003d78fb3f640b,2025-04-01,Agincourt North (129),-79.26928393506104,43.810980375100264,0,0,0
Basis Ridge (tuned),2024-12-01,0.013305392433761935,sha256:bd942a7bcbe33ba673b7fdec9b2ff2b747cb0d530af4522e5d003d78fb3f640b,2025-04-01,Agincourt South-Malvern West (128),-79.28002861084076,43.7889253690791,0,0,0
Basis Ridge (tuned),2024-12-01,0.013305392433761935,sha256:bd942a7bcbe33ba673b7fdec9b2ff2b747cb0d530af4522e5d003d78fb3f640b,2025-04-01,Alderwood (20),-79.54538918515296,43.6065751977772,0,0,0
Basis Ridge (tuned),2024-12-01,0.013305392433761935,sha256:bd942a7bcbe33ba673b7fdec9b2ff2b747cb0d530af4522e5d003d78fb3f640b,2025-04-01,Annex (95),-79.40380913861458,43.670104609767606,4,5.169507555166654,-1.1695075551666543
Basis Ridge (tuned),2024-12-01,0.013305392433761935,sha256:bd942a7bcbe33ba673b7fdec9b2ff2b747cb0d530af4522e5d003d78fb3f640b,2025-04-01,Banbury-Don Mills (42),-79.3409210158811,43.73511850435992,1,0.010314083111980607,0.9896859168880194
Basis Ridge (tuned),2024-12-01,0.013305392433761935,sha256:bd942a7bcbe33ba673b7fdec9b2ff2b747cb0d530af4522e5d003d78fb3f640b,2025-04-01,Bathurst Manor (34),-79.45175843487672,43.75609728872373,0,0,0
Basis Ridge (tuned),2024-12-01,0.013305392433761935,sha256:bd942a7bcbe33ba673b7fdec9b2ff2b747cb0d530af4522e5d003d78fb3f640b,2025-04-01,Bay Street Corridor (76),-79.38436854475557,43.65730879641258,23,12.093708514767995,10.906291485232005
Basis Ridge (tuned),2024-12-01,0.013305392433761935,sha256:bd942a7bcbe33ba673b7fdec9b2ff2b747cb0d530af4522e5d003d78fb3f640b,2025-04-01,Bayview Village (52),-79.38403601743099,43.769051789694494,0,0.30627664985158926,-0.30627664985158926
Basis Ridge (tuned),2024-12-01,0.013305392433761935,sha256:bd942a7bcbe33ba673b7fdec9b2ff2b747cb0d530af4522e5d003d78fb3f640b,2025-04-01,Bayview Woods-Steeles (49),-79.3743681512798,43.797822785562154,0,0,0
Basis Ridge (tuned),2024-12-01,0.013305392433761935,sha256:bd942a7bcbe33ba673b7fdec9b2ff2b747cb0d530af4522e5d003d78fb3f640b,2025-04-01,Bedford Park-Nortown (39),-79.42125788351791,43.72757981721193,0,0.10705267234271544,-0.10705267234271544
Basis Ridge (tuned),2024-12-01,0.013305392433761935,sha256:bd942a7bcbe33ba673b7fdec9b2ff2b747cb0d530af4522e5d003d78fb3f640b,2025-04-01,Beechborough-Greenbrook (112),-79.4744663865561,43.691508083029944,0,0,0
Basis Ridge (tuned),2024-12-01,0.013305392433761935,sha256:bd942a7bcbe33ba673b7fdec9b2ff2b747cb0d530af4522e5d003d78fb3f640b,2025-04-01,Bendale (127),-79.26046315357324,43.76293076745831,0,0.06820349383954853,-0.06820349383954853
Basis Ridge (tuned),2024-12-01,0.013305392433761935,sha256:bd942a7bcbe33ba673b7fdec9b2ff2b747cb0d530af4522e5d003d78fb3f640b,2025-04-01,Birchcliffe-Cliffside (122),-79.27062357025366,43.69131003372983,1,0.17694962682836385,0.8230503731716361
Basis Ridge (tuned),2024-12-01,0.013305392433761935,sha256:bd942a7bcbe33ba673b7fdec9b2ff2b747cb0d530af4522e5d003d78fb3f640b,2025-04-01,Black Creek (24),-79.51869671361172,43.76523138519309,2,0,2
Basis Ridge (tuned),2024-12-01,0.013305392433761935,sha256:bd942a7bcbe33ba673b7fdec9b2ff2b747cb0d530af4522e5d003d78fb3f640b,2025-04-01,Blake-Jones (69),-79.3394451105104,43.67664416992363,0,0.27457175078697027,-0.27457175078697027
Basis Ridge (tuned),2024-12-01,0.013305392433761935,sha256:bd942a7bcbe33ba673b7fdec9b2ff2b747cb0d530af4522e5d003d78fb3f640b,2025-04-01,Briar Hill-Belgravia (108),-79.445578280552,43.699313061287725,0,0.05895540172502226,-0.05895540172502226
Basis Ridge (tuned),2024-12-01,0.013305392433761935,sha256:bd942a7bcbe33ba673b7fdec9b2ff2b747cb0d530af4522e5d003d78fb3f640b,2025-04-01,Bridle Path-Sunnybrook-York Mills (41),-79.38366396163413,43.72516179918022,0,0,0
Basis Ridge (tuned),2024-12-01,0.013305392433761935,sha256:bd942a7bcbe33ba673b7fdec9b2ff2b747cb0d530af4522e5d003d78fb3f640b,2025-04-01,Broadview North (57),-79.35364911130229,43.683932870884654,0,0.19529658257511615,-0.19529658257511615
Basis Ridge (tuned),2024-12-01,0.013305392433761935,sha256:bd942a7bcbe33ba673b7fdec9b2ff2b747cb0d530af4522e5d003d78fb3f640b,2025-04-01,Brookhaven-Amesbury (30),-79.49015206607174,43.69942696476651,0,0,0
Basis Ridge (tuned),2024-12-01,0.013305392433761935,sha256:bd942a7bcbe33ba673b7fdec9b2ff2b747cb0d530af4522e5d003d78fb3f640b,2025-04-01,Cabbagetown-South St.James Town (71),-79.36975340775743,43.66521290431659,1,1.9770381535733803,-0.9770381535733803
Basis Ridge (tuned),2024-12-01,0.013305392433761935,sha256:bd942a7bcbe33ba673b7fdec9b2ff2b747cb0d530af4522e5d003d78fb3f640b,2025-04-01,Caledonia-Fairbank (109),-79.4517849962554,43.690036179158305,0,0,0
Basis Ridge (tuned),2024-12-01,0.013305392433761935,sha256:bd942a7bcbe33ba673b7fdec9b2ff2b747cb0d530af4522e5d003d78fb3f640b,2025-04-01,Casa Loma (96),-79.40864864037756,43.67955392863041,1,0.3218663689988892,0.6781336310011108
Basis Ridge (tuned),2024-12-01,0.013305392433761935,sha256:bd942a7bcbe33ba673b7fdec9b2ff2b747cb0d530af4522e5d003d78fb3f640b,2025-04-01,Centennial Scarborough (133),-79.15053423026679,43.780757885389185,0,0,0
Basis Ridge (tuned),2024-12-01,0.013305392433761935,sha256:bd942a7bcbe33ba673b7fdec9b2ff2b747cb0d530af4522e5d003d78fb3f640b,2025-04-01,Church-Yonge Corridor (75),-79.37956284727365,43.66018909929288,21,11.448165349319993,9.551834650680007
Basis Ridge (tuned),2024-12-01,0.013305392433761935,sha256:bd942a7bcbe33ba673b7fdec9b2ff2b747cb0d530af4522e5d003d78fb3f640b,2025-04-01,Clairlea-Birchmount (120),-79.28672506823307,43.709414591668256,1,0.14464008569269154,0.8553599143073085
Basis Ridge (tuned),2024-12-01,0.013305392433761935,sha256:bd942a7bcbe33ba673b7fdec9b2ff2b747cb0d530af4522e5d003d78fb3f640b,2025-04-01,Clanton Park (33),-79.44643447690169,43.74149776462126,0,0.037350119138496285,-0.037350119138496285
Basis Ridge (tuned),2024-12-01,0.013305392433761935,sha256:bd942a7bcbe33ba673b7fdec9b2ff2b747cb0d530af4522e5d003d78fb3f640b,2025-04-01,Cliffcrest (123),-79.23329029919245,43.72191819765982,0,0,0
Basis Ridge (tuned),2024-12-01,0.013305392433761935,sha256:bd942a7bcbe33ba673b7fdec9b2ff2b747cb0d530af4522e5d003d78fb3f640b,2025-04-01,Corso Italia-Davenport (92),-79.4427553703874,43.67658111935704,2,0.19024398034127946,1.8097560196587206
Basis Ridge (tuned),2024-12-01,0.013305392433761935,sha256:bd942a7bcbe33ba673b7fdec9b2ff2b747cb0d530af4522e5d003d78fb3f640b,2025-04-01,Danforth (66),-79.33065782618279,43.682847803276616,0,0.6320525917024943,-0.6320525917024943
Basis Ridge (tuned),2024-12-01,0.013305392433761935,sha256:bd942a7bcbe33ba673b7fdec9b2ff2b747cb0d530af4522e5d003d78fb3f640b,2025-04-01,Danforth East York (59),-79.3313092800722,43.69082681262244,0,0.13800822858799952,-0.13800822858799952
Basis Ridge (tuned),2024-12-01,0.013305392433761935,sha256:bd942a7bcbe33ba673b7fdec9b2ff2b747cb0d530af4522e5d003d78fb3f640b,2025-04-01,Don Valley Village (47),-79.35240298959988,43.77988611135725,0,0,0
Basis Ridge (tuned),2024-12-01,0.013305392433761935,sha256:bd942a7bcbe33ba673b7fdec9b2ff2b747cb0d530af4522e5d003d78fb3f640b,2025-04-01,Dorset Park (126),-79.28077525994308,43.75528945083431,2,0.005440563172877504,1.9945594368271224
Basis Ridge (tuned),2024-12-01,0.013305392433761935,sha256:bd942a7bcbe33ba673b7fdec9b2ff2b747cb0d530af4522e5d003d78fb3f640b,2025-04-01,Dovercourt-Wallace Emerson-Junction (93),-79.43778332382438,43.66463002065643,7,3.400094877980498,3.599905122019502
Basis Ridge (tuned),2024-12-01,0.013305392433761935,sha256:bd942a7bcbe33ba673b7fdec9b2ff2b747cb0d530af4522e5d003d78fb3f640b,2025-04-01,Downsview-Roding-CFB (26),-79.4835940990325,43.727986861303435,2,0.3140163174747732,1.6859836825252268
Basis Ridge (tuned),2024-12-01,0.013305392433761935,sha256:bd942a7bcbe33ba673b7fdec9b2ff2b747cb0d530af4522e5d003d78fb3f640b,2025-04-01,Dufferin Grove (83),-79.4370618209781,43.65521640563446,0,1.3551376098158618,-1.3551376098158618
Basis Ridge (tuned),2024-12-01,0.013305392433761935,sha256:bd942a7bcbe33ba673b7fdec9b2ff2b747cb0d530af4522e5d003d78fb3f640b,2025-04-01,East End-Danforth (62),-79.30055625233094,43.68572312555001,0,1.36994322461729,-1.36994322461729
Basis Ridge (tuned),2024-12-01,0.013305392433761935,sha256:bd942a7bcbe33ba673b7fdec9b2ff2b747cb0d530af4522e5d003d78fb3f640b,2025-04-01,Edenbridge-Humber Valley (9),-79.52023309003076,43.66557816852869,0,0,0
Basis Ridge (tuned),2024-12-01,0.013305392433761935,sha256:bd942a7bcbe33ba673b7fdec9b2ff2b747cb0d530af4522e5d003d78fb3f640b,2025-04-01,Eglinton East (138),-79.24473615792672,43.73991827916189,1,0,1
Basis Ridge (tuned),2024-12-01,0.013305392433761935,sha256:bd942a7bcbe33ba673b7fdec9b2ff2b747cb0d530af4522e5d003d78fb3f640b,2025-04-01,Elms-Old Rexdale (5),-79.55208772185198,43.71927285915033,0,0,0
Basis Ridge (tuned),2024-12-01,0.013305392433761935,sha256:bd942a7bcbe33ba673b7fdec9b2ff2b747cb0d530af4522e5d003d78fb3f640b,2025-04-01,Englemount-Lawrence (32),-79.43712596977969,43.7204676607881,0,0.24367304489188304,-0.24367304489188304
Basis Ridge (tuned),2024-12-01,0.013305392433761935,sha256:bd942a7bcbe33ba673b7fdec9b2ff2b747cb0d530af4522e5d003d78fb3f640b,2025-04-01,Eringate-Centennial-West Deane (11),-79.57787073233334,43.65860025717794,0,0,0
Basis Ridge (tuned),2024-12-01,0.013305392433761935,sha256:bd942a7bcbe33ba673b7fdec9b2ff2b747cb0d530af4522e5d003d78fb3f640b,2025-04-01,Etobicoke West Mall (13),-79.5678030787646,43.64190931147644,0,0,0
Basis Ridge (tuned),2024-12-01,0.013305392433761935,sha256:bd942a7bcbe33ba673b7fdec9b2ff2b747cb0d530af4522e5d003d78fb3f640b,2025-04-01,Flemingdon Park (44),-79.33198682919883,43.71530756444098,4,0,4
Basis Ridge (tuned),2024-12-01,0.013305392433761935,sha256:bd942a7bcbe33ba673b7fdec9b2ff2b747cb0d530af4522e5d003d78fb3f640b,2025-04-01,Forest Hill North (102),-79.43346069412912,43.70194436532484,1,0.15212238475628645,0.8478776152437135
Basis Ridge (tuned),2024-12-01,0.013305392433761935,sha256:bd942a7bcbe33ba673b7fdec9b2ff2b747cb0d530af4522e5d003d78fb3f640b,2025-04-01,Forest Hill South (101),-79.41299883590433,43.6890600119443,0,0.19934439035752002,-0.19934439035752002
Basis Ridge (tuned),2024-12-01,0.013305392433761935,sha256:bd942a7bcbe33ba673b7fdec9b2ff2b747cb0d530af4522e5d003d78fb3f640b,2025-04-01,Glenfield-Jane Heights (25),-79.50908241975385,43.74806287596809,1,0.09947309317314311,0.9005269068268569
Basis Ridge (tuned),2024-12-01,0.013305392433761935,sha256:bd942a7bcbe33ba673b7fdec9b2ff2b747cb0d530af4522e5d003d78fb3f640b,2025-04-01,Greenwood-Coxwell (65),-79.32392461588157,43.67182578504262,0,0.9252266042076963,-0.9252266042076963
Basis Ridge (tuned),2024-12-01,0.013305392433761935,sha256:bd942a7bcbe33ba673b7fdec9b2ff2b747cb0d530af4522e5d003d78fb3f640b,2025-04-01,Guildwood (140),-79.1987335919193,43.747914590059,0,0,0
Basis Ridge (tuned),2024-12-01,0.013305392433761935,sha256:bd942a7bcbe33ba673b7fdec9b2ff2b747cb0d530af4522e5d003d78fb3f640b,2025-04-01,Henry Farm (53),-79.34642185767248,43.76957681680956,0,0,0
Basis Ridge (tuned),2024-12-01,0.013305392433761935,sha256:bd942a7bcbe33ba673b7fdec9b2ff2b747cb0d530af4522e5d003d78fb3f640b,2025-04-01,High Park North (88),-79.4652298180643,43.65722103912335,0,1.662770346636183,-1.662770346636183
Basis Ridge (tuned),2024-12-01,0.013305392433761935,sha256:bd942a7bcbe33ba673b7fdec9b2ff2b747cb0d530af4522e5d003d78fb3f640b,2025-04-01,High Park-Swansea (87),-79.4648159122912,43.64453199862067,2,0.7898681054307031,1.210131894569297
Basis Ridge (tuned),2024-12-01,0.013305392433761935,sha256:bd942a7bcbe33ba673b7fdec9b2ff2b747cb0d530af4522e5d003d78fb3f640b,2025-04-01,Highland Creek (134),-79.18452149622338,43.786273991320705,0,0,0
Basis Ridge (tuned),2024-12-01,0.013305392433761935,sha256:bd942a7bcbe33ba673b7fdec9b2ff2b747cb0d530af4522e5d003d78fb3f640b,2025-04-01,Hillcrest Village (48),-79.35806283641195,43.79960270136573,0,0,0
Basis Ridge (tuned),2024-12-01,0.013305392433761935,sha256:bd942a7bcbe33ba673b7fdec9b2ff2b747cb0d530af4522e5d003d78fb3f640b,2025-04-01,Humber Heights-Westmount (8),-79.51864457298561,43.69564007439048,0,0,0
Basis Ridge (tuned),2024-12-01,0.013305392433761935,sha256:bd942a7bcbe33ba673b7fdec9b2ff2b747cb0d530af4522e5d003d78fb3f640b,2025-04-01,Humber Summit (21),-79.56057763521508,43.75362439798188,0,0,0
Basis Ridge (tuned),2024-12-01,0.013305392433761935,sha256:bd942a7bcbe33ba673b7fdec9b2ff2b747cb0d530af4522e5d003d78fb3f640b,2025-04-01,Humbermede (22),-79.54521679307662,43.74787608113298,0,0,0
Basis Ridge (tuned),2024-12-01,0.013305392433761935,sha256:bd942a7bcbe33ba673b7fdec9b2ff2b747cb0d530af4522e5d003d78fb3f640b,2025-04-01,Humewood-Cedarvale (106),-79.42603840921164,43.68908389632168,0,0.5220632410426206,-0.5220632410426206
Basis Ridge (tuned),2024-12-01,0.013305392433761935,sha256:bd942a7bcbe33ba673b7fdec9b2ff2b747cb0d530af4522e5d003d78fb3f640b,2025-04-01,Ionview (125),-79.2682783103958,43.73299077700163,0,0,0
Basis Ridge (tuned),2024-12-01,0.013305392433761935,sha256:bd942a7bcbe33ba673b7fdec9b2ff2b747cb0d530af4522e5d003d78fb3f640b,2025-04-01,Islington-City Centre West (14),-79.53678079261083,43.641361915813675,8,0.6969782194638288,7.303021780536171
Basis Ridge (tuned),2024-12-01,0.013305392433761935,sha256:bd942a7bcbe33ba673b7fdec9b2ff2b747cb0d530af4522e5d003d78fb3f640b,2025-04-01,Junction Area (90),-79.46892477498491,43.6655394100211,1,0.6038965303299486,0.3961034696700514
Basis Ridge (tuned),2024-12-01,0.013305392433761935,sha256:bd942a7bcbe33ba673b7fdec9b2ff2b747cb0d530af4522e5d003d78fb3f640b,2025-04-01,Keelesdale-Eglinton West (110),-79.47055790633043,43.68391780141048,0,0,0
Basis Ridge (tuned),2024-12-01,0.013305392433761935,sha256:bd942a7bcbe33ba673b7fdec9b2ff2b747cb0d530af4522e5d003d78fb3f640b,2025-04-01,Kennedy Park (124),-79.25874986465229,43.728410786674374,0,0,0
Basis Ridge (tuned),2024-12-01,0.013305392433761935,sha256:bd942a7bcbe33ba673b7fdec9b2ff2b747cb0d530af4522e5d003d78fb3f640b,2025-04-01,Kensington-Chinatown (78),-79.3967980354919,43.65388049459246,13,5.046153181822194,7.953846818177806
Basis Ridge (tuned),2024-12-01,0.013305392433761935,sha256:bd942a7bcbe33ba673b7fdec9b2ff2b747cb0d530af4522e5d003d78fb3f640b,2025-04-01,Kingsview Village-The Westway (6),-79.54911503533694,43.69584358136977,1,0,1
Basis Ridge (tuned),2024-12-01,0.013305392433761935,sha256:bd942a7bcbe33ba673b7fdec9b2ff2b747cb0d530af4522e5d003d78fb3f640b,2025-04-01,Kingsway South (15),-79.51086459422443,43.65032283055947,0,0.09631282266268293,-0.09631282266268293
Basis Ridge (tuned),2024-12-01,0.013305392433761935,sha256:bd942a7bcbe33ba673b7fdec9b2ff2b747cb0d530af4522e5d003d78fb3f640b,2025-04-01,L'Amoreaux (117),-79.3201008921114,43.79636378659849,0,0.023716049871880113,-0.023716049871880113
Basis Ridge (tuned),2024-12-01,0.013305392433761935,sha256:bd942a7bcbe33ba673b7fdec9b2ff2b747cb0d530af4522e5d003d78fb3f640b,2025-04-01,Lambton Baby Point (114),-79.49452130561747,43.65593529844182,0,0,0
Basis Ridge (tuned),2024-12-01,0.013305392433761935,sha256:bd942a7bcbe33ba673b7fdec9b2ff2b747cb0d530af4522e5d003d78fb3f640b,2025-04-01,Lansing-Westgate (38),-79.41222964417364,43.761840287387486,0,0.023699128064145404,-0.023699128064145404
Basis Ridge (tuned),2024-12-01,0.013305392433761935,sha256:bd942a7bcbe33ba673b7fdec9b2ff2b747cb0d530af4522e5d003d78fb3f640b,2025-04-01,Lawrence Park North (105),-79.40643053379212,43.72768097403552,0,0.22889732472939597,-0.22889732472939597
Basis Ridge (tuned),2024-12-01,0.013305392433761935,sha256:bd942a7bcbe33ba673b7fdec9b2ff2b747cb0d530af4522e5d003d78fb3f640b,2025-04-01,Lawrence Park South (103),-79.41020212544387,43.72248127246825,0,0.19719593639405708,-0.19719593639405708
Basis Ridge (tuned),2024-12-01,0.013305392433761935,sha256:bd942a7bcbe33ba673b7fdec9b2ff2b747cb0d530af4522e5d003d78fb3f640b,2025-04-01,Leaside-Bennington (56),-79.36756549485442,43.70630335329757,0,0.5432313020060722,-0.5432313020060722
Basis Ridge (tuned),2024-12-01,0.013305392433761935,sha256:bd942a7bcbe33ba673b7fdec9b2ff2b747cb0d530af4522e5d003d78fb3f640b,2025-04-01,Little Portugal (84),-79.42637552454019,43.64409148964972,0,1.5488894453856976,-1.5488894453856976
Basis Ridge (tuned),2024-12-01,0.013305392433761935,sha256:bd942a7bcbe33ba673b7fdec9b2ff2b747cb0d530af4522e5d003d78fb3f640b,2025-04-01,Long Branch (19),-79.53237502113143,43.591006620404656,0,0.26037519916919677,-0.26037519916919677
Basis Ridge (tuned),2024-12-01,0.013305392433761935,sha256:bd942a7bcbe33ba673b7fdec9b2ff2b747cb0d530af4522e5d003d78fb3f640b,2025-04-01,Malvern (132),-79.22095167470565,43.80455499438271,1,0.001868906455842883,0.9981310935441571
Basis Ridge (tuned),2024-12-01,0.013305392433761935,sha256:bd942a7bcbe33ba673b7fdec9b2ff2b747cb0d530af4522e5d003d78fb3f640b,2025-04-01,Maple Leaf (29),-79.4843756407544,43.718225646439535,0,0,0
Basis Ridge (tuned),2024-12-01,0.013305392433761935,sha256:bd942a7bcbe33ba673b7fdec9b2ff2b747cb0d530af4522e5d003d78fb3f640b,2025-04-01,Markland Wood (12),-79.57650734129277,43.633689780366026,0,0,0
Basis Ridge (tuned),2024-12-01,0.013305392433761935,sha256:bd942a7bcbe33ba673b7fdec9b2ff2b747cb0d530af4522e5d003d78fb3f640b,2025-04-01,Milliken (130),-79.28878321264463,43.82084812422136,0,0,0
Basis Ridge (tuned),2024-12-01,0.013305392433761935,sha256:bd942a7bcbe33ba673b7fdec9b2ff2b747cb0d530af4522e5d003d78fb3f640b,2025-04-01,Mimico (includes Humber Bay Shores) (17),-79.48568571369577,43.62094188018773,5,1.6108791839238532,3.389120816076147
Basis Ridge (tuned),2024-12-01,0.013305392433761935,sha256:bd942a7bcbe33ba673b7fdec9b2ff2b747cb0d530af4522e5d003d78fb3f640b,2025-04-01,Morningside (135),-79.20335964084892,43.78544794442794,0,0,0
Basis Ridge (tuned),2024-12-01,0.013305392433761935,sha256:bd942a7bcbe33ba673b7fdec9b2ff2b747cb0d530af4522e5d003d78fb3f640b,2025-04-01,Moss Park (73),-79.36913295325593,43.65425609335975,5,4.588473757223812,0.4115262427761879
Basis Ridge (tuned),2024-12-01,0.013305392433761935,sha256:bd942a7bcbe33ba673b7fdec9b2ff2b747cb0d530af4522e5d003d78fb3f640b,2025-04-01,Mount Dennis (115),-79.48946593742998,43.68565859464735,0,0,0
Basis Ridge (tuned),2024-12-01,0.013305392433761935,sha256:bd942a7bcbe33ba673b7fdec9b2ff2b747cb0d530af4522e5d003d78fb3f640b,2025-04-01,Mount Olive-Silverstone-Jamestown (2),-79.58577617904946,43.74325917379369,0,0.016619262234722675,-0.016619262234722675
Basis Ridge (tuned),2024-12-01,0.013305392433761935,sha256:bd942a7bcbe33ba673b7fdec9b2ff2b747cb0d530af4522e5d003d78fb3f640b,2025-04-01,Mount Pleasant East (99),-79.38525136980005,43.70699758566823,0,0.42672003056269153,-0.42672003056269153
Basis Ridge (tuned),2024-12-01,0.013305392433761935,sha256:bd942a7bcbe33ba673b7fdec9b2ff2b747cb0d530af4522e5d003d78fb3f640b,2025-04-01,Mount Pleasant West (104),-79.39441924813381,43.705281018271585,1,1.817598094552418,-0.8175980945524179
Basis Ridge (tuned),2024-12-01,0.013305392433761935,sha256:bd942a7bcbe33ba673b7fdec9b2ff2b747cb0d530af4522e5d003d78fb3f640b,2025-04-01,NSA,NA,NA,1,0.877892828211534,0.12210717178846597
Basis Ridge (tuned),2024-12-01,0.013305392433761935,sha256:bd942a7bcbe33ba673b7fdec9b2ff2b747cb0d530af4522e5d003d78fb3f640b,2025-04-01,New Toronto (18),-79.50819536860408,43.60067938873378,0,0.24380494455717788,-0.24380494455717788
Basis Ridge (tuned),2024-12-01,0.013305392433761935,sha256:bd942a7bcbe33ba673b7fdec9b2ff2b747cb0d530af4522e5d003d78fb3f640b,2025-04-01,Newtonbrook East (50),-79.4155662486542,43.782773804672864,1,0.0272713568467272,0.9727286431532728
Basis Ridge (tuned),2024-12-01,0.013305392433761935,sha256:bd942a7bcbe33ba673b7fdec9b2ff2b747cb0d530af4522e5d003d78fb3f640b,2025-04-01,Newtonbrook West (36),-79.42082573006313,43.78444945871987,2,0.4897606845718818,1.5102393154281182
Basis Ridge (tuned),2024-12-01,0.013305392433761935,sha256:bd942a7bcbe33ba673b7fdec9b2ff2b747cb0d530af4522e5d003d78fb3f640b,2025-04-01,Niagara (82),-79.40825413058062,43.639170480800686,3,5.1667461350106985,-2.1667461350106985
Basis Ridge (tuned),2024-12-01,0.013305392433761935,sha256:bd942a7bcbe33ba673b7fdec9b2ff2b747cb0d530af4522e5d003d78fb3f640b,2025-04-01,North Riverdale (68),-79.34942497640164,43.67320424441098,2,0.7888733129994219,1.2111266870005781
Basis Ridge (tuned),2024-12-01,0.013305392433761935,sha256:bd942a7bcbe33ba673b7fdec9b2ff2b747cb0d530af4522e5d003d78fb3f640b,2025-04-01,North St.James Town (74),-79.37622315570079,43.66924040879271,2,1.6907343768368983,0.3092656231631017
Basis Ridge (tuned),2024-12-01,0.013305392433761935,sha256:bd942a7bcbe33ba673b7fdec9b2ff2b747cb0d530af4522e5d003d78fb3f640b,2025-04-01,O'Connor-Parkview (54),-79.30295705711893,43.707394189060395,0,0.005152836479696534,-0.005152836479696534
Basis Ridge (tuned),2024-12-01,0.013305392433761935,sha256:bd942a7bcbe33ba673b7fdec9b2ff2b747cb0d530af4522e5d003d78fb3f640b,2025-04-01,Oakridge (121),-79.28580476562132,43.69338422103418,0,0.05719755944417303,-0.05719755944417303
Basis Ridge (tuned),2024-12-01,0.013305392433761935,sha256:bd942a7bcbe33ba673b7fdec9b2ff2b747cb0d530af4522e5d003d78fb3f640b,2025-04-01,Oakwood Village (107),-79.43992214652974,43.693163772618576,1,0.20686253932764861,0.7931374606723514
Basis Ridge (tuned),2024-12-01,0.013305392433761935,sha256:bd942a7bcbe33ba673b7fdec9b2ff2b747cb0d530af4522e5d003d78fb3f640b,2025-04-01,Old East York (58),-79.33971322725657,43.69468655917457,0,0,0
Basis Ridge (tuned),2024-12-01,0.013305392433761935,sha256:bd942a7bcbe33ba673b7fdec9b2ff2b747cb0d530af4522e5d003d78fb3f640b,2025-04-01,Palmerston-Little Italy (80),-79.41607073008583,43.65977590713319,1,1.8067897480031012,-0.8067897480031012
Basis Ridge (tuned),2024-12-01,0.013305392433761935,sha256:bd942a7bcbe33ba673b7fdec9b2ff2b747cb0d530af4522e5d003d78fb3f640b,2025-04-01,Parkwoods-Donalda (45),-79.32857716506125,43.75401452181123,0,0,0
Basis Ridge (tuned),2024-12-01,0.013305392433761935,sha256:bd942a7bcbe33ba673b7fdec9b2ff2b747cb0d530af4522e5d003d78fb3f640b,2025-04-01,Pelmo Park-Humberlea (23),-79.53452633259599,43.71053804014776,0,0,0
Basis Ridge (tuned),2024-12-01,0.013305392433761935,sha256:bd942a7bcbe33ba673b7fdec9b2ff2b747cb0d530af4522e5d003d78fb3f640b,2025-04-01,Playter Estates-Danforth (67),-79.35537498775473,43.678037843577414,1,0.4491666136562524,0.5508333863437476
Basis Ridge (tuned),2024-12-01,0.013305392433761935,sha256:bd942a7bcbe33ba673b7fdec9b2ff2b747cb0d530af4522e5d003d78fb3f640b,2025-04-01,Pleasant View (46),-79.33169496448295,43.78880674789264,0,0,0
Basis Ridge (tuned),2024-12-01,0.013305392433761935,sha256:bd942a7bcbe33ba673b7fdec9b2ff2b747cb0d530af4522e5d003d78fb3f640b,2025-04-01,Princess-Rosethorn (10),-79.54278218831497,43.6664342839495,0,0,0
Basis Ridge (tuned),2024-12-01,0.013305392433761935,sha256:bd942a7bcbe33ba673b7fdec9b2ff2b747cb0d530af4522e5d003d78fb3f640b,2025-04-01,Regent Park (72),-79.36178286088128,43.65943439853815,1,1.0028672789351547,-0.0028672789351547046
Basis Ridge (tuned),2024-12-01,0.013305392433761935,sha256:bd942a7bcbe33ba673b7fdec9b2ff2b747cb0d530af4522e5d003d78fb3f640b,2025-04-01,Rexdale-Kipling (4),-79.56943957685264,43.726549256380395,0,0,0
Basis Ridge (tuned),2024-12-01,0.013305392433761935,sha256:bd942a7bcbe33ba673b7fdec9b2ff2b747cb0d530af4522e5d003d78fb3f640b,2025-04-01,Rockcliffe-Smythe (111),-79.49193279998173,43.67234248080122,1,0.04180031381406099,0.958199686185939
Basis Ridge (tuned),2024-12-01,0.013305392433761935,sha256:bd942a7bcbe33ba673b7fdec9b2ff2b747cb0d530af4522e5d003d78fb3f640b,2025-04-01,Roncesvalles (86),-79.44277811907274,43.64370439603947,0,1.2546925256564114,-1.2546925256564114
Basis Ridge (tuned),2024-12-01,0.013305392433761935,sha256:bd942a7bcbe33ba673b7fdec9b2ff2b747cb0d530af4522e5d003d78fb3f640b,2025-04-01,Rosedale-Moore Park (98),-79.38462305095243,43.67502671420579,5,2.2157556153211124,2.7842443846788876
Basis Ridge (tuned),2024-12-01,0.013305392433761935,sha256:bd942a7bcbe33ba673b7fdec9b2ff2b747cb0d530af4522e5d003d78fb3f640b,2025-04-01,Rouge (131),-79.13309434834144,43.78938806538385,0,0.052259624857773176,-0.052259624857773176
Basis Ridge (tuned),2024-12-01,0.013305392433761935,sha256:bd942a7bcbe33ba673b7fdec9b2ff2b747cb0d530af4522e5d003d78fb3f640b,2025-04-01,Runnymede-Bloor West Village (89),-79.48480851655415,43.65975616827931,0,0.20975835076083335,-0.20975835076083335
Basis Ridge (tuned),2024-12-01,0.013305392433761935,sha256:bd942a7bcbe33ba673b7fdec9b2ff2b747cb0d530af4522e5d003d78fb3f640b,2025-04-01,Rustic (28),-79.50024894268427,43.70839284643953,0,0,0
Basis Ridge (tuned),2024-12-01,0.013305392433761935,sha256:bd942a7bcbe33ba673b7fdec9b2ff2b747cb0d530af4522e5d003d78fb3f640b,2025-04-01,Scarborough Village (139),-79.22121647737255,43.74178808353859,2,0,2
Basis Ridge (tuned),2024-12-01,0.013305392433761935,sha256:bd942a7bcbe33ba673b7fdec9b2ff2b747cb0d530af4522e5d003d78fb3f640b,2025-04-01,South Parkdale (85),-79.43087572304012,43.63836538756867,3,1.406839005179773,1.593160994820227
Basis Ridge (tuned),2024-12-01,0.013305392433761935,sha256:bd942a7bcbe33ba673b7fdec9b2ff2b747cb0d530af4522e5d003d78fb3f640b,2025-04-01,South Riverdale (70),-79.34033408773206,43.66227352160024,0,3.7231917021110874,-3.7231917021110874
Basis Ridge (tuned),2024-12-01,0.013305392433761935,sha256:bd942a7bcbe33ba673b7fdec9b2ff2b747cb0d530af4522e5d003d78fb3f640b,2025-04-01,St.Andrew-Windfields (40),-79.39807496057622,43.75295000125709,0,0.013586512583504,-0.013586512583504
Basis Ridge (tuned),2024-12-01,0.013305392433761935,sha256:bd942a7bcbe33ba673b7fdec9b2ff2b747cb0d530af4522e5d003d78fb3f640b,2025-04-01,Steeles (116),-79.32254019689177,43.815065444286134,0,0,0
Basis Ridge (tuned),2024-12-01,0.013305392433761935,sha256:bd942a7bcbe33ba673b7fdec9b2ff2b747cb0d530af4522e5d003d78fb3f640b,2025-04-01,Stonegate-Queensway (16),-79.50687874894817,43.63678476785418,0,0.12870079989889313,-0.12870079989889313
Basis Ridge (tuned),2024-12-01,0.013305392433761935,sha256:bd942a7bcbe33ba673b7fdec9b2ff2b747cb0d530af4522e5d003d78fb3f640b,2025-04-01,Tam O'Shanter-Sullivan (118),-79.29346258821549,43.78211963627784,0,0.005303045842342212,-0.005303045842342212
Basis Ridge (tuned),2024-12-01,0.013305392433761935,sha256:bd942a7bcbe33ba673b7fdec9b2ff2b747cb0d530af4522e5d003d78fb3f640b,2025-04-01,Taylor-Massey (61),-79.29495186057909,43.692458919227406,0,0.20577403285289667,-0.20577403285289667
Basis Ridge (tuned),2024-12-01,0.013305392433761935,sha256:bd942a7bcbe33ba673b7fdec9b2ff2b747cb0d530af4522e5d003d78fb3f640b,2025-04-01,The Beaches (63),-79.30297553719052,43.66875560841342,0,1.0482901050355755,-1.0482901050355755
Basis Ridge (tuned),2024-12-01,0.013305392433761935,sha256:bd942a7bcbe33ba673b7fdec9b2ff2b747cb0d530af4522e5d003d78fb3f640b,2025-04-01,Thistletown-Beaumond Heights (3),-79.5659329290065,43.73754827301803,0,0,0
Basis Ridge (tuned),2024-12-01,0.013305392433761935,sha256:bd942a7bcbe33ba673b7fdec9b2ff2b747cb0d530af4522e5d003d78fb3f640b,2025-04-01,Thorncliffe Park (55),-79.35448121100222,43.71036836631147,0,0.18850289226689165,-0.18850289226689165
Basis Ridge (tuned),2024-12-01,0.013305392433761935,sha256:bd942a7bcbe33ba673b7fdec9b2ff2b747cb0d530af4522e5d003d78fb3f640b,2025-04-01,Trinity-Bellwoods (81),-79.41373927922925,43.65087049509186,1,1.8813213970367728,-0.8813213970367728
Basis Ridge (tuned),2024-12-01,0.013305392433761935,sha256:bd942a7bcbe33ba673b7fdec9b2ff2b747cb0d530af4522e5d003d78fb3f640b,2025-04-01,University (79),-79.39982104056267,43.66254295263539,5,3.546438966330036,1.4535610336699638
Basis Ridge (tuned),2024-12-01,0.013305392433761935,sha256:bd942a7bcbe33ba673b7fdec9b2ff2b747cb0d530af4522e5d003d78fb3f640b,2025-04-01,Victoria Village (43),-79.3128138518101,43.72684844443762,0,0,0
Basis Ridge (tuned),2024-12-01,0.013305392433761935,sha256:bd942a7bcbe33ba673b7fdec9b2ff2b747cb0d530af4522e5d003d78fb3f640b,2025-04-01,Waterfront Communities-The Island (77),-79.38919773860151,43.64473008383375,18,14.414205059327482,3.5857949406725176
Basis Ridge (tuned),2024-12-01,0.013305392433761935,sha256:bd942a7bcbe33ba673b7fdec9b2ff2b747cb0d530af4522e5d003d78fb3f640b,2025-04-01,West Hill (136),-79.18284860837016,43.76769079627477,1,0.27985815622562416,0.7201418437743758
Basis Ridge (tuned),2024-12-01,0.013305392433761935,sha256:bd942a7bcbe33ba673b7fdec9b2ff2b747cb0d530af4522e5d003d78fb3f640b,2025-04-01,West Humber-Clairville (1),-79.60420741329722,43.73006355433667,2,0.11186216614664424,1.8881378338533557
Basis Ridge (tuned),2024-12-01,0.013305392433761935,sha256:bd942a7bcbe33ba673b7fdec9b2ff2b747cb0d530af4522e5d003d78fb3f640b,2025-04-01,Westminster-Branson (35),-79.44807552904417,43.781743102812335,0,0.0974123676675235,-0.0974123676675235
Basis Ridge (tuned),2024-12-01,0.013305392433761935,sha256:bd942a7bcbe33ba673b7fdec9b2ff2b747cb0d530af4522e5d003d78fb3f640b,2025-04-01,Weston (113),-79.5165855480493,43.702833758307314,0,0.06109819753526336,-0.06109819753526336
Basis Ridge (tuned),2024-12-01,0.013305392433761935,sha256:bd942a7bcbe33ba673b7fdec9b2ff2b747cb0d530af4522e5d003d78fb3f640b,2025-04-01,Weston-Pelham Park (91),-79.45875842314518,43.67071482937652,0,0,0
Basis Ridge (tuned),2024-12-01,0.013305392433761935,sha256:bd942a7bcbe33ba673b7fdec9b2ff2b747cb0d530af4522e5d003d78fb3f640b,2025-04-01,Wexford/Maryvale (119),-79.30050366891615,43.74264083383781,1,0.18526864071079735,0.8147313592892027
Basis Ridge (tuned),2024-12-01,0.013305392433761935,sha256:bd942a7bcbe33ba673b7fdec9b2ff2b747cb0d530af4522e5d003d78fb3f640b,2025-04-01,Willowdale East (51),-79.410074781475,43.76524478810602,1,1.2790610034020866,-0.2790610034020866
Basis Ridge (tuned),2024-12-01,0.013305392433761935,sha256:bd942a7bcbe33ba673b7fdec9b2ff2b747cb0d530af4522e5d003d78fb3f640b,2025-04-01,Willowdale West (37),-79.41563035776022,43.77061463226557,2,0.36828777055761475,1.6317122294423854
Basis Ridge (tuned),2024-12-01,0.013305392433761935,sha256:bd942a7bcbe33ba673b7fdec9b2ff2b747cb0d530af4522e5d003d78fb3f640b,2025-04-01,Willowridge-Martingrove-Richview (7),-79.55960317676033,43.68486812894035,0,0,0
Basis Ridge (tuned),2024-12-01,0.013305392433761935,sha256:bd942a7bcbe33ba673b7fdec9b2ff2b747cb0d530af4522e5d003d78fb3f640b,2025-04-01,Woburn (137),-79.22656387770975,43.76289989874722,0,0.14703425619781274,-0.14703425619781274
Basis Ridge (tuned),2024-12-01,0.013305392433761935,sha256:bd942a7bcbe33ba673b7fdec9b2ff2b747cb0d530af4522e5d003d78fb3f640b,2025-04-01,Woodbine Corridor (64),-79.31407054230695,43.67581440173363,0,0.4131121706653248,-0.4131121706653248
Basis Ridge (tuned),2024-12-01,0.013305392433761935,sha256:bd942a7bcbe33ba673b7fdec9b2ff2b747cb0d530af4522e5d003d78fb3f640b,2025-04-01,Woodbine-Lumsden (60),-79.31039264658962,43.69145821847367,0,0,0
Basis Ridge (tuned),2024-12-01,0.013305392433761935,sha256:bd942a7bcbe33ba673b7fdec9b2ff2b747cb0d530af4522e5d003d78fb3f640b,2025-04-01,Wychwood (94),-79.42710542937913,43.6784532168336,1,0.4559877506563165,0.5440122493436834
Basis Ridge (tuned),2024-12-01,0.013305392433761935,sha256:bd942a7bcbe33ba673b7fdec9b2ff2b747cb0d530af4522e5d003d78fb3f640b,2025-04-01,Yonge-Eglinton (100),-79.40102373824469,43.70674080495774,0,0.4746213374728504,-0.4746213374728504
Basis Ridge (tuned),2024-12-01,0.013305392433761935,sha256:bd942a7bcbe33ba673b7fdec9b2ff2b747cb0d530af4522e5d003d78fb3f640b,2025-04-01,Yonge-St.Clair (97),-79.39834065134646,43.689263791751046,0,0.3585010944971041,-0.3585010944971041
Basis Ridge (tuned),2024-12-01,0.013305392433761935,sha256:bd942a7bcbe33ba673b7fdec9b2ff2b747cb0d530af4522e5d003d78fb3f640b,2025-04-01,York University Heights (27),-79.49891755560928,43.76657476817609,1,0.7768502739636044,0.2231497260363956
Basis Ridge (tuned),2024-12-01,0.013305392433761935,sha256:bd942a7bcbe33ba673b7fdec9b2ff2b747cb0d530af4522e5d003d78fb3f640b,2025-04-01,Yorkdale-Glen Park (31),-79.45130621630454,43.714348256200424,1,0.3980188359308972,0.6019811640691028
Basis Ridge (tuned),2024-12-01,0.013305392433761935,sha256:bd942a7bcbe33ba673b7fdec9b2ff2b747cb0d530af4522e5d003d78fb3f640b,2025-05-01,Agincourt North (129),-79.26928393506104,43.810980375100264,0,0,0
Basis Ridge (tuned),2024-12-01,0.013305392433761935,sha256:bd942a7bcbe33ba673b7fdec9b2ff2b747cb0d530af4522e5d003d78fb3f640b,2025-05-01,Agincourt South-Malvern West (128),-79.28002861084076,43.7889253690791,0,0.11582925776618706,-0.11582925776618706
Basis Ridge (tuned),2024-12-01,0.013305392433761935,sha256:bd942a7bcbe33ba673b7fdec9b2ff2b747cb0d530af4522e5d003d78fb3f640b,2025-05-01,Alderwood (20),-79.54538918515296,43.6065751977772,1,0.016488645623784406,0.9835113543762156
Basis Ridge (tuned),2024-12-01,0.013305392433761935,sha256:bd942a7bcbe33ba673b7fdec9b2ff2b747cb0d530af4522e5d003d78fb3f640b,2025-05-01,Annex (95),-79.40380913861458,43.670104609767606,6,6.2276229315028,-0.22762293150280044
Basis Ridge (tuned),2024-12-01,0.013305392433761935,sha256:bd942a7bcbe33ba673b7fdec9b2ff2b747cb0d530af4522e5d003d78fb3f640b,2025-05-01,Banbury-Don Mills (42),-79.3409210158811,43.73511850435992,2,0.1835902897963347,1.8164097102036654
Basis Ridge (tuned),2024-12-01,0.013305392433761935,sha256:bd942a7bcbe33ba673b7fdec9b2ff2b747cb0d530af4522e5d003d78fb3f640b,2025-05-01,Bathurst Manor (34),-79.45175843487672,43.75609728872373,0,0.11918182185535277,-0.11918182185535277
Basis Ridge (tuned),2024-12-01,0.013305392433761935,sha256:bd942a7bcbe33ba673b7fdec9b2ff2b747cb0d530af4522e5d003d78fb3f640b,2025-05-01,Bay Street Corridor (76),-79.38436854475557,43.65730879641258,24,14.339374670268027,9.660625329731973
Basis Ridge (tuned),2024-12-01,0.013305392433761935,sha256:bd942a7bcbe33ba673b7fdec9b2ff2b747cb0d530af4522e5d003d78fb3f640b,2025-05-01,Bayview Village (52),-79.38403601743099,43.769051789694494,0,0.5303125873389041,-0.5303125873389041
Basis Ridge (tuned),2024-12-01,0.013305392433761935,sha256:bd942a7bcbe33ba673b7fdec9b2ff2b747cb0d530af4522e5d003d78fb3f640b,2025-05-01,Bayview Woods-Steeles (49),-79.3743681512798,43.797822785562154,0,0,0
Basis Ridge (tuned),2024-12-01,0.013305392433761935,sha256:bd942a7bcbe33ba673b7fdec9b2ff2b747cb0d530af4522e5d003d78fb3f640b,2025-05-01,Bedford Park-Nortown (39),-79.42125788351791,43.72757981721193,0,0.29692025002950634,-0.29692025002950634
Basis Ridge (tuned),2024-12-01,0.013305392433761935,sha256:bd942a7bcbe33ba673b7fdec9b2ff2b747cb0d530af4522e5d003d78fb3f640b,2025-05-01,Beechborough-Greenbrook (112),-79.4744663865561,43.691508083029944,1,0,1
Basis Ridge (tuned),2024-12-01,0.013305392433761935,sha256:bd942a7bcbe33ba673b7fdec9b2ff2b747cb0d530af4522e5d003d78fb3f640b,2025-05-01,Bendale (127),-79.26046315357324,43.76293076745831,0,0.25140815511613024,-0.25140815511613024
Basis Ridge (tuned),2024-12-01,0.013305392433761935,sha256:bd942a7bcbe33ba673b7fdec9b2ff2b747cb0d530af4522e5d003d78fb3f640b,2025-05-01,Birchcliffe-Cliffside (122),-79.27062357025366,43.69131003372983,0,0.37880504011451227,-0.37880504011451227
Basis Ridge (tuned),2024-12-01,0.013305392433761935,sha256:bd942a7bcbe33ba673b7fdec9b2ff2b747cb0d530af4522e5d003d78fb3f640b,2025-05-01,Black Creek (24),-79.51869671361172,43.76523138519309,1,0.10619701384233142,0.8938029861576686
Basis Ridge (tuned),2024-12-01,0.013305392433761935,sha256:bd942a7bcbe33ba673b7fdec9b2ff2b747cb0d530af4522e5d003d78fb3f640b,2025-05-01,Blake-Jones (69),-79.3394451105104,43.67664416992363,0,0.49317006770157595,-0.49317006770157595
Basis Ridge (tuned),2024-12-01,0.013305392433761935,sha256:bd942a7bcbe33ba673b7fdec9b2ff2b747cb0d530af4522e5d003d78fb3f640b,2025-05-01,Briar Hill-Belgravia (108),-79.445578280552,43.699313061287725,4,0.24057394800285373,3.759426051997146
Basis Ridge (tuned),2024-12-01,0.013305392433761935,sha256:bd942a7bcbe33ba673b7fdec9b2ff2b747cb0d530af4522e5d003d78fb3f640b,2025-05-01,Bridle Path-Sunnybrook-York Mills (41),-79.38366396163413,43.72516179918022,0,0.08043258566004675,-0.08043258566004675
Basis Ridge (tuned),2024-12-01,0.013305392433761935,sha256:bd942a7bcbe33ba673b7fdec9b2ff2b747cb0d530af4522e5d003d78fb3f640b,2025-05-01,Broadview North (57),-79.35364911130229,43.683932870884654,0,0.4002986320896846,-0.4002986320896846
Basis Ridge (tuned),2024-12-01,0.013305392433761935,sha256:bd942a7bcbe33ba673b7fdec9b2ff2b747cb0d530af4522e5d003d78fb3f640b,2025-05-01,Brookhaven-Amesbury (30),-79.49015206607174,43.69942696476651,1,0.05026872231049563,0.9497312776895044
Basis Ridge (tuned),2024-12-01,0.013305392433761935,sha256:bd942a7bcbe33ba673b7fdec9b2ff2b747cb0d530af4522e5d003d78fb3f640b,2025-05-01,Cabbagetown-South St.James Town (71),-79.36975340775743,43.66521290431659,1,2.487621829509939,-1.4876218295099388
Basis Ridge (tuned),2024-12-01,0.013305392433761935,sha256:bd942a7bcbe33ba673b7fdec9b2ff2b747cb0d530af4522e5d003d78fb3f640b,2025-05-01,Caledonia-Fairbank (109),-79.4517849962554,43.690036179158305,0,0,0
Basis Ridge (tuned),2024-12-01,0.013305392433761935,sha256:bd942a7bcbe33ba673b7fdec9b2ff2b747cb0d530af4522e5d003d78fb3f640b,2025-05-01,Casa Loma (96),-79.40864864037756,43.67955392863041,1,0.5485760566024034,0.4514239433975966
Basis Ridge (tuned),2024-12-01,0.013305392433761935,sha256:bd942a7bcbe33ba673b7fdec9b2ff2b747cb0d530af4522e5d003d78fb3f640b,2025-05-01,Centennial Scarborough (133),-79.15053423026679,43.780757885389185,0,0,0
Basis Ridge (tuned),2024-12-01,0.013305392433761935,sha256:bd942a7bcbe33ba673b7fdec9b2ff2b747cb0d530af4522e5d003d78fb3f640b,2025-05-01,Church-Yonge Corridor (75),-79.37956284727365,43.66018909929288,15,13.58311616111692,1.4168838388830807
Basis Ridge (tuned),2024-12-01,0.013305392433761935,sha256:bd942a7bcbe33ba673b7fdec9b2ff2b747cb0d530af4522e5d003d78fb3f640b,2025-05-01,Clairlea-Birchmount (120),-79.28672506823307,43.709414591668256,1,0.3409541778973235,0.6590458221026765
Basis Ridge (tuned),2024-12-01,0.013305392433761935,sha256:bd942a7bcbe33ba673b7fdec9b2ff2b747cb0d530af4522e5d003d78fb3f640b,2025-05-01,Clanton Park (33),-79.44643447690169,43.74149776462126,1,0.21526320245830835,0.7847367975416917
Basis Ridge (tuned),2024-12-01,0.013305392433761935,sha256:bd942a7bcbe33ba673b7fdec9b2ff2b747cb0d530af4522e5d003d78fb3f640b,2025-05-01,Cliffcrest (123),-79.23329029919245,43.72191819765982,0,0.02717817545848303,-0.02717817545848303
Basis Ridge (tuned),2024-12-01,0.013305392433761935,sha256:bd942a7bcbe33ba673b7fdec9b2ff2b747cb0d530af4522e5d003d78fb3f640b,2025-05-01,Corso Italia-Davenport (92),-79.4427553703874,43.67658111935704,1,0.39437947185809397,0.605620528141906
Basis Ridge (tuned),2024-12-01,0.013305392433761935,sha256:bd942a7bcbe33ba673b7fdec9b2ff2b747cb0d530af4522e5d003d78fb3f640b,2025-05-01,Danforth (66),-79.33065782618279,43.682847803276616,0,0.9119614704627567,-0.9119614704627567
Basis Ridge (tuned),2024-12-01,0.013305392433761935,sha256:bd942a7bcbe33ba673b7fdec9b2ff2b747cb0d530af4522e5d003d78fb3f640b,2025-05-01,Danforth East York (59),-79.3313092800722,43.69082681262244,0,0.3331849091088963,-0.3331849091088963
Basis Ridge (tuned),2024-12-01,0.013305392433761935,sha256:bd942a7bcbe33ba673b7fdec9b2ff2b747cb0d530af4522e5d003d78fb3f640b,2025-05-01,Don Valley Village (47),-79.35240298959988,43.77988611135725,1,0.14221825993059178,0.8577817400694082
Basis Ridge (tuned),2024-12-01,0.013305392433761935,sha256:bd942a7bcbe33ba673b7fdec9b2ff2b747cb0d530af4522e5d003d78fb3f640b,2025-05-01,Dorset Park (126),-79.28077525994308,43.75528945083431,0,0.17788092577432307,-0.17788092577432307
Basis Ridge (tuned),2024-12-01,0.013305392433761935,sha256:bd942a7bcbe33ba673b7fdec9b2ff2b747cb0d530af4522e5d003d78fb3f640b,2025-05-01,Dovercourt-Wallace Emerson-Junction (93),-79.43778332382438,43.66463002065643,8,4.1547431227711344,3.8452568772288656
Basis Ridge (tuned),2024-12-01,0.013305392433761935,sha256:bd942a7bcbe33ba673b7fdec9b2ff2b747cb0d530af4522e5d003d78fb3f640b,2025-05-01,Downsview-Roding-CFB (26),-79.4835940990325,43.727986861303435,0,0.5393796641996316,-0.5393796641996316
Basis Ridge (tuned),2024-12-01,0.013305392433761935,sha256:bd942a7bcbe33ba673b7fdec9b2ff2b747cb0d530af4522e5d003d78fb3f640b,2025-05-01,Dufferin Grove (83),-79.4370618209781,43.65521640563446,3,1.7590608234679452,1.2409391765320548
Basis Ridge (tuned),2024-12-01,0.013305392433761935,sha256:bd942a7bcbe33ba673b7fdec9b2ff2b747cb0d530af4522e5d003d78fb3f640b,2025-05-01,East End-Danforth (62),-79.30055625233094,43.68572312555001,0,1.7764057087925742,-1.7764057087925742
Basis Ridge (tuned),2024-12-01,0.013305392433761935,sha256:bd942a7bcbe33ba673b7fdec9b2ff2b747cb0d530af4522e5d003d78fb3f640b,2025-05-01,Edenbridge-Humber Valley (9),-79.52023309003076,43.66557816852869,0,0.049070202327900665,-0.049070202327900665
Basis Ridge (tuned),2024-12-01,0.013305392433761935,sha256:bd942a7bcbe33ba673b7fdec9b2ff2b747cb0d530af4522e5d003d78fb3f640b,2025-05-01,Eglinton East (138),-79.24473615792672,43.73991827916189,1,0.10378802951769998,0.8962119704823001
Basis Ridge (tuned),2024-12-01,0.013305392433761935,sha256:bd942a7bcbe33ba673b7fdec9b2ff2b747cb0d530af4522e5d003d78fb3f640b,2025-05-01,Elms-Old Rexdale (5),-79.55208772185198,43.71927285915033,0,0,0
Basis Ridge (tuned),2024-12-01,0.013305392433761935,sha256:bd942a7bcbe33ba673b7fdec9b2ff2b747cb0d530af4522e5d003d78fb3f640b,2025-05-01,Englemount-Lawrence (32),-79.43712596977969,43.7204676607881,1,0.45697200922054365,0.5430279907794564
Basis Ridge (tuned),2024-12-01,0.013305392433761935,sha256:bd942a7bcbe33ba673b7fdec9b2ff2b747cb0d530af4522e5d003d78fb3f640b,2025-05-01,Eringate-Centennial-West Deane (11),-79.57787073233334,43.65860025717794,0,0,0
Basis Ridge (tuned),2024-12-01,0.013305392433761935,sha256:bd942a7bcbe33ba673b7fdec9b2ff2b747cb0d530af4522e5d003d78fb3f640b,2025-05-01,Etobicoke West Mall (13),-79.5678030787646,43.64190931147644,0,0,0
Basis Ridge (tuned),2024-12-01,0.013305392433761935,sha256:bd942a7bcbe33ba673b7fdec9b2ff2b747cb0d530af4522e5d003d78fb3f640b,2025-05-01,Flemingdon Park (44),-79.33198682919883,43.71530756444098,1,0.10060834918945775,0.8993916508105423
Basis Ridge (tuned),2024-12-01,0.013305392433761935,sha256:bd942a7bcbe33ba673b7fdec9b2ff2b747cb0d530af4522e5d003d78fb3f640b,2025-05-01,Forest Hill North (102),-79.43346069412912,43.70194436532484,0,0.34971974562032787,-0.34971974562032787
Basis Ridge (tuned),2024-12-01,0.013305392433761935,sha256:bd942a7bcbe33ba673b7fdec9b2ff2b747cb0d530af4522e5d003d78fb3f640b,2025-05-01,Forest Hill South (101),-79.41299883590433,43.6890600119443,0,0.4050406683200992,-0.4050406683200992
Basis Ridge (tuned),2024-12-01,0.013305392433761935,sha256:bd942a7bcbe33ba673b7fdec9b2ff2b747cb0d530af4522e5d003d78fb3f640b,2025-05-01,Glenfield-Jane Heights (25),-79.50908241975385,43.74806287596809,0,0.2880407179554651,-0.2880407179554651
Basis Ridge (tuned),2024-12-01,0.013305392433761935,sha256:bd942a7bcbe33ba673b7fdec9b2ff2b747cb0d530af4522e5d003d78fb3f640b,2025-05-01,Greenwood-Coxwell (65),-79.32392461588157,43.67182578504262,0,1.2554169564567355,-1.2554169564567355
Basis Ridge (tuned),2024-12-01,0.013305392433761935,sha256:bd942a7bcbe33ba673b7fdec9b2ff2b747cb0d530af4522e5d003d78fb3f640b,2025-05-01,Guildwood (140),-79.1987335919193,43.747914590059,0,0,0
Basis Ridge (tuned),2024-12-01,0.013305392433761935,sha256:bd942a7bcbe33ba673b7fdec9b2ff2b747cb0d530af4522e5d003d78fb3f640b,2025-05-01,Henry Farm (53),-79.34642185767248,43.76957681680956,1,0.07714395096452346,0.9228560490354766
Basis Ridge (tuned),2024-12-01,0.013305392433761935,sha256:bd942a7bcbe33ba673b7fdec9b2ff2b747cb0d530af4522e5d003d78fb3f640b,2025-05-01,High Park North (88),-79.4652298180643,43.65722103912335,6,2.119454810061168,3.880545189938832
Basis Ridge (tuned),2024-12-01,0.013305392433761935,sha256:bd942a7bcbe33ba673b7fdec9b2ff2b747cb0d530af4522e5d003d78fb3f640b,2025-05-01,High Park-Swansea (87),-79.4648159122912,43.64453199862067,4,1.0968434915591854,2.903156508440815
Basis Ridge (tuned),2024-12-01,0.013305392433761935,sha256:bd942a7bcbe33ba673b7fdec9b2ff2b747cb0d530af4522e5d003d78fb3f640b,2025-05-01,Highland Creek (134),-79.18452149622338,43.786273991320705,0,0.04674629760681462,-0.04674629760681462
Basis Ridge (tuned),2024-12-01,0.013305392433761935,sha256:bd942a7bcbe33ba673b7fdec9b2ff2b747cb0d530af4522e5d003d78fb3f640b,2025-05-01,Hillcrest Village (48),-79.35806283641195,43.79960270136573,1,0.023907946406714623,0.9760920535932853
Basis Ridge (tuned),2024-12-01,0.013305392433761935,sha256:bd942a7bcbe33ba673b7fdec9b2ff2b747cb0d530af4522e5d003d78fb3f640b,2025-05-01,Humber Heights-Westmount (8),-79.51864457298561,43.69564007439048,0,0,0
Basis Ridge (tuned),2024-12-01,0.013305392433761935,sha256:bd942a7bcbe33ba673b7fdec9b2ff2b747cb0d530af4522e5d003d78fb3f640b,2025-05-01,Humber Summit (21),-79.56057763521508,43.75362439798188,0,0.0110413375114086,-0.0110413375114086
Basis Ridge (tuned),2024-12-01,0.013305392433761935,sha256:bd942a7bcbe33ba673b7fdec9b2ff2b747cb0d530af4522e5d003d78fb3f640b,2025-05-01,Humbermede (22),-79.54521679307662,43.74787608113298,0,0,0
Basis Ridge (tuned),2024-12-01,0.013305392433761935,sha256:bd942a7bcbe33ba673b7fdec9b2ff2b747cb0d530af4522e5d003d78fb3f640b,2025-05-01,Humewood-Cedarvale (106),-79.42603840921164,43.68908389632168,0,0.783108146928909,-0.783108146928909
Basis Ridge (tuned),2024-12-01,0.013305392433761935,sha256:bd942a7bcbe33ba673b7fdec9b2ff2b747cb0d530af4522e5d003d78fb3f640b,2025-05-01,Ionview (125),-79.2682783103958,43.73299077700163,0,0,0
Basis Ridge (tuned),2024-12-01,0.013305392433761935,sha256:bd942a7bcbe33ba673b7fdec9b2ff2b747cb0d530af4522e5d003d78fb3f640b,2025-05-01,Islington-City Centre West (14),-79.53678079261083,43.641361915813675,1,0.9880223151661649,0.0119776848338351
Basis Ridge (tuned),2024-12-01,0.013305392433761935,sha256:bd942a7bcbe33ba673b7fdec9b2ff2b747cb0d530af4522e5d003d78fb3f640b,2025-05-01,Junction Area (90),-79.46892477498491,43.6655394100211,1,0.878976439969263,0.121023560030737
Basis Ridge (tuned),2024-12-01,0.013305392433761935,sha256:bd942a7bcbe33ba673b7fdec9b2ff2b747cb0d530af4522e5d003d78fb3f640b,2025-05-01,Keelesdale-Eglinton West (110),-79.47055790633043,43.68391780141048,0,0,0
Basis Ridge (tuned),2024-12-01,0.013305392433761935,sha256:bd942a7bcbe33ba673b7fdec9b2ff2b747cb0d530af4522e5d003d78fb3f640b,2025-05-01,Kennedy Park (124),-79.25874986465229,43.728410786674374,1,0.13098411326558965,0.8690158867344103
Basis Ridge (tuned),2024-12-01,0.013305392433761935,sha256:bd942a7bcbe33ba673b7fdec9b2ff2b747cb0d530af4522e5d003d78fb3f640b,2025-05-01,Kensington-Chinatown (78),-79.3967980354919,43.65388049459246,17,6.083112386777242,10.916887613222759
Basis Ridge (tuned),2024-12-01,0.013305392433761935,sha256:bd942a7bcbe33ba673b7fdec9b2ff2b747cb0d530af4522e5d003d78fb3f640b,2025-05-01,Kingsview Village-The Westway (6),-79.54911503533694,43.69584358136977,0,0,0
Basis Ridge (tuned),2024-12-01,0.013305392433761935,sha256:bd942a7bcbe33ba673b7fdec9b2ff2b747cb0d530af4522e5d003d78fb3f640b,2025-05-01,Kingsway South (15),-79.51086459422443,43.65032283055947,0,0.2843384380884073,-0.2843384380884073
Basis Ridge (tuned),2024-12-01,0.013305392433761935,sha256:bd942a7bcbe33ba673b7fdec9b2ff2b747cb0d530af4522e5d003d78fb3f640b,2025-05-01,L'Amoreaux (117),-79.3201008921114,43.79636378659849,4,0.19929079124072765,3.8007092087592724
Basis Ridge (tuned),2024-12-01,0.013305392433761935,sha256:bd942a7bcbe33ba673b7fdec9b2ff2b747cb0d530af4522e5d003d78fb3f640b,2025-05-01,Lambton Baby Point (114),-79.49452130561747,43.65593529844182,0,0.08824393905978328,-0.08824393905978328
Basis Ridge (tuned),2024-12-01,0.013305392433761935,sha256:bd942a7bcbe33ba673b7fdec9b2ff2b747cb0d530af4522e5d003d78fb3f640b,2025-05-01,Lansing-Westgate (38),-79.41222964417364,43.761840287387486,1,0.19927096722000442,0.8007290327799956
Basis Ridge (tuned),2024-12-01,0.013305392433761935,sha256:bd942a7bcbe33ba673b7fdec9b2ff2b747cb0d530af4522e5d003d78fb3f640b,2025-05-01,Lawrence Park North (105),-79.40643053379212,43.72768097403552,1,0.43966214568266276,0.5603378543173372
Basis Ridge (tuned),2024-12-01,0.013305392433761935,sha256:bd942a7bcbe33ba673b7fdec9b2ff2b747cb0d530af4522e5d003d78fb3f640b,2025-05-01,Lawrence Park South (103),-79.41020212544387,43.72248127246825,0,0.40252373889019694,-0.40252373889019694
Basis Ridge (tuned),2024-12-01,0.013305392433761935,sha256:bd942a7bcbe33ba673b7fdec9b2ff2b747cb0d530af4522e5d003d78fb3f640b,2025-05-01,Leaside-Bennington (56),-79.36756549485442,43.70630335329757,0,0.8079066841649591,-0.8079066841649591
Basis Ridge (tuned),2024-12-01,0.013305392433761935,sha256:bd942a7bcbe33ba673b7fdec9b2ff2b747cb0d530af4522e5d003d78fb3f640b,2025-05-01,Little Portugal (84),-79.42637552454019,43.64409148964972,2,1.9860425067325302,0.013957493267469756
Basis Ridge (tuned),2024-12-01,0.013305392433761935,sha256:bd942a7bcbe33ba673b7fdec9b2ff2b747cb0d530af4522e5d003d78fb3f640b,2025-05-01,Long Branch (19),-79.53237502113143,43.591006620404656,0,0.47653870432234574,-0.47653870432234574
Basis Ridge (tuned),2024-12-01,0.013305392433761935,sha256:bd942a7bcbe33ba673b7fdec9b2ff2b747cb0d530af4522e5d003d78fb3f640b,2025-05-01,Malvern (132),-79.22095167470565,43.80455499438271,4,0.17369670397693224,3.8263032960230676
Basis Ridge (tuned),2024-12-01,0.013305392433761935,sha256:bd942a7bcbe33ba673b7fdec9b2ff2b747cb0d530af4522e5d003d78fb3f640b,2025-05-01,Maple Leaf (29),-79.4843756407544,43.718225646439535,0,0,0
Basis Ridge (tuned),2024-12-01,0.013305392433761935,sha256:bd942a7bcbe33ba673b7fdec9b2ff2b747cb0d530af4522e5d003d78fb3f640b,2025-05-01,Markland Wood (12),-79.57650734129277,43.633689780366026,0,0.055961022676445545,-0.055961022676445545
Basis Ridge (tuned),2024-12-01,0.013305392433761935,sha256:bd942a7bcbe33ba673b7fdec9b2ff2b747cb0d530af4522e5d003d78fb3f640b,2025-05-01,Milliken (130),-79.28878321264463,43.82084812422136,0,0,0
Basis Ridge (tuned),2024-12-01,0.013305392433761935,sha256:bd942a7bcbe33ba673b7fdec9b2ff2b747cb0d530af4522e5d003d78fb3f640b,2025-05-01,Mimico (includes Humber Bay Shores) (17),-79.48568571369577,43.62094188018773,1,2.0586639358773944,-1.0586639358773944
Basis Ridge (tuned),2024-12-01,0.013305392433761935,sha256:bd942a7bcbe33ba673b7fdec9b2ff2b747cb0d530af4522e5d003d78fb3f640b,2025-05-01,Morningside (135),-79.20335964084892,43.78544794442794,0,0,0
Basis Ridge (tuned),2024-12-01,0.013305392433761935,sha256:bd942a7bcbe33ba673b7fdec9b2ff2b747cb0d530af4522e5d003d78fb3f640b,2025-05-01,Moss Park (73),-79.36913295325593,43.65425609335975,8,5.546937615140235,2.4530623848597646
Basis Ridge (tuned),2024-12-01,0.013305392433761935,sha256:bd942a7bcbe33ba673b7fdec9b2ff2b747cb0d530af4522e5d003d78fb3f640b,2025-05-01,Mount Dennis (115),-79.48946593742998,43.68565859464735,0,0,0
Basis Ridge (tuned),2024-12-01,0.013305392433761935,sha256:bd942a7bcbe33ba673b7fdec9b2ff2b747cb0d530af4522e5d003d78fb3f640b,2025-05-01,Mount Olive-Silverstone-Jamestown (2),-79.58577617904946,43.74325917379369,0,0.19097685295510733,-0.19097685295510733
Basis Ridge (tuned),2024-12-01,0.013305392433761935,sha256:bd942a7bcbe33ba673b7fdec9b2ff2b747cb0d530af4522e5d003d78fb3f640b,2025-05-01,Mount Pleasant East (99),-79.38525136980005,43.70699758566823,1,0.6714128830418031,0.32858711695819687
Basis Ridge (tuned),2024-12-01,0.013305392433761935,sha256:bd942a7bcbe33ba673b7fdec9b2ff2b747cb0d530af4522e5d003d78fb3f640b,2025-05-01,Mount Pleasant West (104),-79.39441924813381,43.705281018271585,0,2.300836641798318,-2.300836641798318
Basis Ridge (tuned),2024-12-01,0.013305392433761935,sha256:bd942a7bcbe33ba673b7fdec9b2ff2b747cb0d530af4522e5d003d78fb3f640b,2025-05-01,NSA,NA,NA,0,1.1999650939271274,-1.1999650939271274
Basis Ridge (tuned),2024-12-01,0.013305392433761935,sha256:bd942a7bcbe33ba673b7fdec9b2ff2b747cb0d530af4522e5d003d78fb3f640b,2025-05-01,New Toronto (18),-79.50819536860408,43.60067938873378,1,0.45712653063688335,0.5428734693631166
Basis Ridge (tuned),2024-12-01,0.013305392433761935,sha256:bd942a7bcbe33ba673b7fdec9b2ff2b747cb0d530af4522e5d003d78fb3f640b,2025-05-01,Newtonbrook East (50),-79.4155662486542,43.782773804672864,0,0.20345585919634057,-0.20345585919634057
Basis Ridge (tuned),2024-12-01,0.013305392433761935,sha256:bd942a7bcbe33ba673b7fdec9b2ff2b747cb0d530af4522e5d003d78fb3f640b,2025-05-01,Newtonbrook West (36),-79.42082573006313,43.78444945871987,3,0.7452654672974439,2.254734532702556
Basis Ridge (tuned),2024-12-01,0.013305392433761935,sha256:bd942a7bcbe33ba673b7fdec9b2ff2b747cb0d530af4522e5d003d78fb3f640b,2025-05-01,Niagara (82),-79.40825413058062,43.639170480800686,6,6.224387907724283,-0.2243879077242834
Basis Ridge (tuned),2024-12-01,0.013305392433761935,sha256:bd942a7bcbe33ba673b7fdec9b2ff2b747cb0d530af4522e5d003d78fb3f640b,2025-05-01,North Riverdale (68),-79.34942497640164,43.67320424441098,6,1.0956780849972967,4.904321915002703
Basis Ridge (tuned),2024-12-01,0.013305392433761935,sha256:bd942a7bcbe33ba673b7fdec9b2ff2b747cb0d530af4522e5d003d78fb3f640b,2025-05-01,North St.James Town (74),-79.37622315570079,43.66924040879271,0,2.1522148746414707,-2.1522148746414707
Basis Ridge (tuned),2024-12-01,0.013305392433761935,sha256:bd942a7bcbe33ba673b7fdec9b2ff2b747cb0d530af4522e5d003d78fb3f640b,2025-05-01,O'Connor-Parkview (54),-79.30295705711893,43.707394189060395,0,0.17754385186250018,-0.17754385186250018
Basis Ridge (tuned),2024-12-01,0.013305392433761935,sha256:bd942a7bcbe33ba673b7fdec9b2ff2b747cb0d530af4522e5d003d78fb3f640b,2025-05-01,Oakridge (121),-79.28580476562132,43.69338422103418,0,0.23851462299750684,-0.23851462299750684
Basis Ridge (tuned),2024-12-01,0.013305392433761935,sha256:bd942a7bcbe33ba673b7fdec9b2ff2b747cb0d530af4522e5d003d78fb3f640b,2025-05-01,Oakwood Village (107),-79.43992214652974,43.693163772618576,2,0.41384823446911057,1.5861517655308894
Basis Ridge (tuned),2024-12-01,0.013305392433761935,sha256:bd942a7bcbe33ba673b7fdec9b2ff2b747cb0d530af4522e5d003d78fb3f640b,2025-05-01,Old East York (58),-79.33971322725657,43.69468655917457,0,0.055470426256190045,-0.055470426256190045
Basis Ridge (tuned),2024-12-01,0.013305392433761935,sha256:bd942a7bcbe33ba673b7fdec9b2ff2b747cb0d530af4522e5d003d78fb3f640b,2025-05-01,Palmerston-Little Italy (80),-79.41607073008583,43.65977590713319,3,2.288174585277121,0.7118254147228789
Basis Ridge (tuned),2024-12-01,0.013305392433761935,sha256:bd942a7bcbe33ba673b7fdec9b2ff2b747cb0d530af4522e5d003d78fb3f640b,2025-05-01,Parkwoods-Donalda (45),-79.32857716506125,43.75401452181123,1,0.15282278634986496,0.847177213650135
Basis Ridge (tuned),2024-12-01,0.013305392433761935,sha256:bd942a7bcbe33ba673b7fdec9b2ff2b747cb0d530af4522e5d003d78fb3f640b,2025-05-01,Pelmo Park-Humberlea (23),-79.53452633259599,43.71053804014776,0,0,0
Basis Ridge (tuned),2024-12-01,0.013305392433761935,sha256:bd942a7bcbe33ba673b7fdec9b2ff2b747cb0d530af4522e5d003d78fb3f640b,2025-05-01,Playter Estates-Danforth (67),-79.35537498775473,43.678037843577414,1,0.6977092182436361,0.3022907817563639
Basis Ridge (tuned),2024-12-01,0.013305392433761935,sha256:bd942a7bcbe33ba673b7fdec9b2ff2b747cb0d530af4522e5d003d78fb3f640b,2025-05-01,Pleasant View (46),-79.33169496448295,43.78880674789264,1,0.005131820793882651,0.9948681792061174
Basis Ridge (tuned),2024-12-01,0.013305392433761935,sha256:bd942a7bcbe33ba673b7fdec9b2ff2b747cb0d530af4522e5d003d78fb3f640b,2025-05-01,Princess-Rosethorn (10),-79.54278218831497,43.6664342839495,1,0,1
Basis Ridge (tuned),2024-12-01,0.013305392433761935,sha256:bd942a7bcbe33ba673b7fdec9b2ff2b747cb0d530af4522e5d003d78fb3f640b,2025-05-01,Regent Park (72),-79.36178286088128,43.65943439853815,2,1.3463735710746374,0.6536264289253626
Basis Ridge (tuned),2024-12-01,0.013305392433761935,sha256:bd942a7bcbe33ba673b7fdec9b2ff2b747cb0d530af4522e5d003d78fb3f640b,2025-05-01,Rexdale-Kipling (4),-79.56943957685264,43.726549256380395,0,0,0
Basis Ridge (tuned),2024-12-01,0.013305392433761935,sha256:bd942a7bcbe33ba673b7fdec9b2ff2b747cb0d530af4522e5d003d78fb3f640b,2025-05-01,Rockcliffe-Smythe (111),-79.49193279998173,43.67234248080122,0,0.2204766378579988,-0.2204766378579988
Basis Ridge (tuned),2024-12-01,0.013305392433761935,sha256:bd942a7bcbe33ba673b7fdec9b2ff2b747cb0d530af4522e5d003d78fb3f640b,2025-05-01,Roncesvalles (86),-79.44277811907274,43.64370439603947,1,1.6413886774925985,-0.6413886774925985
Basis Ridge (tuned),2024-12-01,0.013305392433761935,sha256:bd942a7bcbe33ba673b7fdec9b2ff2b747cb0d530af4522e5d003d78fb3f640b,2025-05-01,Rosedale-Moore Park (98),-79.38462305095243,43.67502671420579,4,2.7672810705839126,1.2327189294160874
Basis Ridge (tuned),2024-12-01,0.013305392433761935,sha256:bd942a7bcbe33ba673b7fdec9b2ff2b747cb0d530af4522e5d003d78fb3f640b,2025-05-01,Rouge (131),-79.13309434834144,43.78938806538385,1,0.23272979674811903,0.767270203251881
Basis Ridge (tuned),2024-12-01,0.013305392433761935,sha256:bd942a7bcbe33ba673b7fdec9b2ff2b747cb0d530af4522e5d003d78fb3f640b,2025-05-01,Runnymede-Bloor West Village (89),-79.48480851655415,43.65975616827931,1,0.4172406986054525,0.5827593013945476
Basis Ridge (tuned),2024-12-01,0.013305392433761935,sha256:bd942a7bcbe33ba673b7fdec9b2ff2b747cb0d530af4522e5d003d78fb3f640b,2025-05-01,Rustic (28),-79.50024894268427,43.70839284643953,1,0,1
Basis Ridge (tuned),2024-12-01,0.013305392433761935,sha256:bd942a7bcbe33ba673b7fdec9b2ff2b747cb0d530af4522e5d003d78fb3f640b,2025-05-01,Scarborough Village (139),-79.22121647737255,43.74178808353859,0,0.06384094129749834,-0.06384094129749834
Basis Ridge (tuned),2024-12-01,0.013305392433761935,sha256:bd942a7bcbe33ba673b7fdec9b2ff2b747cb0d530af4522e5d003d78fb3f640b,2025-05-01,South Parkdale (85),-79.43087572304012,43.63836538756867,0,1.8196293838241049,-1.8196293838241049
Basis Ridge (tuned),2024-12-01,0.013305392433761935,sha256:bd942a7bcbe33ba673b7fdec9b2ff2b747cb0d530af4522e5d003d78fb3f640b,2025-05-01,South Riverdale (70),-79.34033408773206,43.66227352160024,2,4.533253400017871,-2.5332534000178706
Basis Ridge (tuned),2024-12-01,0.013305392433761935,sha256:bd942a7bcbe33ba673b7fdec9b2ff2b747cb0d530af4522e5d003d78fb3f640b,2025-05-01,St.Andrew-Windfields (40),-79.39807496057622,43.75295000125709,0,0.18742396470127914,-0.18742396470127914
Basis Ridge (tuned),2024-12-01,0.013305392433761935,sha256:bd942a7bcbe33ba673b7fdec9b2ff2b747cb0d530af4522e5d003d78fb3f640b,2025-05-01,Steeles (116),-79.32254019689177,43.815065444286134,0,0,0
Basis Ridge (tuned),2024-12-01,0.013305392433761935,sha256:bd942a7bcbe33ba673b7fdec9b2ff2b747cb0d530af4522e5d003d78fb3f640b,2025-05-01,Stonegate-Queensway (16),-79.50687874894817,43.63678476785418,1,0.32228118876733086,0.6777188112326691
Basis Ridge (tuned),2024-12-01,0.013305392433761935,sha256:bd942a7bcbe33ba673b7fdec9b2ff2b747cb0d530af4522e5d003d78fb3f640b,2025-05-01,Tam O'Shanter-Sullivan (118),-79.29346258821549,43.78211963627784,1,0.17771982322233332,0.8222801767776666
Basis Ridge (tuned),2024-12-01,0.013305392433761935,sha256:bd942a7bcbe33ba673b7fdec9b2ff2b747cb0d530af4522e5d003d78fb3f640b,2025-05-01,Taylor-Massey (61),-79.29495186057909,43.692458919227406,0,0.41257304122432426,-0.41257304122432426
Basis Ridge (tuned),2024-12-01,0.013305392433761935,sha256:bd942a7bcbe33ba673b7fdec9b2ff2b747cb0d530af4522e5d003d78fb3f640b,2025-05-01,The Beaches (63),-79.30297553719052,43.66875560841342,1,1.3995867419154984,-0.39958674191549837
Basis Ridge (tuned),2024-12-01,0.013305392433761935,sha256:bd942a7bcbe33ba673b7fdec9b2ff2b747cb0d530af4522e5d003d78fb3f640b,2025-05-01,Thistletown-Beaumond Heights (3),-79.5659329290065,43.73754827301803,0,0,0
Basis Ridge (tuned),2024-12-01,0.013305392433761935,sha256:bd942a7bcbe33ba673b7fdec9b2ff2b747cb0d530af4522e5d003d78fb3f640b,2025-05-01,Thorncliffe Park (55),-79.35448121100222,43.71036836631147,0,0.3923397745273605,-0.3923397745273605
Basis Ridge (tuned),2024-12-01,0.013305392433761935,sha256:bd942a7bcbe33ba673b7fdec9b2ff2b747cb0d530af4522e5d003d78fb3f640b,2025-05-01,Trinity-Bellwoods (81),-79.41373927922925,43.65087049509186,6,2.375488953703067,3.624511046296933
Basis Ridge (tuned),2024-12-01,0.013305392433761935,sha256:bd942a7bcbe33ba673b7fdec9b2ff2b747cb0d530af4522e5d003d78fb3f640b,2025-05-01,University (79),-79.39982104056267,43.66254295263539,6,4.326186285679524,1.6738137143204757
Basis Ridge (tuned),2024-12-01,0.013305392433761935,sha256:bd942a7bcbe33ba673b7fdec9b2ff2b747cb0d530af4522e5d003d78fb3f640b,2025-05-01,Victoria Village (43),-79.3128138518101,43.72684844443762,1,0,1
Basis Ridge (tuned),2024-12-01,0.013305392433761935,sha256:bd942a7bcbe33ba673b7fdec9b2ff2b747cb0d530af4522e5d003d78fb3f640b,2025-05-01,Waterfront Communities-The Island (77),-79.38919773860151,43.64473008383375,26,17.0578532340694,8.942146765930602
Basis Ridge (tuned),2024-12-01,0.013305392433761935,sha256:bd942a7bcbe33ba673b7fdec9b2ff2b747cb0d530af4522e5d003d78fb3f640b,2025-05-01,West Hill (136),-79.18284860837016,43.76769079627477,0,0.49936313008653693,-0.49936313008653693
Basis Ridge (tuned),2024-12-01,0.013305392433761935,sha256:bd942a7bcbe33ba673b7fdec9b2ff2b747cb0d530af4522e5d003d78fb3f640b,2025-05-01,West Humber-Clairville (1),-79.60420741329722,43.73006355433667,0,0.30255460696891634,-0.30255460696891634
Basis Ridge (tuned),2024-12-01,0.013305392433761935,sha256:bd942a7bcbe33ba673b7fdec9b2ff2b747cb0d530af4522e5d003d78fb3f640b,2025-05-01,Westminster-Branson (35),-79.44807552904417,43.781743102812335,0,0.2856265630514037,-0.2856265630514037
Basis Ridge (tuned),2024-12-01,0.013305392433761935,sha256:bd942a7bcbe33ba673b7fdec9b2ff2b747cb0d530af4522e5d003d78fb3f640b,2025-05-01,Weston (113),-79.5165855480493,43.702833758307314,0,0.24308424886514163,-0.24308424886514163
Basis Ridge (tuned),2024-12-01,0.013305392433761935,sha256:bd942a7bcbe33ba673b7fdec9b2ff2b747cb0d530af4522e5d003d78fb3f640b,2025-05-01,Weston-Pelham Park (91),-79.45875842314518,43.67071482937652,2,0.14235942351473213,1.857640576485268
Basis Ridge (tuned),2024-12-01,0.013305392433761935,sha256:bd942a7bcbe33ba673b7fdec9b2ff2b747cb0d530af4522e5d003d78fb3f640b,2025-05-01,Wexford/Maryvale (119),-79.30050366891615,43.74264083383781,3,0.38855082532776053,2.6114491746722397
Basis Ridge (tuned),2024-12-01,0.013305392433761935,sha256:bd942a7bcbe33ba673b7fdec9b2ff2b747cb0d530af4522e5d003d78fb3f640b,2025-05-01,Willowdale East (51),-79.410074781475,43.76524478810602,3,1.6699365262447992,1.3300634737552008
Basis Ridge (tuned),2024-12-01,0.013305392433761935,sha256:bd942a7bcbe33ba673b7fdec9b2ff2b747cb0d530af4522e5d003d78fb3f640b,2025-05-01,Willowdale West (37),-79.41563035776022,43.77061463226557,1,0.6029590658488007,0.39704093415119934
Basis Ridge (tuned),2024-12-01,0.013305392433761935,sha256:bd942a7bcbe33ba673b7fdec9b2ff2b747cb0d530af4522e5d003d78fb3f640b,2025-05-01,Willowridge-Martingrove-Richview (7),-79.55960317676033,43.68486812894035,0,0.009888279510798768,-0.009888279510798768
Basis Ridge (tuned),2024-12-01,0.013305392433761935,sha256:bd942a7bcbe33ba673b7fdec9b2ff2b747cb0d530af4522e5d003d78fb3f640b,2025-05-01,Woburn (137),-79.22656387770975,43.76289989874722,0,0.3437589660412736,-0.3437589660412736
Basis Ridge (tuned),2024-12-01,0.013305392433761935,sha256:bd942a7bcbe33ba673b7fdec9b2ff2b747cb0d530af4522e5d003d78fb3f640b,2025-05-01,Woodbine Corridor (64),-79.31407054230695,43.67581440173363,0,0.6554711762907482,-0.6554711762907482
Basis Ridge (tuned),2024-12-01,0.013305392433761935,sha256:bd942a7bcbe33ba673b7fdec9b2ff2b747cb0d530af4522e5d003d78fb3f640b,2025-05-01,Woodbine-Lumsden (60),-79.31039264658962,43.69145821847367,0,0.0654770762843016,-0.0654770762843016
Basis Ridge (tuned),2024-12-01,0.013305392433761935,sha256:bd942a7bcbe33ba673b7fdec9b2ff2b747cb0d530af4522e5d003d78fb3f640b,2025-05-01,Wychwood (94),-79.42710542937913,43.6784532168336,0,0.7057002298048911,-0.7057002298048911
Basis Ridge (tuned),2024-12-01,0.013305392433761935,sha256:bd942a7bcbe33ba673b7fdec9b2ff2b747cb0d530af4522e5d003d78fb3f640b,2025-05-01,Yonge-Eglinton (100),-79.40102373824469,43.70674080495774,2,0.7275296121611121,1.2724703878388879
Basis Ridge (tuned),2024-12-01,0.013305392433761935,sha256:bd942a7bcbe33ba673b7fdec9b2ff2b747cb0d530af4522e5d003d78fb3f640b,2025-05-01,Yonge-St.Clair (97),-79.39834065134646,43.689263791751046,0,0.5914939037291919,-0.5914939037291919
Basis Ridge (tuned),2024-12-01,0.013305392433761935,sha256:bd942a7bcbe33ba673b7fdec9b2ff2b747cb0d530af4522e5d003d78fb3f640b,2025-05-01,York University Heights (27),-79.49891755560928,43.76657476817609,2,1.0815930074016211,0.9184069925983789
Basis Ridge (tuned),2024-12-01,0.013305392433761935,sha256:bd942a7bcbe33ba673b7fdec9b2ff2b747cb0d530af4522e5d003d78fb3f640b,2025-05-01,Yorkdale-Glen Park (31),-79.45130621630454,43.714348256200424,0,0.6377892249738978,-0.6377892249738978
Basis Ridge (tuned),2024-12-01,0.013305392433761935,sha256:bd942a7bcbe33ba673b7fdec9b2ff2b747cb0d530af4522e5d003d78fb3f640b,2025-06-01,Agincourt North (129),-79.26928393506104,43.810980375100264,2,0.07087521157512651,1.9291247884248734
Basis Ridge (tuned),2024-12-01,0.013305392433761935,sha256:bd942a7bcbe33ba673b7fdec9b2ff2b747cb0d530af4522e5d003d78fb3f640b,2025-06-01,Agincourt South-Malvern West (128),-79.28002861084076,43.7889253690791,0,0.2471599987872256,-0.2471599987872256
Basis Ridge (tuned),2024-12-01,0.013305392433761935,sha256:bd942a7bcbe33ba673b7fdec9b2ff2b747cb0d530af4522e5d003d78fb3f640b,2025-06-01,Alderwood (20),-79.54538918515296,43.6065751977772,0,0.13612720693601754,-0.13612720693601754
Basis Ridge (tuned),2024-12-01,0.013305392433761935,sha256:bd942a7bcbe33ba673b7fdec9b2ff2b747cb0d530af4522e5d003d78fb3f640b,2025-06-01,Annex (95),-79.40380913861458,43.670104609767606,15,7.0782988470233965,7.9217011529766035
Basis Ridge (tuned),2024-12-01,0.013305392433761935,sha256:bd942a7bcbe33ba673b7fdec9b2ff2b747cb0d530af4522e5d003d78fb3f640b,2025-06-01,Banbury-Don Mills (42),-79.3409210158811,43.73511850435992,0,0.3228963608124705,-0.3228963608124705
Basis Ridge (tuned),2024-12-01,0.013305392433761935,sha256:bd942a7bcbe33ba673b7fdec9b2ff2b747cb0d530af4522e5d003d78fb3f640b,2025-06-01,Bathurst Manor (34),-79.45175843487672,43.75609728872373,0,0.25090715257108365,-0.25090715257108365
Basis Ridge (tuned),2024-12-01,0.013305392433761935,sha256:bd942a7bcbe33ba673b7fdec9b2ff2b747cb0d530af4522e5d003d78fb3f640b,2025-06-01,Bay Street Corridor (76),-79.38436854475557,43.65730879641258,21,16.14478658990043,4.855213410099569
Basis Ridge (tuned),2024-12-01,0.013305392433761935,sha256:bd942a7bcbe33ba673b7fdec9b2ff2b747cb0d530af4522e5d003d78fb3f640b,2025-06-01,Bayview Village (52),-79.38403601743099,43.769051789694494,2,0.7104271386380729,1.289572861361927
Basis Ridge (tuned),2024-12-01,0.013305392433761935,sha256:bd942a7bcbe33ba673b7fdec9b2ff2b747cb0d530af4522e5d003d78fb3f640b,2025-06-01,Bayview Woods-Steeles (49),-79.3743681512798,43.797822785562154,0,0.018485512892926038,-0.018485512892926038
Basis Ridge (tuned),2024-12-01,0.013305392433761935,sha256:bd942a7bcbe33ba673b7fdec9b2ff2b747cb0d530af4522e5d003d78fb3f640b,2025-06-01,Bedford Park-Nortown (39),-79.42125788351791,43.72757981721193,0,0.44956501740417215,-0.44956501740417215
Basis Ridge (tuned),2024-12-01,0.013305392433761935,sha256:bd942a7bcbe33ba673b7fdec9b2ff2b747cb0d530af4522e5d003d78fb3f640b,2025-06-01,Beechborough-Greenbrook (112),-79.4744663865561,43.691508083029944,0,0,0
Basis Ridge (tuned),2024-12-01,0.013305392433761935,sha256:bd942a7bcbe33ba673b7fdec9b2ff2b747cb0d530af4522e5d003d78fb3f640b,2025-06-01,Bendale (127),-79.26046315357324,43.76293076745831,1,0.3986962452852179,0.6013037547147821
Basis Ridge (tuned),2024-12-01,0.013305392433761935,sha256:bd942a7bcbe33ba673b7fdec9b2ff2b747cb0d530af4522e5d003d78fb3f640b,2025-06-01,Birchcliffe-Cliffside (122),-79.27062357025366,43.69131003372983,0,0.5410874739021783,-0.5410874739021783
Basis Ridge (tuned),2024-12-01,0.013305392433761935,sha256:bd942a7bcbe33ba673b7fdec9b2ff2b747cb0d530af4522e5d003d78fb3f640b,2025-06-01,Black Creek (24),-79.51869671361172,43.76523138519309,2,0.23639406014851036,1.7636059398514896
Basis Ridge (tuned),2024-12-01,0.013305392433761935,sha256:bd942a7bcbe33ba673b7fdec9b2ff2b747cb0d530af4522e5d003d78fb3f640b,2025-06-01,Blake-Jones (69),-79.3394451105104,43.67664416992363,0,0.6689130230837096,-0.6689130230837096
Basis Ridge (tuned),2024-12-01,0.013305392433761935,sha256:bd942a7bcbe33ba673b7fdec9b2ff2b747cb0d530af4522e5d003d78fb3f640b,2025-06-01,Briar Hill-Belgravia (108),-79.445578280552,43.699313061287725,1,0.3865868749346819,0.6134131250653181
Basis Ridge (tuned),2024-12-01,0.013305392433761935,sha256:bd942a7bcbe33ba673b7fdec9b2ff2b747cb0d530af4522e5d003d78fb3f640b,2025-06-01,Bridle Path-Sunnybrook-York Mills (41),-79.38366396163413,43.72516179918022,0,0.20759721332187425,-0.20759721332187425
Basis Ridge (tuned),2024-12-01,0.013305392433761935,sha256:bd942a7bcbe33ba673b7fdec9b2ff2b747cb0d530af4522e5d003d78fb3f640b,2025-06-01,Broadview North (57),-79.35364911130229,43.683932870884654,3,0.5651108161430445,2.4348891838569555
Basis Ridge (tuned),2024-12-01,0.013305392433761935,sha256:bd942a7bcbe33ba673b7fdec9b2ff2b747cb0d530af4522e5d003d78fb3f640b,2025-06-01,Brookhaven-Amesbury (30),-79.49015206607174,43.69942696476651,0,0.1738831271239958,-0.1738831271239958
Basis Ridge (tuned),2024-12-01,0.013305392433761935,sha256:bd942a7bcbe33ba673b7fdec9b2ff2b747cb0d530af4522e5d003d78fb3f640b,2025-06-01,Cabbagetown-South St.James Town (71),-79.36975340775743,43.66521290431659,2,2.898107534274159,-0.8981075342741591
Basis Ridge (tuned),2024-12-01,0.013305392433761935,sha256:bd942a7bcbe33ba673b7fdec9b2ff2b747cb0d530af4522e5d003d78fb3f640b,2025-06-01,Caledonia-Fairbank (109),-79.4517849962554,43.690036179158305,0,0.1090451530694507,-0.1090451530694507
Basis Ridge (tuned),2024-12-01,0.013305392433761935,sha256:bd942a7bcbe33ba673b7fdec9b2ff2b747cb0d530af4522e5d003d78fb3f640b,2025-06-01,Casa Loma (96),-79.40864864037756,43.67955392863041,7,0.7308401795634519,6.269159820436548
Basis Ridge (tuned),2024-12-01,0.013305392433761935,sha256:bd942a7bcbe33ba673b7fdec9b2ff2b747cb0d530af4522e5d003d78fb3f640b,2025-06-01,Centennial Scarborough (133),-79.15053423026679,43.780757885389185,0,0.059738947666233,-0.059738947666233
Basis Ridge (tuned),2024-12-01,0.013305392433761935,sha256:bd942a7bcbe33ba673b7fdec9b2ff2b747cb0d530af4522e5d003d78fb3f640b,2025-06-01,Church-Yonge Corridor (75),-79.37956284727365,43.66018909929288,22,15.299518055497687,6.700481944502313
Basis Ridge (tuned),2024-12-01,0.013305392433761935,sha256:bd942a7bcbe33ba673b7fdec9b2ff2b747cb0d530af4522e5d003d78fb3f640b,2025-06-01,Clairlea-Birchmount (120),-79.28672506823307,43.709414591668256,0,0.49878164534612485,-0.49878164534612485
Basis Ridge (tuned),2024-12-01,0.013305392433761935,sha256:bd942a7bcbe33ba673b7fdec9b2ff2b747cb0d530af4522e5d003d78fb3f640b,2025-06-01,Clanton Park (33),-79.44643447690169,43.74149776462126,6,0.3582971082316352,5.6417028917683645
Basis Ridge (tuned),2024-12-01,0.013305392433761935,sha256:bd942a7bcbe33ba673b7fdec9b2ff2b747cb0d530af4522e5d003d78fb3f640b,2025-06-01,Cliffcrest (123),-79.23329029919245,43.72191819765982,1,0.14807487179862172,0.8519251282013782
Basis Ridge (tuned),2024-12-01,0.013305392433761935,sha256:bd942a7bcbe33ba673b7fdec9b2ff2b747cb0d530af4522e5d003d78fb3f640b,2025-06-01,Corso Italia-Davenport (92),-79.4427553703874,43.67658111935704,1,0.5584949832852197,0.44150501671478026
Basis Ridge (tuned),2024-12-01,0.013305392433761935,sha256:bd942a7bcbe33ba673b7fdec9b2ff2b747cb0d530af4522e5d003d78fb3f640b,2025-06-01,Danforth (66),-79.33065782618279,43.682847803276616,0,1.1369952872155382,-1.1369952872155382
Basis Ridge (tuned),2024-12-01,0.013305392433761935,sha256:bd942a7bcbe33ba673b7fdec9b2ff2b747cb0d530af4522e5d003d78fb3f640b,2025-06-01,Danforth East York (59),-79.3313092800722,43.69082681262244,1,0.4900979500716792,0.5099020499283208
Basis Ridge (tuned),2024-12-01,0.013305392433761935,sha256:bd942a7bcbe33ba673b7fdec9b2ff2b747cb0d530af4522e5d003d78fb3f640b,2025-06-01,Don Valley Village (47),-79.35240298959988,43.77988611135725,1,0.2766549306312259,0.7233450693687741
Basis Ridge (tuned),2024-12-01,0.013305392433761935,sha256:bd942a7bcbe33ba673b7fdec9b2ff2b747cb0d530af4522e5d003d78fb3f640b,2025-06-01,Dorset Park (126),-79.28077525994308,43.75528945083431,2,0.3165150167338767,1.6834849832661232
Basis Ridge (tuned),2024-12-01,0.013305392433761935,sha256:bd942a7bcbe33ba673b7fdec9b2ff2b747cb0d530af4522e5d003d78fb3f640b,2025-06-01,Dovercourt-Wallace Emerson-Junction (93),-79.43778332382438,43.66463002065643,9,4.7614454738475835,4.2385545261524165
Basis Ridge (tuned),2024-12-01,0.013305392433761935,sha256:bd942a7bcbe33ba673b7fdec9b2ff2b747cb0d530af4522e5d003d78fb3f640b,2025-06-01,Downsview-Roding-CFB (26),-79.4835940990325,43.727986861303435,2,0.7205613912469948,1.2794386087530052
Basis Ridge (tuned),2024-12-01,0.013305392433761935,sha256:bd942a7bcbe33ba673b7fdec9b2ff2b747cb0d530af4522e5d003d78fb3f640b,2025-06-01,Dufferin Grove (83),-79.4370618209781,43.65521640563446,3,2.0837964404507443,0.9162035595492557
Basis Ridge (tuned),2024-12-01,0.013305392433761935,sha256:bd942a7bcbe33ba673b7fdec9b2ff2b747cb0d530af4522e5d003d78fb3f640b,2025-06-01,East End-Danforth (62),-79.30055625233094,43.68572312555001,3,2.103182782052626,0.8968172179473739
Basis Ridge (tuned),2024-12-01,0.013305392433761935,sha256:bd942a7bcbe33ba673b7fdec9b2ff2b747cb0d530af4522e5d003d78fb3f640b,2025-06-01,Edenbridge-Humber Valley (9),-79.52023309003076,43.66557816852869,0,0.17254354387715393,-0.17254354387715393
Basis Ridge (tuned),2024-12-01,0.013305392433761935,sha256:bd942a7bcbe33ba673b7fdec9b2ff2b747cb0d530af4522e5d003d78fb3f640b,2025-06-01,Eglinton East (138),-79.24473615792672,43.73991827916189,0,0.23370154346956942,-0.23370154346956942
Basis Ridge (tuned),2024-12-01,0.013305392433761935,sha256:bd942a7bcbe33ba673b7fdec9b2ff2b747cb0d530af4522e5d003d78fb3f640b,2025-06-01,Elms-Old Rexdale (5),-79.55208772185198,43.71927285915033,0,0.060545759746921606,-0.060545759746921606
Basis Ridge (tuned),2024-12-01,0.013305392433761935,sha256:bd942a7bcbe33ba673b7fdec9b2ff2b747cb0d530af4522e5d003d78fb3f640b,2025-06-01,Englemount-Lawrence (32),-79.43712596977969,43.7204676607881,2,0.6284545297639692,1.3715454702360308
Basis Ridge (tuned),2024-12-01,0.013305392433761935,sha256:bd942a7bcbe33ba673b7fdec9b2ff2b747cb0d530af4522e5d003d78fb3f640b,2025-06-01,Eringate-Centennial-West Deane (11),-79.57787073233334,43.65860025717794,0,0.07815372287874969,-0.07815372287874969
Basis Ridge (tuned),2024-12-01,0.013305392433761935,sha256:bd942a7bcbe33ba673b7fdec9b2ff2b747cb0d530af4522e5d003d78fb3f640b,2025-06-01,Etobicoke West Mall (13),-79.5678030787646,43.64190931147644,0,0.1102811620997892,-0.1102811620997892
Basis Ridge (tuned),2024-12-01,0.013305392433761935,sha256:bd942a7bcbe33ba673b7fdec9b2ff2b747cb0d530af4522e5d003d78fb3f640b,2025-06-01,Flemingdon Park (44),-79.33198682919883,43.71530756444098,1,0.23014762149923756,0.7698523785007625
Basis Ridge (tuned),2024-12-01,0.013305392433761935,sha256:bd942a7bcbe33ba673b7fdec9b2ff2b747cb0d530af4522e5d003d78fb3f640b,2025-06-01,Forest Hill North (102),-79.43346069412912,43.70194436532484,1,0.5085789018302188,0.4914210981697812
Basis Ridge (tuned),2024-12-01,0.013305392433761935,sha256:bd942a7bcbe33ba673b7fdec9b2ff2b747cb0d530af4522e5d003d78fb3f640b,2025-06-01,Forest Hill South (101),-79.41299883590433,43.6890600119443,0,0.5704109799971567,-0.5704109799971567
Basis Ridge (tuned),2024-12-01,0.013305392433761935,sha256:bd942a7bcbe33ba673b7fdec9b2ff2b747cb0d530af4522e5d003d78fb3f640b,2025-06-01,Glenfield-Jane Heights (25),-79.50908241975385,43.74806287596809,0,0.43964038320622856,-0.43964038320622856
Basis Ridge (tuned),2024-12-01,0.013305392433761935,sha256:bd942a7bcbe33ba673b7fdec9b2ff2b747cb0d530af4522e5d003d78fb3f640b,2025-06-01,Greenwood-Coxwell (65),-79.32392461588157,43.67182578504262,0,1.5208747566903142,-1.5208747566903142
Basis Ridge (tuned),2024-12-01,0.013305392433761935,sha256:bd942a7bcbe33ba673b7fdec9b2ff2b747cb0d530af4522e5d003d78fb3f640b,2025-06-01,Guildwood (140),-79.1987335919193,43.747914590059,0,0.07047508232891839,-0.07047508232891839
Basis Ridge (tuned),2024-12-01,0.013305392433761935,sha256:bd942a7bcbe33ba673b7fdec9b2ff2b747cb0d530af4522e5d003d78fb3f640b,2025-06-01,Henry Farm (53),-79.34642185767248,43.76957681680956,2,0.20392151328592875,1.7960784867140713
Basis Ridge (tuned),2024-12-01,0.013305392433761935,sha256:bd942a7bcbe33ba673b7fdec9b2ff2b747cb0d530af4522e5d003d78fb3f640b,2025-06-01,High Park North (88),-79.4652298180643,43.65722103912335,1,2.486608036180304,-1.486608036180304
Basis Ridge (tuned),2024-12-01,0.013305392433761935,sha256:bd942a7bcbe33ba673b7fdec9b2ff2b747cb0d530af4522e5d003d78fb3f640b,2025-06-01,High Park-Swansea (87),-79.4648159122912,43.64453199862067,1,1.3436375307322586,-0.34363753073225856
Basis Ridge (tuned),2024-12-01,0.013305392433761935,sha256:bd942a7bcbe33ba673b7fdec9b2ff2b747cb0d530af4522e5d003d78fb3f640b,2025-06-01,Highland Creek (134),-79.18452149622338,43.786273991320705,1,0.16994612049095106,0.830053879509049
Basis Ridge (tuned),2024-12-01,0.013305392433761935,sha256:bd942a7bcbe33ba673b7fdec9b2ff2b747cb0d530af4522e5d003d78fb3f640b,2025-06-01,Hillcrest Village (48),-79.35806283641195,43.79960270136573,0,0.1444197437117293,-0.1444197437117293
Basis Ridge (tuned),2024-12-01,0.013305392433761935,sha256:bd942a7bcbe33ba673b7fdec9b2ff2b747cb0d530af4522e5d003d78fb3f640b,2025-06-01,Humber Heights-Westmount (8),-79.51864457298561,43.69564007439048,1,0.04130876119444154,0.9586912388055585
Basis Ridge (tuned),2024-12-01,0.013305392433761935,sha256:bd942a7bcbe33ba673b7fdec9b2ff2b747cb0d530af4522e5d003d78fb3f640b,2025-06-01,Humber Summit (21),-79.56057763521508,43.75362439798188,0,0.1300387621927557,-0.1300387621927557
Basis Ridge (tuned),2024-12-01,0.013305392433761935,sha256:bd942a7bcbe33ba673b7fdec9b2ff2b747cb0d530af4522e5d003d78fb3f640b,2025-06-01,Humbermede (22),-79.54521679307662,43.74787608113298,0,0.06601299102206667,-0.06601299102206667
Basis Ridge (tuned),2024-12-01,0.013305392433761935,sha256:bd942a7bcbe33ba673b7fdec9b2ff2b747cb0d530af4522e5d003d78fb3f640b,2025-06-01,Humewood-Cedarvale (106),-79.42603840921164,43.68908389632168,1,0.9929762003313002,0.007023799668699815
Basis Ridge (tuned),2024-12-01,0.013305392433761935,sha256:bd942a7bcbe33ba673b7fdec9b2ff2b747cb0d530af4522e5d003d78fb3f640b,2025-06-01,Ionview (125),-79.2682783103958,43.73299077700163,0,0.060197139804150125,-0.060197139804150125
Basis Ridge (tuned),2024-12-01,0.013305392433761935,sha256:bd942a7bcbe33ba673b7fdec9b2ff2b747cb0d530af4522e5d003d78fb3f640b,2025-06-01,Islington-City Centre West (14),-79.53678079261083,43.641361915813675,1,1.222008332291952,-0.22200833229195194
Basis Ridge (tuned),2024-12-01,0.013305392433761935,sha256:bd942a7bcbe33ba673b7fdec9b2ff2b747cb0d530af4522e5d003d78fb3f640b,2025-06-01,Junction Area (90),-79.46892477498491,43.6655394100211,2,1.100127988474316,0.899872011525684
Basis Ridge (tuned),2024-12-01,0.013305392433761935,sha256:bd942a7bcbe33ba673b7fdec9b2ff2b747cb0d530af4522e5d003d78fb3f640b,2025-06-01,Keelesdale-Eglinton West (110),-79.47055790633043,43.68391780141048,0,0.11270780601871298,-0.11270780601871298
Basis Ridge (tuned),2024-12-01,0.013305392433761935,sha256:bd942a7bcbe33ba673b7fdec9b2ff2b747cb0d530af4522e5d003d78fb3f640b,2025-06-01,Kennedy Park (124),-79.25874986465229,43.728410786674374,1,0.2640985486905442,0.7359014513094557
Basis Ridge (tuned),2024-12-01,0.013305392433761935,sha256:bd942a7bcbe33ba673b7fdec9b2ff2b747cb0d530af4522e5d003d78fb3f640b,2025-06-01,Kensington-Chinatown (78),-79.3967980354919,43.65388049459246,8,6.916779717165236,1.0832202828347643
Basis Ridge (tuned),2024-12-01,0.013305392433761935,sha256:bd942a7bcbe33ba673b7fdec9b2ff2b747cb0d530af4522e5d003d78fb3f640b,2025-06-01,Kingsview Village-The Westway (6),-79.54911503533694,43.69584358136977,0,0.1151746683199616,-0.1151746683199616
Basis Ridge (tuned),2024-12-01,0.013305392433761935,sha256:bd942a7bcbe33ba673b7fdec9b2ff2b747cb0d530af4522e5d003d78fb3f640b,2025-06-01,Kingsway South (15),-79.51086459422443,43.65032283055947,3,0.4355023528378966,2.5644976471621033
Basis Ridge (tuned),2024-12-01,0.013305392433761935,sha256:bd942a7bcbe33ba673b7fdec9b2ff2b747cb0d530af4522e5d003d78fb3f640b,2025-06-01,L'Amoreaux (117),-79.3201008921114,43.79636378659849,0,0.3404447780331731,-0.3404447780331731
Basis Ridge (tuned),2024-12-01,0.013305392433761935,sha256:bd942a7bcbe33ba673b7fdec9b2ff2b747cb0d530af4522e5d003d78fb3f640b,2025-06-01,Lambton Baby Point (114),-79.49452130561747,43.65593529844182,1,0.21632794647727213,0.7836720535227278
Basis Ridge (tuned),2024-12-01,0.013305392433761935,sha256:bd942a7bcbe33ba673b7fdec9b2ff2b747cb0d530af4522e5d003d78fb3f640b,2025-06-01,Lansing-Westgate (38),-79.41222964417364,43.761840287387486,3,0.3404226207671853,2.6595773792328146
Basis Ridge (tuned),2024-12-01,0.013305392433761935,sha256:bd942a7bcbe33ba673b7fdec9b2ff2b747cb0d530af4522e5d003d78fb3f640b,2025-06-01,Lawrence Park North (105),-79.40643053379212,43.72768097403552,0,0.6091073319389826,-0.6091073319389826
Basis Ridge (tuned),2024-12-01,0.013305392433761935,sha256:bd942a7bcbe33ba673b7fdec9b2ff2b747cb0d530af4522e5d003d78fb3f640b,2025-06-01,Lawrence Park South (103),-79.41020212544387,43.72248127246825,0,0.5675978133026136,-0.5675978133026136
Basis Ridge (tuned),2024-12-01,0.013305392433761935,sha256:bd942a7bcbe33ba673b7fdec9b2ff2b747cb0d530af4522e5d003d78fb3f640b,2025-06-01,Leaside-Bennington (56),-79.36756549485442,43.70630335329757,0,1.0206934728924735,-1.0206934728924735
Basis Ridge (tuned),2024-12-01,0.013305392433761935,sha256:bd942a7bcbe33ba673b7fdec9b2ff2b747cb0d530af4522e5d003d78fb3f640b,2025-06-01,Little Portugal (84),-79.42637552454019,43.64409148964972,4,2.3374933872324535,1.6625066127675465
Basis Ridge (tuned),2024-12-01,0.013305392433761935,sha256:bd942a7bcbe33ba673b7fdec9b2ff2b747cb0d530af4522e5d003d78fb3f640b,2025-06-01,Long Branch (19),-79.53237502113143,43.591006620404656,0,0.6503241834494141,-0.6503241834494141
Basis Ridge (tuned),2024-12-01,0.013305392433761935,sha256:bd942a7bcbe33ba673b7fdec9b2ff2b747cb0d530af4522e5d003d78fb3f640b,2025-06-01,Malvern (132),-79.22095167470565,43.80455499438271,0,0.31183832089045865,-0.31183832089045865
Basis Ridge (tuned),2024-12-01,0.013305392433761935,sha256:bd942a7bcbe33ba673b7fdec9b2ff2b747cb0d530af4522e5d003d78fb3f640b,2025-06-01,Maple Leaf (29),-79.4843756407544,43.718225646439535,0,0,0
Basis Ridge (tuned),2024-12-01,0.013305392433761935,sha256:bd942a7bcbe33ba673b7fdec9b2ff2b747cb0d530af4522e5d003d78fb3f640b,2025-06-01,Markland Wood (12),-79.57650734129277,43.633689780366026,0,0.18024539919033927,-0.18024539919033927
Basis Ridge (tuned),2024-12-01,0.013305392433761935,sha256:bd942a7bcbe33ba673b7fdec9b2ff2b747cb0d530af4522e5d003d78fb3f640b,2025-06-01,Milliken (130),-79.28878321264463,43.82084812422136,0,0.06319941737217112,-0.06319941737217112
Basis Ridge (tuned),2024-12-01,0.013305392433761935,sha256:bd942a7bcbe33ba673b7fdec9b2ff2b747cb0d530af4522e5d003d78fb3f640b,2025-06-01,Mimico (includes Humber Bay Shores) (17),-79.48568571369577,43.62094188018773,3,2.418662204821582,0.5813377951784182
Basis Ridge (tuned),2024-12-01,0.013305392433761935,sha256:bd942a7bcbe33ba673b7fdec9b2ff2b747cb0d530af4522e5d003d78fb3f640b,2025-06-01,Morningside (135),-79.20335964084892,43.78544794442794,0,0.01780637530380271,-0.01780637530380271
Basis Ridge (tuned),2024-12-01,0.013305392433761935,sha256:bd942a7bcbe33ba673b7fdec9b2ff2b747cb0d530af4522e5d003d78fb3f640b,2025-06-01,Moss Park (73),-79.36913295325593,43.65425609335975,5,6.317498310184354,-1.3174983101843543
Basis Ridge (tuned),2024-12-01,0.013305392433761935,sha256:bd942a7bcbe33ba673b7fdec9b2ff2b747cb0d530af4522e5d003d78fb3f640b,2025-06-01,Mount Dennis (115),-79.48946593742998,43.68565859464735,0,0.09463664980246936,-0.09463664980246936
Basis Ridge (tuned),2024-12-01,0.013305392433761935,sha256:bd942a7bcbe33ba673b7fdec9b2ff2b747cb0d530af4522e5d003d78fb3f640b,2025-06-01,Mount Olive-Silverstone-Jamestown (2),-79.58577617904946,43.74325917379369,0,0.33115230681497876,-0.33115230681497876
Basis Ridge (tuned),2024-12-01,0.013305392433761935,sha256:bd942a7bcbe33ba673b7fdec9b2ff2b747cb0d530af4522e5d003d78fb3f640b,2025-06-01,Mount Pleasant East (99),-79.38525136980005,43.70699758566823,2,0.868134640384347,1.1318653596156532
Basis Ridge (tuned),2024-12-01,0.013305392433761935,sha256:bd942a7bcbe33ba673b7fdec9b2ff2b747cb0d530af4522e5d003d78fb3f640b,2025-06-01,Mount Pleasant West (104),-79.39441924813381,43.705281018271585,1,2.6893381254613384,-1.6893381254613384
Basis Ridge (tuned),2024-12-01,0.013305392433761935,sha256:bd942a7bcbe33ba673b7fdec9b2ff2b747cb0d530af4522e5d003d78fb3f640b,2025-06-01,NSA,NA,NA,3,1.458896327352815,1.541103672647185
Basis Ridge (tuned),2024-12-01,0.013305392433761935,sha256:bd942a7bcbe33ba673b7fdec9b2ff2b747cb0d530af4522e5d003d78fb3f640b,2025-06-01,New Toronto (18),-79.50819536860408,43.60067938873378,1,0.6286272380238338,0.3713727619761662
Basis Ridge (tuned),2024-12-01,0.013305392433761935,sha256:bd942a7bcbe33ba673b7fdec9b2ff2b747cb0d530af4522e5d003d78fb3f640b,2025-06-01,Newtonbrook East (50),-79.4155662486542,43.782773804672864,0,0.34510006566819174,-0.34510006566819174
Basis Ridge (tuned),2024-12-01,0.013305392433761935,sha256:bd942a7bcbe33ba673b7fdec9b2ff2b747cb0d530af4522e5d003d78fb3f640b,2025-06-01,Newtonbrook West (36),-79.42082573006313,43.78444945871987,4,0.9506795174339847,3.0493204825660154
Basis Ridge (tuned),2024-12-01,0.013305392433761935,sha256:bd942a7bcbe33ba673b7fdec9b2ff2b747cb0d530af4522e5d003d78fb3f640b,2025-06-01,Niagara (82),-79.40825413058062,43.639170480800686,8,7.074683067795871,0.9253169322041286
Basis Ridge (tuned),2024-12-01,0.013305392433761935,sha256:bd942a7bcbe33ba673b7fdec9b2ff2b747cb0d530af4522e5d003d78fb3f640b,2025-06-01,North Riverdale (68),-79.34942497640164,43.67320424441098,2,1.3423349582856268,0.6576650417143732
Basis Ridge (tuned),2024-12-01,0.013305392433761935,sha256:bd942a7bcbe33ba673b7fdec9b2ff2b747cb0d530af4522e5d003d78fb3f640b,2025-06-01,North St.James Town (74),-79.37622315570079,43.66924040879271,1,2.523223890996687,-1.5232238909966869
Basis Ridge (tuned),2024-12-01,0.013305392433761935,sha256:bd942a7bcbe33ba673b7fdec9b2ff2b747cb0d530af4522e5d003d78fb3f640b,2025-06-01,O'Connor-Parkview (54),-79.30295705711893,43.707394189060395,0,0.316138269936341,-0.316138269936341
Basis Ridge (tuned),2024-12-01,0.013305392433761935,sha256:bd942a7bcbe33ba673b7fdec9b2ff2b747cb0d530af4522e5d003d78fb3f640b,2025-06-01,Oakridge (121),-79.28580476562132,43.69338422103418,0,0.38428517173654864,-0.38428517173654864
Basis Ridge (tuned),2024-12-01,0.013305392433761935,sha256:bd942a7bcbe33ba673b7fdec9b2ff2b747cb0d530af4522e5d003d78fb3f640b,2025-06-01,Oakwood Village (107),-79.43992214652974,43.693163772618576,3,0.5802551780330725,2.4197448219669275
Basis Ridge (tuned),2024-12-01,0.013305392433761935,sha256:bd942a7bcbe33ba673b7fdec9b2ff2b747cb0d530af4522e5d003d78fb3f640b,2025-06-01,Old East York (58),-79.33971322725657,43.69468655917457,0,0.17969706061019147,-0.17969706061019147
Basis Ridge (tuned),2024-12-01,0.013305392433761935,sha256:bd942a7bcbe33ba673b7fdec9b2ff2b747cb0d530af4522e5d003d78fb3f640b,2025-06-01,Palmerston-Little Italy (80),-79.41607073008583,43.65977590713319,11,2.675185771697793,8.324814228302207
Basis Ridge (tuned),2024-12-01,0.013305392433761935,sha256:bd942a7bcbe33ba673b7fdec9b2ff2b747cb0d530af4522e5d003d78fb3f640b,2025-06-01,Parkwoods-Donalda (45),-79.32857716506125,43.75401452181123,0,0.2885075873563923,-0.2885075873563923
Basis Ridge (tuned),2024-12-01,0.013305392433761935,sha256:bd942a7bcbe33ba673b7fdec9b2ff2b747cb0d530af4522e5d003d78fb3f640b,2025-06-01,Pelmo Park-Humberlea (23),-79.53452633259599,43.71053804014776,0,0.0540957894374726,-0.0540957894374726
Basis Ridge (tuned),2024-12-01,0.013305392433761935,sha256:bd942a7bcbe33ba673b7fdec9b2ff2b747cb0d530af4522e5d003d78fb3f640b,2025-06-01,Playter Estates-Danforth (67),-79.35537498775473,43.678037843577414,2,0.8975259985604908,1.1024740014395094
Basis Ridge (tuned),2024-12-01,0.013305392433761935,sha256:bd942a7bcbe33ba673b7fdec9b2ff2b747cb0d530af4522e5d003d78fb3f640b,2025-06-01,Pleasant View (46),-79.33169496448295,43.78880674789264,0,0.12343370787018204,-0.12343370787018204
Basis Ridge (tuned),2024-12-01,0.013305392433761935,sha256:bd942a7bcbe33ba673b7fdec9b2ff2b747cb0d530af4522e5d003d78fb3f640b,2025-06-01,Princess-Rosethorn (10),-79.54278218831497,43.6664342839495,0,0.10755532532121306,-0.10755532532121306
Basis Ridge (tuned),2024-12-01,0.013305392433761935,sha256:bd942a7bcbe33ba673b7fdec9b2ff2b747cb0d530af4522e5d003d78fb3f640b,2025-06-01,Regent Park (72),-79.36178286088128,43.65943439853815,2,1.6225367722603725,0.3774632277396275
Basis Ridge (tuned),2024-12-01,0.013305392433761935,sha256:bd942a7bcbe33ba673b7fdec9b2ff2b747cb0d530af4522e5d003d78fb3f640b,2025-06-01,Rexdale-Kipling (4),-79.56943957685264,43.726549256380395,0,0.005157926812841484,-0.005157926812841484
Basis Ridge (tuned),2024-12-01,0.013305392433761935,sha256:bd942a7bcbe33ba673b7fdec9b2ff2b747cb0d530af4522e5d003d78fb3f640b,2025-06-01,Rockcliffe-Smythe (111),-79.49193279998173,43.67234248080122,0,0.3641241539391225,-0.3641241539391225
Basis Ridge (tuned),2024-12-01,0.013305392433761935,sha256:bd942a7bcbe33ba673b7fdec9b2ff2b747cb0d530af4522e5d003d78fb3f640b,2025-06-01,Roncesvalles (86),-79.44277811907274,43.64370439603947,3,1.9522745320490076,1.0477254679509924
Basis Ridge (tuned),2024-12-01,0.013305392433761935,sha256:bd942a7bcbe33ba673b7fdec9b2ff2b747cb0d530af4522e5d003d78fb3f640b,2025-06-01,Rosedale-Moore Park (98),-79.38462305095243,43.67502671420579,4,3.210682075881795,0.7893179241182051
Basis Ridge (tuned),2024-12-01,0.013305392433761935,sha256:bd942a7bcbe33ba673b7fdec9b2ff2b747cb0d530af4522e5d003d78fb3f640b,2025-06-01,Rouge (131),-79.13309434834144,43.78938806538385,1,0.3778194836861978,0.6221805163138022
Basis Ridge (tuned),2024-12-01,0.013305392433761935,sha256:bd942a7bcbe33ba673b7fdec9b2ff2b747cb0d530af4522e5d003d78fb3f640b,2025-06-01,Runnymede-Bloor West Village (89),-79.48480851655415,43.65975616827931,1,0.5840469280151763,0.4159530719848237
Basis Ridge (tuned),2024-12-01,0.013305392433761935,sha256:bd942a7bcbe33ba673b7fdec9b2ff2b747cb0d530af4522e5d003d78fb3f640b,2025-06-01,Rustic (28),-79.50024894268427,43.70839284643953,1,0,1
Basis Ridge (tuned),2024-12-01,0.013305392433761935,sha256:bd942a7bcbe33ba673b7fdec9b2ff2b747cb0d530af4522e5d003d78fb3f640b,2025-06-01,Scarborough Village (139),-79.22121647737255,43.74178808353859,1,0.18905276754842448,0.8109472324515755
Basis Ridge (tuned),2024-12-01,0.013305392433761935,sha256:bd942a7bcbe33ba673b7fdec9b2ff2b747cb0d530af4522e5d003d78fb3f640b,2025-06-01,South Parkdale (85),-79.43087572304012,43.63836538756867,3,2.1514937921150623,0.8485062078849377
Basis Ridge (tuned),2024-12-01,0.013305392433761935,sha256:bd942a7bcbe33ba673b7fdec9b2ff2b747cb0d530af4522e5d003d78fb3f640b,2025-06-01,South Riverdale (70),-79.34033408773206,43.66227352160024,7,5.184505609281771,1.8154943907182286
Basis Ridge (tuned),2024-12-01,0.013305392433761935,sha256:bd942a7bcbe33ba673b7fdec9b2ff2b747cb0d530af4522e5d003d78fb3f640b,2025-06-01,St.Andrew-Windfields (40),-79.39807496057622,43.75295000125709,0,0.3271812511364371,-0.3271812511364371
Basis Ridge (tuned),2024-12-01,0.013305392433761935,sha256:bd942a7bcbe33ba673b7fdec9b2ff2b747cb0d530af4522e5d003d78fb3f640b,2025-06-01,Steeles (116),-79.32254019689177,43.815065444286134,0,0.025580659770041904,-0.025580659770041904
Basis Ridge (tuned),2024-12-01,0.013305392433761935,sha256:bd942a7bcbe33ba673b7fdec9b2ff2b747cb0d530af4522e5d003d78fb3f640b,2025-06-01,Stonegate-Queensway (16),-79.50687874894817,43.63678476785418,0,0.47791088493306955,-0.47791088493306955
Basis Ridge (tuned),2024-12-01,0.013305392433761935,sha256:bd942a7bcbe33ba673b7fdec9b2ff2b747cb0d530af4522e5d003d78fb3f640b,2025-06-01,Tam O'Shanter-Sullivan (118),-79.29346258821549,43.78211963627784,0,0.3163349527526307,-0.3163349527526307
Basis Ridge (tuned),2024-12-01,0.013305392433761935,sha256:bd942a7bcbe33ba673b7fdec9b2ff2b747cb0d530af4522e5d003d78fb3f640b,2025-06-01,Taylor-Massey (61),-79.29495186057909,43.692458919227406,4,0.5788298972434248,3.4211701027565753
Basis Ridge (tuned),2024-12-01,0.013305392433761935,sha256:bd942a7bcbe33ba673b7fdec9b2ff2b747cb0d530af4522e5d003d78fb3f640b,2025-06-01,The Beaches (63),-79.30297553719052,43.66875560841342,2,1.6820130206374861,0.31798697936251386
Basis Ridge (tuned),2024-12-01,0.013305392433761935,sha256:bd942a7bcbe33ba673b7fdec9b2ff2b747cb0d530af4522e5d003d78fb3f640b,2025-06-01,Thistletown-Beaumond Heights (3),-79.5659329290065,43.73754827301803,1,0.013426846013501186,0.9865731539864988
Basis Ridge (tuned),2024-12-01,0.013305392433761935,sha256:bd942a7bcbe33ba673b7fdec9b2ff2b747cb0d530af4522e5d003d78fb3f640b,2025-06-01,Thorncliffe Park (55),-79.35448121100222,43.71036836631147,0,0.5562152178974432,-0.5562152178974432
Basis Ridge (tuned),2024-12-01,0.013305392433761935,sha256:bd942a7bcbe33ba673b7fdec9b2ff2b747cb0d530af4522e5d003d78fb3f640b,2025-06-01,Trinity-Bellwoods (81),-79.41373927922925,43.65087049509186,5,2.7727768564110686,2.2272231435889314
Basis Ridge (tuned),2024-12-01,0.013305392433761935,sha256:bd942a7bcbe33ba673b7fdec9b2ff2b747cb0d530af4522e5d003d78fb3f640b,2025-06-01,University (79),-79.39982104056267,43.66254295263539,7,4.953067134022505,2.046932865977495
Basis Ridge (tuned),2024-12-01,0.013305392433761935,sha256:bd942a7bcbe33ba673b7fdec9b2ff2b747cb0d530af4522e5d003d78fb3f640b,2025-06-01,Victoria Village (43),-79.3128138518101,43.72684844443762,0,0.04912617004067855,-0.04912617004067855
Basis Ridge (tuned),2024-12-01,0.013305392433761935,sha256:bd942a7bcbe33ba673b7fdec9b2ff2b747cb0d530af4522e5d003d78fb3f640b,2025-06-01,Waterfront Communities-The Island (77),-79.38919773860151,43.64473008383375,26,19.18322432464931,6.816775675350691
Basis Ridge (tuned),2024-12-01,0.013305392433761935,sha256:bd942a7bcbe33ba673b7fdec9b2ff2b747cb0d530af4522e5d003d78fb3f640b,2025-06-01,West Hill (136),-79.18284860837016,43.76769079627477,1,0.6758349957984058,0.3241650042015942
Basis Ridge (tuned),2024-12-01,0.013305392433761935,sha256:bd942a7bcbe33ba673b7fdec9b2ff2b747cb0d530af4522e5d003d78fb3f640b,2025-06-01,West Humber-Clairville (1),-79.60420741329722,43.73006355433667,0,0.4558625262253595,-0.4558625262253595
Basis Ridge (tuned),2024-12-01,0.013305392433761935,sha256:bd942a7bcbe33ba673b7fdec9b2ff2b747cb0d530af4522e5d003d78fb3f640b,2025-06-01,Westminster-Branson (35),-79.44807552904417,43.781743102812335,4,0.4369420873816068,3.563057912618393
Basis Ridge (tuned),2024-12-01,0.013305392433761935,sha256:bd942a7bcbe33ba673b7fdec9b2ff2b747cb0d530af4522e5d003d78fb3f640b,2025-06-01,Weston (113),-79.5165855480493,43.702833758307314,0,0.38939263289323733,-0.38939263289323733
Basis Ridge (tuned),2024-12-01,0.013305392433761935,sha256:bd942a7bcbe33ba673b7fdec9b2ff2b747cb0d530af4522e5d003d78fb3f640b,2025-06-01,Weston-Pelham Park (91),-79.45875842314518,43.67071482937652,0,0.2768127088703248,-0.2768127088703248
Basis Ridge (tuned),2024-12-01,0.013305392433761935,sha256:bd942a7bcbe33ba673b7fdec9b2ff2b747cb0d530af4522e5d003d78fb3f640b,2025-06-01,Wexford/Maryvale (119),-79.30050366891615,43.74264083383781,0,0.5519803173996394,-0.5519803173996394
Basis Ridge (tuned),2024-12-01,0.013305392433761935,sha256:bd942a7bcbe33ba673b7fdec9b2ff2b747cb0d530af4522e5d003d78fb3f640b,2025-06-01,Willowdale East (51),-79.410074781475,43.76524478810602,8,1.9841824021531203,6.01581759784688
Basis Ridge (tuned),2024-12-01,0.013305392433761935,sha256:bd942a7bcbe33ba673b7fdec9b2ff2b747cb0d530af4522e5d003d78fb3f640b,2025-06-01,Willowdale West (37),-79.41563035776022,43.77061463226557,4,0.7916239538494585,3.2083760461505415
Basis Ridge (tuned),2024-12-01,0.013305392433761935,sha256:bd942a7bcbe33ba673b7fdec9b2ff2b747cb0d530af4522e5d003d78fb3f640b,2025-06-01,Willowridge-Martingrove-Richview (7),-79.55960317676033,43.68486812894035,0,0.128749991706919,-0.128749991706919
Basis Ridge (tuned),2024-12-01,0.013305392433761935,sha256:bd942a7bcbe33ba673b7fdec9b2ff2b747cb0d530af4522e5d003d78fb3f640b,2025-06-01,Woburn (137),-79.22656387770975,43.76289989874722,2,0.5019165511158571,1.498083448884143
Basis Ridge (tuned),2024-12-01,0.013305392433761935,sha256:bd942a7bcbe33ba673b7fdec9b2ff2b747cb0d530af4522e5d003d78fb3f640b,2025-06-01,Woodbine Corridor (64),-79.31407054230695,43.67581440173363,0,0.8503166285031081,-0.8503166285031081
Basis Ridge (tuned),2024-12-01,0.013305392433761935,sha256:bd942a7bcbe33ba673b7fdec9b2ff2b747cb0d530af4522e5d003d78fb3f640b,2025-06-01,Woodbine-Lumsden (60),-79.31039264658962,43.69145821847367,0,0.1908814721588792,-0.1908814721588792
Basis Ridge (tuned),2024-12-01,0.013305392433761935,sha256:bd942a7bcbe33ba673b7fdec9b2ff2b747cb0d530af4522e5d003d78fb3f640b,2025-06-01,Wychwood (94),-79.42710542937913,43.6784532168336,0,0.9064575352626153,-0.9064575352626153
Basis Ridge (tuned),2024-12-01,0.013305392433761935,sha256:bd942a7bcbe33ba673b7fdec9b2ff2b747cb0d530af4522e5d003d78fb3f640b,2025-06-01,Yonge-Eglinton (100),-79.40102373824469,43.70674080495774,0,0.9308561897013894,-0.9308561897013894
Basis Ridge (tuned),2024-12-01,0.013305392433761935,sha256:bd942a7bcbe33ba673b7fdec9b2ff2b747cb0d530af4522e5d003d78fb3f640b,2025-06-01,Yonge-St.Clair (97),-79.39834065134646,43.689263791751046,1,0.7788093664243071,0.2211906335756929
Basis Ridge (tuned),2024-12-01,0.013305392433761935,sha256:bd942a7bcbe33ba673b7fdec9b2ff2b747cb0d530af4522e5d003d78fb3f640b,2025-06-01,York University Heights (27),-79.49891755560928,43.76657476817609,1,1.3265920968801936,-0.32659209688019364
Basis Ridge (tuned),2024-12-01,0.013305392433761935,sha256:bd942a7bcbe33ba673b7fdec9b2ff2b747cb0d530af4522e5d003d78fb3f640b,2025-06-01,Yorkdale-Glen Park (31),-79.45130621630454,43.714348256200424,5,0.8305535489554129,4.169446451044587
Basis Ridge (tuned),2024-12-01,0.013305392433761935,sha256:bd942a7bcbe33ba673b7fdec9b2ff2b747cb0d530af4522e5d003d78fb3f640b,2025-07-01,Agincourt North (129),-79.26928393506104,43.810980375100264,1,0.09785328797826566,0.9021467120217344
Basis Ridge (tuned),2024-12-01,0.013305392433761935,sha256:bd942a7bcbe33ba673b7fdec9b2ff2b747cb0d530af4522e5d003d78fb3f640b,2025-07-01,Agincourt South-Malvern West (128),-79.28002861084076,43.7889253690791,2,0.27857913835693476,1.7214208616430653
Basis Ridge (tuned),2024-12-01,0.013305392433761935,sha256:bd942a7bcbe33ba673b7fdec9b2ff2b747cb0d530af4522e5d003d78fb3f640b,2025-07-01,Alderwood (20),-79.54538918515296,43.6065751977772,0,0.16474914743954436,-0.16474914743954436
Basis Ridge (tuned),2024-12-01,0.013305392433761935,sha256:bd942a7bcbe33ba673b7fdec9b2ff2b747cb0d530af4522e5d003d78fb3f640b,2025-07-01,Annex (95),-79.40380913861458,43.670104609767606,8,7.281811787790628,0.7181882122093723
Basis Ridge (tuned),2024-12-01,0.013305392433761935,sha256:bd942a7bcbe33ba673b7fdec9b2ff2b747cb0d530af4522e5d003d78fb3f640b,2025-07-01,Banbury-Don Mills (42),-79.3409210158811,43.73511850435992,0,0.3562234924050852,-0.3562234924050852
Basis Ridge (tuned),2024-12-01,0.013305392433761935,sha256:bd942a7bcbe33ba673b7fdec9b2ff2b747cb0d530af4522e5d003d78fb3f640b,2025-07-01,Bathurst Manor (34),-79.45175843487672,43.75609728872373,1,0.28242069249667223,0.7175793075033278
Basis Ridge (tuned),2024-12-01,0.013305392433761935,sha256:bd942a7bcbe33ba673b7fdec9b2ff2b747cb0d530af4522e5d003d78fb3f640b,2025-07-01,Bay Street Corridor (76),-79.38436854475557,43.65730879641258,17,16.576707468765036,0.4232925312349636
Basis Ridge (tuned),2024-12-01,0.013305392433761935,sha256:bd942a7bcbe33ba673b7fdec9b2ff2b747cb0d530af4522e5d003d78fb3f640b,2025-07-01,Bayview Village (52),-79.38403601743099,43.769051789694494,4,0.7535171583989265,3.2464828416010736
Basis Ridge (tuned),2024-12-01,0.013305392433761935,sha256:bd942a7bcbe33ba673b7fdec9b2ff2b747cb0d530af4522e5d003d78fb3f640b,2025-07-01,Bayview Woods-Steeles (49),-79.3743681512798,43.797822785562154,1,0.04414375923696151,0.9558562407630384
Basis Ridge (tuned),2024-12-01,0.013305392433761935,sha256:bd942a7bcbe33ba673b7fdec9b2ff2b747cb0d530af4522e5d003d78fb3f640b,2025-07-01,Bedford Park-Nortown (39),-79.42125788351791,43.72757981721193,1,0.48608325535397645,0.5139167446460235
Basis Ridge (tuned),2024-12-01,0.013305392433761935,sha256:bd942a7bcbe33ba673b7fdec9b2ff2b747cb0d530af4522e5d003d78fb3f640b,2025-07-01,Beechborough-Greenbrook (112),-79.4744663865561,43.691508083029944,0,0.016849445356978885,-0.016849445356978885
Basis Ridge (tuned),2024-12-01,0.013305392433761935,sha256:bd942a7bcbe33ba673b7fdec9b2ff2b747cb0d530af4522e5d003d78fb3f640b,2025-07-01,Bendale (127),-79.26046315357324,43.76293076745831,2,0.4339329691931195,1.5660670308068805
Basis Ridge (tuned),2024-12-01,0.013305392433761935,sha256:bd942a7bcbe33ba673b7fdec9b2ff2b747cb0d530af4522e5d003d78fb3f640b,2025-07-01,Birchcliffe-Cliffside (122),-79.27062357025366,43.69131003372983,2,0.5799113958358095,1.4200886041641905
Basis Ridge (tuned),2024-12-01,0.013305392433761935,sha256:bd942a7bcbe33ba673b7fdec9b2ff2b747cb0d530af4522e5d003d78fb3f640b,2025-07-01,Black Creek (24),-79.51869671361172,43.76523138519309,2,0.26754197827989756,1.7324580217201024
Basis Ridge (tuned),2024-12-01,0.013305392433761935,sha256:bd942a7bcbe33ba673b7fdec9b2ff2b747cb0d530af4522e5d003d78fb3f640b,2025-07-01,Blake-Jones (69),-79.3394451105104,43.67664416992363,0,0.710957196447963,-0.710957196447963
Basis Ridge (tuned),2024-12-01,0.013305392433761935,sha256:bd942a7bcbe33ba673b7fdec9b2ff2b747cb0d530af4522e5d003d78fb3f640b,2025-07-01,Briar Hill-Belgravia (108),-79.445578280552,43.699313061287725,0,0.4215185329348291,-0.4215185329348291
Basis Ridge (tuned),2024-12-01,0.013305392433761935,sha256:bd942a7bcbe33ba673b7fdec9b2ff2b747cb0d530af4522e5d003d78fb3f640b,2025-07-01,Bridle Path-Sunnybrook-York Mills (41),-79.38366396163413,43.72516179918022,0,0.2380196654741621,-0.2380196654741621
Basis Ridge (tuned),2024-12-01,0.013305392433761935,sha256:bd942a7bcbe33ba673b7fdec9b2ff2b747cb0d530af4522e5d003d78fb3f640b,2025-07-01,Broadview North (57),-79.35364911130229,43.683932870884654,0,0.6045399473068713,-0.6045399473068713
Basis Ridge (tuned),2024-12-01,0.013305392433761935,sha256:bd942a7bcbe33ba673b7fdec9b2ff2b747cb0d530af4522e5d003d78fb3f640b,2025-07-01,Brookhaven-Amesbury (30),-79.49015206607174,43.69942696476651,1,0.20345623550263287,0.7965437644973672
Basis Ridge (tuned),2024-12-01,0.013305392433761935,sha256:bd942a7bcbe33ba673b7fdec9b2ff2b747cb0d530af4522e5d003d78fb3f640b,2025-07-01,Cabbagetown-South St.James Town (71),-79.36975340775743,43.66521290431659,6,2.9963107999306855,3.0036892000693145
Basis Ridge (tuned),2024-12-01,0.013305392433761935,sha256:bd942a7bcbe33ba673b7fdec9b2ff2b747cb0d530af4522e5d003d78fb3f640b,2025-07-01,Caledonia-Fairbank (109),-79.4517849962554,43.690036179158305,1,0.1369848275998102,0.8630151724001898
Basis Ridge (tuned),2024-12-01,0.013305392433761935,sha256:bd942a7bcbe33ba673b7fdec9b2ff2b747cb0d530af4522e5d003d78fb3f640b,2025-07-01,Casa Loma (96),-79.40864864037756,43.67955392863041,0,0.7744444558611576,-0.7744444558611576
Basis Ridge (tuned),2024-12-01,0.013305392433761935,sha256:bd942a7bcbe33ba673b7fdec9b2ff2b747cb0d530af4522e5d003d78fb3f640b,2025-07-01,Centennial Scarborough (133),-79.15053423026679,43.780757885389185,0,0.086436473193479,-0.086436473193479
Basis Ridge (tuned),2024-12-01,0.013305392433761935,sha256:bd942a7bcbe33ba673b7fdec9b2ff2b747cb0d530af4522e5d003d78fb3f640b,2025-07-01,Church-Yonge Corridor (75),-79.37956284727365,43.66018909929288,11,15.710144465262806,-4.710144465262806
Basis Ridge (tuned),2024-12-01,0.013305392433761935,sha256:bd942a7bcbe33ba673b7fdec9b2ff2b747cb0d530af4522e5d003d78fb3f640b,2025-07-01,Clairlea-Birchmount (120),-79.28672506823307,43.709414591668256,0,0.5365397756144465,-0.5365397756144465
Basis Ridge (tuned),2024-12-01,0.013305392433761935,sha256:bd942a7bcbe33ba673b7fdec9b2ff2b747cb0d530af4522e5d003d78fb3f640b,2025-07-01,Clanton Park (33),-79.44643447690169,43.74149776462126,1,0.39251607489362084,0.6074839251063792
Basis Ridge (tuned),2024-12-01,0.013305392433761935,sha256:bd942a7bcbe33ba673b7fdec9b2ff2b747cb0d530af4522e5d003d78fb3f640b,2025-07-01,Cliffcrest (123),-79.23329029919245,43.72191819765982,0,0.17699780443644988,-0.17699780443644988
Basis Ridge (tuned),2024-12-01,0.013305392433761935,sha256:bd942a7bcbe33ba673b7fdec9b2ff2b747cb0d530af4522e5d003d78fb3f640b,2025-07-01,Corso Italia-Davenport (92),-79.4427553703874,43.67658111935704,1,0.5977574447545951,0.40224255524540486
Basis Ridge (tuned),2024-12-01,0.013305392433761935,sha256:bd942a7bcbe33ba673b7fdec9b2ff2b747cb0d530af4522e5d003d78fb3f640b,2025-07-01,Danforth (66),-79.33065782618279,43.682847803276616,0,1.1908316460260575,-1.1908316460260575
Basis Ridge (tuned),2024-12-01,0.013305392433761935,sha256:bd942a7bcbe33ba673b7fdec9b2ff2b747cb0d530af4522e5d003d78fb3f640b,2025-07-01,Danforth East York (59),-79.3313092800722,43.69082681262244,0,0.5276373159199798,-0.5276373159199798
Basis Ridge (tuned),2024-12-01,0.013305392433761935,sha256:bd942a7bcbe33ba673b7fdec9b2ff2b747cb0d530af4522e5d003d78fb3f640b,2025-07-01,Don Valley Village (47),-79.35240298959988,43.77988611135725,1,0.30881712272114653,0.6911828772788535
Basis Ridge (tuned),2024-12-01,0.013305392433761935,sha256:bd942a7bcbe33ba673b7fdec9b2ff2b747cb0d530af4522e5d003d78fb3f640b,2025-07-01,Dorset Park (126),-79.28077525994308,43.75528945083431,0,0.34968138600213655,-0.34968138600213655
Basis Ridge (tuned),2024-12-01,0.013305392433761935,sha256:bd942a7bcbe33ba673b7fdec9b2ff2b747cb0d530af4522e5d003d78fb3f640b,2025-07-01,Dovercourt-Wallace Emerson-Junction (93),-79.43778332382438,43.66463002065643,4,4.906590972133381,-0.9065909721333814
Basis Ridge (tuned),2024-12-01,0.013305392433761935,sha256:bd942a7bcbe33ba673b7fdec9b2ff2b747cb0d530af4522e5d003d78fb3f640b,2025-07-01,Downsview-Roding-CFB (26),-79.4835940990325,43.727986861303435,3,0.7639067186648163,2.236093281335184
Basis Ridge (tuned),2024-12-01,0.013305392433761935,sha256:bd942a7bcbe33ba673b7fdec9b2ff2b747cb0d530af4522e5d003d78fb3f640b,2025-07-01,Dufferin Grove (83),-79.4370618209781,43.65521640563446,0,2.1614851338512016,-2.1614851338512016
Basis Ridge (tuned),2024-12-01,0.013305392433761935,sha256:bd942a7bcbe33ba673b7fdec9b2ff2b747cb0d530af4522e5d003d78fb3f640b,2025-07-01,East End-Danforth (62),-79.30055625233094,43.68572312555001,1,2.1813598668167624,-1.1813598668167624
Basis Ridge (tuned),2024-12-01,0.013305392433761935,sha256:bd942a7bcbe33ba673b7fdec9b2ff2b747cb0d530af4522e5d003d78fb3f640b,2025-07-01,Edenbridge-Humber Valley (9),-79.52023309003076,43.66557816852869,0,0.2020829047390018,-0.2020829047390018
Basis Ridge (tuned),2024-12-01,0.013305392433761935,sha256:bd942a7bcbe33ba673b7fdec9b2ff2b747cb0d530af4522e5d003d78fb3f640b,2025-07-01,Eglinton East (138),-79.24473615792672,43.73991827916189,0,0.2647816302421801,-0.2647816302421801
Basis Ridge (tuned),2024-12-01,0.013305392433761935,sha256:bd942a7bcbe33ba673b7fdec9b2ff2b747cb0d530af4522e5d003d78fb3f640b,2025-07-01,Elms-Old Rexdale (5),-79.55208772185198,43.71927285915033,0,0.08726361092716668,-0.08726361092716668
Basis Ridge (tuned),2024-12-01,0.013305392433761935,sha256:bd942a7bcbe33ba673b7fdec9b2ff2b747cb0d530af4522e5d003d78fb3f640b,2025-07-01,Englemount-Lawrence (32),-79.43712596977969,43.7204676607881,2,0.6694794505466541,1.3305205494533459
Basis Ridge (tuned),2024-12-01,0.013305392433761935,sha256:bd942a7bcbe33ba673b7fdec9b2ff2b747cb0d530af4522e5d003d78fb3f640b,2025-07-01,Eringate-Centennial-West Deane (11),-79.57787073233334,43.65860025717794,0,0.10531516353565795,-0.10531516353565795
Basis Ridge (tuned),2024-12-01,0.013305392433761935,sha256:bd942a7bcbe33ba673b7fdec9b2ff2b747cb0d530af4522e5d003d78fb3f640b,2025-07-01,Etobicoke West Mall (13),-79.5678030787646,43.64190931147644,0,0.13825197484839757,-0.13825197484839757
Basis Ridge (tuned),2024-12-01,0.013305392433761935,sha256:bd942a7bcbe33ba673b7fdec9b2ff2b747cb0d530af4522e5d003d78fb3f640b,2025-07-01,Flemingdon Park (44),-79.33198682919883,43.71530756444098,0,0.2611381759179287,-0.2611381759179287
Basis Ridge (tuned),2024-12-01,0.013305392433761935,sha256:bd942a7bcbe33ba673b7fdec9b2ff2b747cb0d530af4522e5d003d78fb3f640b,2025-07-01,Forest Hill North (102),-79.43346069412912,43.70194436532484,0,0.5465838499640697,-0.5465838499640697
Basis Ridge (tuned),2024-12-01,0.013305392433761935,sha256:bd942a7bcbe33ba673b7fdec9b2ff2b747cb0d530af4522e5d003d78fb3f640b,2025-07-01,Forest Hill South (101),-79.41299883590433,43.6890600119443,1,0.6099736357993913,0.39002636420060866
Basis Ridge (tuned),2024-12-01,0.013305392433761935,sha256:bd942a7bcbe33ba673b7fdec9b2ff2b747cb0d530af4522e5d003d78fb3f640b,2025-07-01,Glenfield-Jane Heights (25),-79.50908241975385,43.74806287596809,0,0.47590859432118665,-0.47590859432118665
Basis Ridge (tuned),2024-12-01,0.013305392433761935,sha256:bd942a7bcbe33ba673b7fdec9b2ff2b747cb0d530af4522e5d003d78fb3f640b,2025-07-01,Greenwood-Coxwell (65),-79.32392461588157,43.67182578504262,0,1.5843820179039751,-1.5843820179039751
Basis Ridge (tuned),2024-12-01,0.013305392433761935,sha256:bd942a7bcbe33ba673b7fdec9b2ff2b747cb0d530af4522e5d003d78fb3f640b,2025-07-01,Guildwood (140),-79.1987335919193,43.747914590059,1,0.09744307845635533,0.9025569215436446
Basis Ridge (tuned),2024-12-01,0.013305392433761935,sha256:bd942a7bcbe33ba673b7fdec9b2ff2b747cb0d530af4522e5d003d78fb3f640b,2025-07-01,Henry Farm (53),-79.34642185767248,43.76957681680956,3,0.23425136518439346,2.7657486348156066
Basis Ridge (tuned),2024-12-01,0.013305392433761935,sha256:bd942a7bcbe33ba673b7fdec9b2ff2b747cb0d530af4522e5d003d78fb3f640b,2025-07-01,High Park North (88),-79.4652298180643,43.65722103912335,3,2.574444580505125,0.42555541949487496
Basis Ridge (tuned),2024-12-01,0.013305392433761935,sha256:bd942a7bcbe33ba673b7fdec9b2ff2b747cb0d530af4522e5d003d78fb3f640b,2025-07-01,High Park-Swansea (87),-79.4648159122912,43.64453199862067,0,1.4026797344194282,-1.4026797344194282
Basis Ridge (tuned),2024-12-01,0.013305392433761935,sha256:bd942a7bcbe33ba673b7fdec9b2ff2b747cb0d530af4522e5d003d78fb3f640b,2025-07-01,Highland Creek (134),-79.18452149622338,43.786273991320705,0,0.1994200456364738,-0.1994200456364738
Basis Ridge (tuned),2024-12-01,0.013305392433761935,sha256:bd942a7bcbe33ba673b7fdec9b2ff2b747cb0d530af4522e5d003d78fb3f640b,2025-07-01,Hillcrest Village (48),-79.35806283641195,43.79960270136573,1,0.17325059435557202,0.826749405644428
Basis Ridge (tuned),2024-12-01,0.013305392433761935,sha256:bd942a7bcbe33ba673b7fdec9b2ff2b747cb0d530af4522e5d003d78fb3f640b,2025-07-01,Humber Heights-Westmount (8),-79.51864457298561,43.69564007439048,0,0.0675419833431186,-0.0675419833431186
Basis Ridge (tuned),2024-12-01,0.013305392433761935,sha256:bd942a7bcbe33ba673b7fdec9b2ff2b747cb0d530af4522e5d003d78fb3f640b,2025-07-01,Humber Summit (21),-79.56057763521508,43.75362439798188,0,0.15850731925282935,-0.15850731925282935
Basis Ridge (tuned),2024-12-01,0.013305392433761935,sha256:bd942a7bcbe33ba673b7fdec9b2ff2b747cb0d530af4522e5d003d78fb3f640b,2025-07-01,Humbermede (22),-79.54521679307662,43.74787608113298,0,0.09286857569493556,-0.09286857569493556
Basis Ridge (tuned),2024-12-01,0.013305392433761935,sha256:bd942a7bcbe33ba673b7fdec9b2ff2b747cb0d530af4522e5d003d78fb3f640b,2025-07-01,Humewood-Cedarvale (106),-79.42603840921164,43.68908389632168,1,1.043184351216679,-0.04318435121667896
Basis Ridge (tuned),2024-12-01,0.013305392433761935,sha256:bd942a7bcbe33ba673b7fdec9b2ff2b747cb0d530af4522e5d003d78fb3f640b,2025-07-01,Ionview (125),-79.2682783103958,43.73299077700163,0,0.08690620835935163,-0.08690620835935163
Basis Ridge (tuned),2024-12-01,0.013305392433761935,sha256:bd942a7bcbe33ba673b7fdec9b2ff2b747cb0d530af4522e5d003d78fb3f640b,2025-07-01,Islington-City Centre West (14),-79.53678079261083,43.641361915813675,3,1.2779863864191099,1.7220136135808901
Basis Ridge (tuned),2024-12-01,0.013305392433761935,sha256:bd942a7bcbe33ba673b7fdec9b2ff2b747cb0d530af4522e5d003d78fb3f640b,2025-07-01,Junction Area (90),-79.46892477498491,43.6655394100211,4,1.1530355660492,2.8469644339508
Basis Ridge (tuned),2024-12-01,0.013305392433761935,sha256:bd942a7bcbe33ba673b7fdec9b2ff2b747cb0d530af4522e5d003d78fb3f640b,2025-07-01,Keelesdale-Eglinton West (110),-79.47055790633043,43.68391780141048,0,0.14073975211352296,-0.14073975211352296
Basis Ridge (tuned),2024-12-01,0.013305392433761935,sha256:bd942a7bcbe33ba673b7fdec9b2ff2b747cb0d530af4522e5d003d78fb3f640b,2025-07-01,Kennedy Park (124),-79.25874986465229,43.728410786674374,0,0.2959444135112544,-0.2959444135112544
Basis Ridge (tuned),2024-12-01,0.013305392433761935,sha256:bd942a7bcbe33ba673b7fdec9b2ff2b747cb0d530af4522e5d003d78fb3f640b,2025-07-01,Kensington-Chinatown (78),-79.3967980354919,43.65388049459246,10,7.116223579314549,2.883776420685451
Basis Ridge (tuned),2024-12-01,0.013305392433761935,sha256:bd942a7bcbe33ba673b7fdec9b2ff2b747cb0d530af4522e5d003d78fb3f640b,2025-07-01,Kingsview Village-The Westway (6),-79.54911503533694,43.69584358136977,0,0.14326876096454674,-0.14326876096454674
Basis Ridge (tuned),2024-12-01,0.013305392433761935,sha256:bd942a7bcbe33ba673b7fdec9b2ff2b747cb0d530af4522e5d003d78fb3f640b,2025-07-01,Kingsway South (15),-79.51086459422443,43.65032283055947,1,0.4716663164194087,0.5283336835805913
Basis Ridge (tuned),2024-12-01,0.013305392433761935,sha256:bd942a7bcbe33ba673b7fdec9b2ff2b747cb0d530af4522e5d003d78fb3f640b,2025-07-01,L'Amoreaux (117),-79.3201008921114,43.79636378659849,1,0.3742139989891583,0.6257860010108417
Basis Ridge (tuned),2024-12-01,0.013305392433761935,sha256:bd942a7bcbe33ba673b7fdec9b2ff2b747cb0d530af4522e5d003d78fb3f640b,2025-07-01,Lambton Baby Point (114),-79.49452130561747,43.65593529844182,0,0.24697034805370932,-0.24697034805370932
Basis Ridge (tuned),2024-12-01,0.013305392433761935,sha256:bd942a7bcbe33ba673b7fdec9b2ff2b747cb0d530af4522e5d003d78fb3f640b,2025-07-01,Lansing-Westgate (38),-79.41222964417364,43.761840287387486,1,0.374191283525158,0.625808716474842
Basis Ridge (tuned),2024-12-01,0.013305392433761935,sha256:bd942a7bcbe33ba673b7fdec9b2ff2b747cb0d530af4522e5d003d78fb3f640b,2025-07-01,Lawrence Park North (105),-79.40643053379212,43.72768097403552,0,0.6496448474895103,-0.6496448474895103
Basis Ridge (tuned),2024-12-01,0.013305392433761935,sha256:bd942a7bcbe33ba673b7fdec9b2ff2b747cb0d530af4522e5d003d78fb3f640b,2025-07-01,Lawrence Park South (103),-79.41020212544387,43.72248127246825,0,0.6070895982646236,-0.6070895982646236
Basis Ridge (tuned),2024-12-01,0.013305392433761935,sha256:bd942a7bcbe33ba673b7fdec9b2ff2b747cb0d530af4522e5d003d78fb3f640b,2025-07-01,Leaside-Bennington (56),-79.36756549485442,43.70630335329757,0,1.0715998925292056,-1.0715998925292056
Basis Ridge (tuned),2024-12-01,0.013305392433761935,sha256:bd942a7bcbe33ba673b7fdec9b2ff2b747cb0d530af4522e5d003d78fb3f640b,2025-07-01,Little Portugal (84),-79.42637552454019,43.64409148964972,7,2.42157335343439,4.57842664656561
Basis Ridge (tuned),2024-12-01,0.013305392433761935,sha256:bd942a7bcbe33ba673b7fdec9b2ff2b747cb0d530af4522e5d003d78fb3f640b,2025-07-01,Long Branch (19),-79.53237502113143,43.591006620404656,0,0.6919000565575043,-0.6919000565575043
Basis Ridge (tuned),2024-12-01,0.013305392433761935,sha256:bd942a7bcbe33ba673b7fdec9b2ff2b747cb0d530af4522e5d003d78fb3f640b,2025-07-01,Malvern (132),-79.22095167470565,43.80455499438271,2,0.3448868722688148,1.6551131277311852
Basis Ridge (tuned),2024-12-01,0.013305392433761935,sha256:bd942a7bcbe33ba673b7fdec9b2ff2b747cb0d530af4522e5d003d78fb3f640b,2025-07-01,Maple Leaf (29),-79.4843756407544,43.718225646439535,0,0.0021322137909271766,-0.0021322137909271766
Basis Ridge (tuned),2024-12-01,0.013305392433761935,sha256:bd942a7bcbe33ba673b7fdec9b2ff2b747cb0d530af4522e5d003d78fb3f640b,2025-07-01,Markland Wood (12),-79.57650734129277,43.633689780366026,1,0.2099787894207253,0.7900212105792748
Basis Ridge (tuned),2024-12-01,0.013305392433761935,sha256:bd942a7bcbe33ba673b7fdec9b2ff2b747cb0d530af4522e5d003d78fb3f640b,2025-07-01,Milliken (130),-79.28878321264463,43.82084812422136,1,0.08998412095257259,0.9100158790474274
Basis Ridge (tuned),2024-12-01,0.013305392433761935,sha256:bd942a7bcbe33ba673b7fdec9b2ff2b747cb0d530af4522e5d003d78fb3f640b,2025-07-01,Mimico (includes Humber Bay Shores) (17),-79.48568571369577,43.62094188018773,7,2.5047870204502334,4.495212979549766
Basis Ridge (tuned),2024-12-01,0.013305392433761935,sha256:bd942a7bcbe33ba673b7fdec9b2ff2b747cb0d530af4522e5d003d78fb3f640b,2025-07-01,Morningside (135),-79.20335964084892,43.78544794442794,0,0.043447512440743324,-0.043447512440743324
Basis Ridge (tuned),2024-12-01,0.013305392433761935,sha256:bd942a7bcbe33ba673b7fdec9b2ff2b747cb0d530af4522e5d003d78fb3f640b,2025-07-01,Moss Park (73),-79.36913295325593,43.65425609335975,3,6.501844746032493,-3.501844746032493
Basis Ridge (tuned),2024-12-01,0.013305392433761935,sha256:bd942a7bcbe33ba673b7fdec9b2ff2b747cb0d530af4522e5d003d78fb3f640b,2025-07-01,Mount Dennis (115),-79.48946593742998,43.68565859464735,1,0.1222133374060703,0.8777866625939297
Basis Ridge (tuned),2024-12-01,0.013305392433761935,sha256:bd942a7bcbe33ba673b7fdec9b2ff2b747cb0d530af4522e5d003d78fb3f640b,2025-07-01,Mount Olive-Silverstone-Jamestown (2),-79.58577617904946,43.74325917379369,0,0.36468742673305715,-0.36468742673305715
Basis Ridge (tuned),2024-12-01,0.013305392433761935,sha256:bd942a7bcbe33ba673b7fdec9b2ff2b747cb0d530af4522e5d003d78fb3f640b,2025-07-01,Mount Pleasant East (99),-79.38525136980005,43.70699758566823,0,0.9151977141345642,-0.9151977141345642
Basis Ridge (tuned),2024-12-01,0.013305392433761935,sha256:bd942a7bcbe33ba673b7fdec9b2ff2b747cb0d530af4522e5d003d78fb3f640b,2025-07-01,Mount Pleasant West (104),-79.39441924813381,43.705281018271585,1,2.7822819575249373,-1.7822819575249373
Basis Ridge (tuned),2024-12-01,0.013305392433761935,sha256:bd942a7bcbe33ba673b7fdec9b2ff2b747cb0d530af4522e5d003d78fb3f640b,2025-07-01,NSA,NA,NA,1,1.5208421939390349,-0.5208421939390349
Basis Ridge (tuned),2024-12-01,0.013305392433761935,sha256:bd942a7bcbe33ba673b7fdec9b2ff2b747cb0d530af4522e5d003d78fb3f640b,2025-07-01,New Toronto (18),-79.50819536860408,43.60067938873378,3,0.6696565097678443,2.330343490232156
Basis Ridge (tuned),2024-12-01,0.013305392433761935,sha256:bd942a7bcbe33ba673b7fdec9b2ff2b747cb0d530af4522e5d003d78fb3f640b,2025-07-01,Newtonbrook East (50),-79.4155662486542,43.782773804672864,0,0.37898656518673834,-0.37898656518673834
Basis Ridge (tuned),2024-12-01,0.013305392433761935,sha256:bd942a7bcbe33ba673b7fdec9b2ff2b747cb0d530af4522e5d003d78fb3f640b,2025-07-01,Newtonbrook West (36),-79.42082573006313,43.78444945871987,3,0.9998221070565112,2.000177892943489
Basis Ridge (tuned),2024-12-01,0.013305392433761935,sha256:bd942a7bcbe33ba673b7fdec9b2ff2b747cb0d530af4522e5d003d78fb3f640b,2025-07-01,Niagara (82),-79.40825413058062,43.639170480800686,11,7.278104917867194,3.7218950821328063
Basis Ridge (tuned),2024-12-01,0.013305392433761935,sha256:bd942a7bcbe33ba673b7fdec9b2ff2b747cb0d530af4522e5d003d78fb3f640b,2025-07-01,North Riverdale (68),-79.34942497640164,43.67320424441098,0,1.4013443468524112,-1.4013443468524112
Basis Ridge (tuned),2024-12-01,0.013305392433761935,sha256:bd942a7bcbe33ba673b7fdec9b2ff2b747cb0d530af4522e5d003d78fb3f640b,2025-07-01,North St.James Town (74),-79.37622315570079,43.66924040879271,3,2.611982882043708,0.3880171179562919
Basis Ridge (tuned),2024-12-01,0.013305392433761935,sha256:bd942a7bcbe33ba673b7fdec9b2ff2b747cb0d530af4522e5d003d78fb3f640b,2025-07-01,O'Connor-Parkview (54),-79.30295705711893,43.707394189060395,0,0.3492951479923859,-0.3492951479923859
Basis Ridge (tuned),2024-12-01,0.013305392433761935,sha256:bd942a7bcbe33ba673b7fdec9b2ff2b747cb0d530af4522e5d003d78fb3f640b,2025-07-01,Oakridge (121),-79.28580476562132,43.69338422103418,0,0.41915884396574404,-0.41915884396574404
Basis Ridge (tuned),2024-12-01,0.013305392433761935,sha256:bd942a7bcbe33ba673b7fdec9b2ff2b747cb0d530af4522e5d003d78fb3f640b,2025-07-01,Oakwood Village (107),-79.43992214652974,43.693163772618576,0,0.6200658342781877,-0.6200658342781877
Basis Ridge (tuned),2024-12-01,0.013305392433761935,sha256:bd942a7bcbe33ba673b7fdec9b2ff2b747cb0d530af4522e5d003d78fb3f640b,2025-07-01,Old East York (58),-79.33971322725657,43.69468655917457,0,0.2094166367939452,-0.2094166367939452
Basis Ridge (tuned),2024-12-01,0.013305392433761935,sha256:bd942a7bcbe33ba673b7fdec9b2ff2b747cb0d530af4522e5d003d78fb3f640b,2025-07-01,Palmerston-Little Italy (80),-79.41607073008583,43.65977590713319,5,2.767773069893589,2.232226930106411
Basis Ridge (tuned),2024-12-01,0.013305392433761935,sha256:bd942a7bcbe33ba673b7fdec9b2ff2b747cb0d530af4522e5d003d78fb3f640b,2025-07-01,Parkwoods-Donalda (45),-79.32857716506125,43.75401452181123,0,0.3209683780834421,-0.3209683780834421
Basis Ridge (tuned),2024-12-01,0.013305392433761935,sha256:bd942a7bcbe33ba673b7fdec9b2ff2b747cb0d530af4522e5d003d78fb3f640b,2025-07-01,Pelmo Park-Humberlea (23),-79.53452633259599,43.71053804014776,0,0.08065114942366872,-0.08065114942366872
Basis Ridge (tuned),2024-12-01,0.013305392433761935,sha256:bd942a7bcbe33ba673b7fdec9b2ff2b747cb0d530af4522e5d003d78fb3f640b,2025-07-01,Playter Estates-Danforth (67),-79.35537498775473,43.678037843577414,0,0.9453295155462014,-0.9453295155462014
Basis Ridge (tuned),2024-12-01,0.013305392433761935,sha256:bd942a7bcbe33ba673b7fdec9b2ff2b747cb0d530af4522e5d003d78fb3f640b,2025-07-01,Pleasant View (46),-79.33169496448295,43.78880674789264,0,0.1517358667745834,-0.1517358667745834
Basis Ridge (tuned),2024-12-01,0.013305392433761935,sha256:bd942a7bcbe33ba673b7fdec9b2ff2b747cb0d530af4522e5d003d78fb3f640b,2025-07-01,Princess-Rosethorn (10),-79.54278218831497,43.6664342839495,0,0.13545746729279717,-0.13545746729279717
Basis Ridge (tuned),2024-12-01,0.013305392433761935,sha256:bd942a7bcbe33ba673b7fdec9b2ff2b747cb0d530af4522e5d003d78fb3f640b,2025-07-01,Regent Park (72),-79.36178286088128,43.65943439853815,4,1.6886051587981616,2.3113948412018384
Basis Ridge (tuned),2024-12-01,0.013305392433761935,sha256:bd942a7bcbe33ba673b7fdec9b2ff2b747cb0d530af4522e5d003d78fb3f640b,2025-07-01,Rexdale-Kipling (4),-79.56943957685264,43.726549256380395,0,0.030480417289478482,-0.030480417289478482
Basis Ridge (tuned),2024-12-01,0.013305392433761935,sha256:bd942a7bcbe33ba673b7fdec9b2ff2b747cb0d530af4522e5d003d78fb3f640b,2025-07-01,Rockcliffe-Smythe (111),-79.49193279998173,43.67234248080122,3,0.3984899187365042,2.6015100812634957
Basis Ridge (tuned),2024-12-01,0.013305392433761935,sha256:bd942a7bcbe33ba673b7fdec9b2ff2b747cb0d530af4522e5d003d78fb3f640b,2025-07-01,Roncesvalles (86),-79.44277811907274,43.64370439603947,3,2.0266498533075032,0.9733501466924968
Basis Ridge (tuned),2024-12-01,0.013305392433761935,sha256:bd942a7bcbe33ba673b7fdec9b2ff2b747cb0d530af4522e5d003d78fb3f640b,2025-07-01,Rosedale-Moore Park (98),-79.38462305095243,43.67502671420579,3,3.3167598910413987,-0.3167598910413987
Basis Ridge (tuned),2024-12-01,0.013305392433761935,sha256:bd942a7bcbe33ba673b7fdec9b2ff2b747cb0d530af4522e5d003d78fb3f640b,2025-07-01,Rouge (131),-79.13309434834144,43.78938806538385,0,0.412530268751384,-0.412530268751384
Basis Ridge (tuned),2024-12-01,0.013305392433761935,sha256:bd942a7bcbe33ba673b7fdec9b2ff2b747cb0d530af4522e5d003d78fb3f640b,2025-07-01,Runnymede-Bloor West Village (89),-79.48480851655415,43.65975616827931,0,0.6239531081080876,-0.6239531081080876
Basis Ridge (tuned),2024-12-01,0.013305392433761935,sha256:bd942a7bcbe33ba673b7fdec9b2ff2b747cb0d530af4522e5d003d78fb3f640b,2025-07-01,Rustic (28),-79.50024894268427,43.70839284643953,0,0.021750848420562078,-0.021750848420562078
Basis Ridge (tuned),2024-12-01,0.013305392433761935,sha256:bd942a7bcbe33ba673b7fdec9b2ff2b747cb0d530af4522e5d003d78fb3f640b,2025-07-01,Scarborough Village (139),-79.22121647737255,43.74178808353859,1,0.21900803783907033,0.7809919621609297
Basis Ridge (tuned),2024-12-01,0.013305392433761935,sha256:bd942a7bcbe33ba673b7fdec9b2ff2b747cb0d530af4522e5d003d78fb3f640b,2025-07-01,South Parkdale (85),-79.43087572304012,43.63836538756867,4,2.2308879543747744,1.7691120456252256
Basis Ridge (tuned),2024-12-01,0.013305392433761935,sha256:bd942a7bcbe33ba673b7fdec9b2ff2b747cb0d530af4522e5d003d78fb3f640b,2025-07-01,South Riverdale (70),-79.34033408773206,43.66227352160024,3,5.3403090708236975,-2.3403090708236975
Basis Ridge (tuned),2024-12-01,0.013305392433761935,sha256:bd942a7bcbe33ba673b7fdec9b2ff2b747cb0d530af4522e5d003d78fb3f640b,2025-07-01,St.Andrew-Windfields (40),-79.39807496057622,43.75295000125709,0,0.3606163300391489,-0.3606163300391489
Basis Ridge (tuned),2024-12-01,0.013305392433761935,sha256:bd942a7bcbe33ba673b7fdec9b2ff2b747cb0d530af4522e5d003d78fb3f640b,2025-07-01,Steeles (116),-79.32254019689177,43.815065444286134,0,0.051417650950518944,-0.051417650950518944
Basis Ridge (tuned),2024-12-01,0.013305392433761935,sha256:bd942a7bcbe33ba673b7fdec9b2ff2b747cb0d530af4522e5d003d78fb3f640b,2025-07-01,Stonegate-Queensway (16),-79.50687874894817,43.63678476785418,4,0.5151432275438483,3.4848567724561517
Basis Ridge (tuned),2024-12-01,0.013305392433761935,sha256:bd942a7bcbe33ba673b7fdec9b2ff2b747cb0d530af4522e5d003d78fb3f640b,2025-07-01,Tam O'Shanter-Sullivan (118),-79.29346258821549,43.78211963627784,0,0.3494967857501925,-0.3494967857501925
Basis Ridge (tuned),2024-12-01,0.013305392433761935,sha256:bd942a7bcbe33ba673b7fdec9b2ff2b747cb0d530af4522e5d003d78fb3f640b,2025-07-01,Taylor-Massey (61),-79.29495186057909,43.692458919227406,0,0.6186046470321916,-0.6186046470321916
Basis Ridge (tuned),2024-12-01,0.013305392433761935,sha256:bd942a7bcbe33ba673b7fdec9b2ff2b747cb0d530af4522e5d003d78fb3f640b,2025-07-01,The Beaches (63),-79.30297553719052,43.66875560841342,3,1.7495797654858853,1.2504202345141147
Basis Ridge (tuned),2024-12-01,0.013305392433761935,sha256:bd942a7bcbe33ba673b7fdec9b2ff2b747cb0d530af4522e5d003d78fb3f640b,2025-07-01,Thistletown-Beaumond Heights (3),-79.5659329290065,43.73754827301803,0,0.03895765164353374,-0.03895765164353374
Basis Ridge (tuned),2024-12-01,0.013305392433761935,sha256:bd942a7bcbe33ba673b7fdec9b2ff2b747cb0d530af4522e5d003d78fb3f640b,2025-07-01,Thorncliffe Park (55),-79.35448121100222,43.71036836631147,1,0.5954202462652322,0.40457975373476784
Basis Ridge (tuned),2024-12-01,0.013305392433761935,sha256:bd942a7bcbe33ba673b7fdec9b2ff2b747cb0d530af4522e5d003d78fb3f640b,2025-07-01,Trinity-Bellwoods (81),-79.41373927922925,43.65087049509186,5,2.86782272280529,2.13217727719471
Basis Ridge (tuned),2024-12-01,0.013305392433761935,sha256:bd942a7bcbe33ba673b7fdec9b2ff2b747cb0d530af4522e5d003d78fb3f640b,2025-07-01,University (79),-79.39982104056267,43.66254295263539,7,5.103040070400825,1.8969599295991753
Basis Ridge (tuned),2024-12-01,0.013305392433761935,sha256:bd942a7bcbe33ba673b7fdec9b2ff2b747cb0d530af4522e5d003d78fb3f640b,2025-07-01,Victoria Village (43),-79.3128138518101,43.72684844443762,0,0.07555633264595468,-0.07555633264595468
Basis Ridge (tuned),2024-12-01,0.013305392433761935,sha256:bd942a7bcbe33ba673b7fdec9b2ff2b747cb0d530af4522e5d003d78fb3f640b,2025-07-01,Waterfront Communities-The Island (77),-79.38919773860151,43.64473008383375,32,19.691691195491504,12.308308804508496
Basis Ridge (tuned),2024-12-01,0.013305392433761935,sha256:bd942a7bcbe33ba673b7fdec9b2ff2b747cb0d530af4522e5d003d78fb3f640b,2025-07-01,West Hill (136),-79.18284860837016,43.76769079627477,4,0.7180535513005022,3.2819464486994976
Basis Ridge (tuned),2024-12-01,0.013305392433761935,sha256:bd942a7bcbe33ba673b7fdec9b2ff2b747cb0d530af4522e5d003d78fb3f640b,2025-07-01,West Humber-Clairville (1),-79.60420741329722,43.73006355433667,1,0.4925394144756759,0.5074605855243242
Basis Ridge (tuned),2024-12-01,0.013305392433761935,sha256:bd942a7bcbe33ba673b7fdec9b2ff2b747cb0d530af4522e5d003d78fb3f640b,2025-07-01,Westminster-Branson (35),-79.44807552904417,43.781743102812335,0,0.4731423215463767,-0.4731423215463767
Basis Ridge (tuned),2024-12-01,0.013305392433761935,sha256:bd942a7bcbe33ba673b7fdec9b2ff2b747cb0d530af4522e5d003d78fb3f640b,2025-07-01,Weston (113),-79.5165855480493,43.702833758307314,1,0.4243949750886639,0.575605024911336
Basis Ridge (tuned),2024-12-01,0.013305392433761935,sha256:bd942a7bcbe33ba673b7fdec9b2ff2b747cb0d530af4522e5d003d78fb3f640b,2025-07-01,Weston-Pelham Park (91),-79.45875842314518,43.67071482937652,2,0.3089788757962891,1.691021124203711
Basis Ridge (tuned),2024-12-01,0.013305392433761935,sha256:bd942a7bcbe33ba673b7fdec9b2ff2b747cb0d530af4522e5d003d78fb3f640b,2025-07-01,Wexford/Maryvale (119),-79.30050366891615,43.74264083383781,1,0.5910786578284843,0.40892134217151566
Basis Ridge (tuned),2024-12-01,0.013305392433761935,sha256:bd942a7bcbe33ba673b7fdec9b2ff2b747cb0d530af4522e5d003d78fb3f640b,2025-07-01,Willowdale East (51),-79.410074781475,43.76524478810602,3,2.0593615639975464,0.9406384360024536
Basis Ridge (tuned),2024-12-01,0.013305392433761935,sha256:bd942a7bcbe33ba673b7fdec9b2ff2b747cb0d530af4522e5d003d78fb3f640b,2025-07-01,Willowdale West (37),-79.41563035776022,43.77061463226557,4,0.8367595283685013,3.163240471631499
Basis Ridge (tuned),2024-12-01,0.013305392433761935,sha256:bd942a7bcbe33ba673b7fdec9b2ff2b747cb0d530af4522e5d003d78fb3f640b,2025-07-01,Willowridge-Martingrove-Richview (7),-79.55960317676033,43.68486812894035,1,0.15718608135318274,0.8428139186468173
Basis Ridge (tuned),2024-12-01,0.013305392433761935,sha256:bd942a7bcbe33ba673b7fdec9b2ff2b747cb0d530af4522e5d003d78fb3f640b,2025-07-01,Woburn (137),-79.22656387770975,43.76289989874722,0,0.5397536576518694,-0.5397536576518694
Basis Ridge (tuned),2024-12-01,0.013305392433761935,sha256:bd942a7bcbe33ba673b7fdec9b2ff2b747cb0d530af4522e5d003d78fb3f640b,2025-07-01,Woodbine Corridor (64),-79.31407054230695,43.67581440173363,0,0.8969308211132184,-0.8969308211132184
Basis Ridge (tuned),2024-12-01,0.013305392433761935,sha256:bd942a7bcbe33ba673b7fdec9b2ff2b747cb0d530af4522e5d003d78fb3f640b,2025-07-01,Woodbine-Lumsden (60),-79.31039264658962,43.69145821847367,0,0.22088281218030822,-0.22088281218030822
Basis Ridge (tuned),2024-12-01,0.013305392433761935,sha256:bd942a7bcbe33ba673b7fdec9b2ff2b747cb0d530af4522e5d003d78fb3f640b,2025-07-01,Wychwood (94),-79.42710542937913,43.6784532168336,2,0.9544860604256957,1.0455139395743043
Basis Ridge (tuned),2024-12-01,0.013305392433761935,sha256:bd942a7bcbe33ba673b7fdec9b2ff2b747cb0d530af4522e5d003d78fb3f640b,2025-07-01,Yonge-Eglinton (100),-79.40102373824469,43.70674080495774,0,0.9794993791656585,-0.9794993791656585
Basis Ridge (tuned),2024-12-01,0.013305392433761935,sha256:bd942a7bcbe33ba673b7fdec9b2ff2b747cb0d530af4522e5d003d78fb3f640b,2025-07-01,Yonge-St.Clair (97),-79.39834065134646,43.689263791751046,1,0.8236221088197807,0.1763778911802193
Basis Ridge (tuned),2024-12-01,0.013305392433761935,sha256:bd942a7bcbe33ba673b7fdec9b2ff2b747cb0d530af4522e5d003d78fb3f640b,2025-07-01,York University Heights (27),-79.49891755560928,43.76657476817609,5,1.3852048826372296,3.61479511736277
Basis Ridge (tuned),2024-12-01,0.013305392433761935,sha256:bd942a7bcbe33ba673b7fdec9b2ff2b747cb0d530af4522e5d003d78fb3f640b,2025-07-01,Yorkdale-Glen Park (31),-79.45130621630454,43.714348256200424,7,0.8766698592126253,6.123330140787375
Basis Ridge (tuned),2024-12-01,0.013305392433761935,sha256:bd942a7bcbe33ba673b7fdec9b2ff2b747cb0d530af4522e5d003d78fb3f640b,2025-08-01,Agincourt North (129),-79.26928393506104,43.810980375100264,0,0.021304733535354878,-0.021304733535354878
Basis Ridge (tuned),2024-12-01,0.013305392433761935,sha256:bd942a7bcbe33ba673b7fdec9b2ff2b747cb0d530af4522e5d003d78fb3f640b,2025-08-01,Agincourt South-Malvern West (128),-79.28002861084076,43.7889253690791,0,0.18942935317723839,-0.18942935317723839
Basis Ridge (tuned),2024-12-01,0.013305392433761935,sha256:bd942a7bcbe33ba673b7fdec9b2ff2b747cb0d530af4522e5d003d78fb3f640b,2025-08-01,Alderwood (20),-79.54538918515296,43.6065751977772,0,0.08353623447436954,-0.08353623447436954
Basis Ridge (tuned),2024-12-01,0.013305392433761935,sha256:bd942a7bcbe33ba673b7fdec9b2ff2b747cb0d530af4522e5d003d78fb3f640b,2025-08-01,Annex (95),-79.40380913861458,43.670104609767606,12,6.704356924316939,5.295643075683061
Basis Ridge (tuned),2024-12-01,0.013305392433761935,sha256:bd942a7bcbe33ba673b7fdec9b2ff2b747cb0d530af4522e5d003d78fb3f640b,2025-08-01,Banbury-Don Mills (42),-79.3409210158811,43.73511850435992,0,0.26165990273245465,-0.26165990273245465
Basis Ridge (tuned),2024-12-01,0.013305392433761935,sha256:bd942a7bcbe33ba673b7fdec9b2ff2b747cb0d530af4522e5d003d78fb3f640b,2025-08-01,Bathurst Manor (34),-79.45175843487672,43.75609728872373,1,0.19300305238642085,0.8069969476135792
Basis Ridge (tuned),2024-12-01,0.013305392433761935,sha256:bd942a7bcbe33ba673b7fdec9b2ff2b747cb0d530af4522e5d003d78fb3f640b,2025-08-01,Bay Street Corridor (76),-79.38436854475557,43.65730879641258,32,15.35115979009696,16.648840209903042
Basis Ridge (tuned),2024-12-01,0.013305392433761935,sha256:bd942a7bcbe33ba673b7fdec9b2ff2b747cb0d530af4522e5d003d78fb3f640b,2025-08-01,Bayview Village (52),-79.38403601743099,43.769051789694494,0,0.6312520022654816,-0.6312520022654816
Basis Ridge (tuned),2024-12-01,0.013305392433761935,sha256:bd942a7bcbe33ba673b7fdec9b2ff2b747cb0d530af4522e5d003d78fb3f640b,2025-08-01,Bayview Woods-Steeles (49),-79.3743681512798,43.797822785562154,0,0,0
Basis Ridge (tuned),2024-12-01,0.013305392433761935,sha256:bd942a7bcbe33ba673b7fdec9b2ff2b747cb0d530af4522e5d003d78fb3f640b,2025-08-01,Bedford Park-Nortown (39),-79.42125788351791,43.72757981721193,0,0.38246510689567903,-0.38246510689567903
Basis Ridge (tuned),2024-12-01,0.013305392433761935,sha256:bd942a7bcbe33ba673b7fdec9b2ff2b747cb0d530af4522e5d003d78fb3f640b,2025-08-01,Beechborough-Greenbrook (112),-79.4744663865561,43.691508083029944,0,0,0
Basis Ridge (tuned),2024-12-01,0.013305392433761935,sha256:bd942a7bcbe33ba673b7fdec9b2ff2b747cb0d530af4522e5d003d78fb3f640b,2025-08-01,Bendale (127),-79.26046315357324,43.76293076745831,4,0.33395103430098005,3.66604896569902
Basis Ridge (tuned),2024-12-01,0.013305392433761935,sha256:bd942a7bcbe33ba673b7fdec9b2ff2b747cb0d530af4522e5d003d78fb3f640b,2025-08-01,Birchcliffe-Cliffside (122),-79.27062357025366,43.69131003372983,0,0.4697510175562786,-0.4697510175562786
Basis Ridge (tuned),2024-12-01,0.013305392433761935,sha256:bd942a7bcbe33ba673b7fdec9b2ff2b747cb0d530af4522e5d003d78fb3f640b,2025-08-01,Black Creek (24),-79.51869671361172,43.76523138519309,0,0.1791617664651523,-0.1791617664651523
Basis Ridge (tuned),2024-12-01,0.013305392433761935,sha256:bd942a7bcbe33ba673b7fdec9b2ff2b747cb0d530af4522e5d003d78fb3f640b,2025-08-01,Blake-Jones (69),-79.3394451105104,43.67664416992363,1,0.5916595621138027,0.40834043788619734
Basis Ridge (tuned),2024-12-01,0.013305392433761935,sha256:bd942a7bcbe33ba673b7fdec9b2ff2b747cb0d530af4522e5d003d78fb3f640b,2025-08-01,Briar Hill-Belgravia (108),-79.445578280552,43.699313061287725,0,0.3224022029101178,-0.3224022029101178
Basis Ridge (tuned),2024-12-01,0.013305392433761935,sha256:bd942a7bcbe33ba673b7fdec9b2ff2b747cb0d530af4522e5d003d78fb3f640b,2025-08-01,Bridle Path-Sunnybrook-York Mills (41),-79.38366396163413,43.72516179918022,0,0.15169791665610044,-0.15169791665610044
Basis Ridge (tuned),2024-12-01,0.013305392433761935,sha256:bd942a7bcbe33ba673b7fdec9b2ff2b747cb0d530af4522e5d003d78fb3f640b,2025-08-01,Broadview North (57),-79.35364911130229,43.683932870884654,1,0.49266232681130223,0.5073376731886978
Basis Ridge (tuned),2024-12-01,0.013305392433761935,sha256:bd942a7bcbe33ba673b7fdec9b2ff2b747cb0d530af4522e5d003d78fb3f640b,2025-08-01,Brookhaven-Amesbury (30),-79.49015206607174,43.69942696476651,0,0.11954444494573511,-0.11954444494573511
Basis Ridge (tuned),2024-12-01,0.013305392433761935,sha256:bd942a7bcbe33ba673b7fdec9b2ff2b747cb0d530af4522e5d003d78fb3f640b,2025-08-01,Cabbagetown-South St.James Town (71),-79.36975340775743,43.66521290431659,4,2.717665357785466,1.282334642214534
Basis Ridge (tuned),2024-12-01,0.013305392433761935,sha256:bd942a7bcbe33ba673b7fdec9b2ff2b747cb0d530af4522e5d003d78fb3f640b,2025-08-01,Caledonia-Fairbank (109),-79.4517849962554,43.690036179158305,0,0.05770780039650804,-0.05770780039650804
Basis Ridge (tuned),2024-12-01,0.013305392433761935,sha256:bd942a7bcbe33ba673b7fdec9b2ff2b747cb0d530af4522e5d003d78fb3f640b,2025-08-01,Casa Loma (96),-79.40864864037756,43.67955392863041,1,0.6507201299218084,0.3492798700781916
Basis Ridge (tuned),2024-12-01,0.013305392433761935,sha256:bd942a7bcbe33ba673b7fdec9b2ff2b747cb0d530af4522e5d003d78fb3f640b,2025-08-01,Centennial Scarborough (133),-79.15053423026679,43.780757885389185,0,0.010683963793824672,-0.010683963793824672
Basis Ridge (tuned),2024-12-01,0.013305392433761935,sha256:bd942a7bcbe33ba673b7fdec9b2ff2b747cb0d530af4522e5d003d78fb3f640b,2025-08-01,Church-Yonge Corridor (75),-79.37956284727365,43.66018909929288,23,14.545018471330005,8.454981528669995
Basis Ridge (tuned),2024-12-01,0.013305392433761935,sha256:bd942a7bcbe33ba673b7fdec9b2ff2b747cb0d530af4522e5d003d78fb3f640b,2025-08-01,Clairlea-Birchmount (120),-79.28672506823307,43.709414591668256,0,0.42940351254971476,-0.42940351254971476
Basis Ridge (tuned),2024-12-01,0.013305392433761935,sha256:bd942a7bcbe33ba673b7fdec9b2ff2b747cb0d530af4522e5d003d78fb3f640b,2025-08-01,Clanton Park (33),-79.44643447690169,43.74149776462126,6,0.29542196064460197,5.704578039355398
Basis Ridge (tuned),2024-12-01,0.013305392433761935,sha256:bd942a7bcbe33ba673b7fdec9b2ff2b747cb0d530af4522e5d003d78fb3f640b,2025-08-01,Cliffcrest (123),-79.23329029919245,43.72191819765982,0,0.09493084567367421,-0.09493084567367421
Basis Ridge (tuned),2024-12-01,0.013305392433761935,sha256:bd942a7bcbe33ba673b7fdec9b2ff2b747cb0d530af4522e5d003d78fb3f640b,2025-08-01,Corso Italia-Davenport (92),-79.4427553703874,43.67658111935704,0,0.486352738783733,-0.486352738783733
Basis Ridge (tuned),2024-12-01,0.013305392433761935,sha256:bd942a7bcbe33ba673b7fdec9b2ff2b747cb0d530af4522e5d003d78fb3f640b,2025-08-01,Danforth (66),-79.33065782618279,43.682847803276616,0,1.038074444888634,-1.038074444888634
Basis Ridge (tuned),2024-12-01,0.013305392433761935,sha256:bd942a7bcbe33ba673b7fdec9b2ff2b747cb0d530af4522e5d003d78fb3f640b,2025-08-01,Danforth East York (59),-79.3313092800722,43.69082681262244,0,0.4211217828089309,-0.4211217828089309
Basis Ridge (tuned),2024-12-01,0.013305392433761935,sha256:bd942a7bcbe33ba673b7fdec9b2ff2b747cb0d530af4522e5d003d78fb3f640b,2025-08-01,Don Valley Village (47),-79.35240298959988,43.77988611135725,0,0.21755897386691003,-0.21755897386691003
Basis Ridge (tuned),2024-12-01,0.013305392433761935,sha256:bd942a7bcbe33ba673b7fdec9b2ff2b747cb0d530af4522e5d003d78fb3f640b,2025-08-01,Dorset Park (126),-79.28077525994308,43.75528945083431,1,0.2555739490719908,0.7444260509280092
Basis Ridge (tuned),2024-12-01,0.013305392433761935,sha256:bd942a7bcbe33ba673b7fdec9b2ff2b747cb0d530af4522e5d003d78fb3f640b,2025-08-01,Dovercourt-Wallace Emerson-Junction (93),-79.43778332382438,43.66463002065643,7,4.49474996791779,2.50525003208221
Basis Ridge (tuned),2024-12-01,0.013305392433761935,sha256:bd942a7bcbe33ba673b7fdec9b2ff2b747cb0d530af4522e5d003d78fb3f640b,2025-08-01,Downsview-Roding-CFB (26),-79.4835940990325,43.727986861303435,5,0.6409171434961871,4.359082856503813
Basis Ridge (tuned),2024-12-01,0.013305392433761935,sha256:bd942a7bcbe33ba673b7fdec9b2ff2b747cb0d530af4522e5d003d78fb3f640b,2025-08-01,Dufferin Grove (83),-79.4370618209781,43.65521640563446,3,1.9410484693723564,1.0589515306276436
Basis Ridge (tuned),2024-12-01,0.013305392433761935,sha256:bd942a7bcbe33ba673b7fdec9b2ff2b747cb0d530af4522e5d003d78fb3f640b,2025-08-01,East End-Danforth (62),-79.30055625233094,43.68572312555001,4,1.9595374232952056,2.0404625767047944
Basis Ridge (tuned),2024-12-01,0.013305392433761935,sha256:bd942a7bcbe33ba673b7fdec9b2ff2b747cb0d530af4522e5d003d78fb3f640b,2025-08-01,Edenbridge-Humber Valley (9),-79.52023309003076,43.66557816852869,0,0.11826687058769952,-0.11826687058769952
Basis Ridge (tuned),2024-12-01,0.013305392433761935,sha256:bd942a7bcbe33ba673b7fdec9b2ff2b747cb0d530af4522e5d003d78fb3f640b,2025-08-01,Eglinton East (138),-79.24473615792672,43.73991827916189,2,0.176593885539717,1.823406114460283
Basis Ridge (tuned),2024-12-01,0.013305392433761935,sha256:bd942a7bcbe33ba673b7fdec9b2ff2b747cb0d530af4522e5d003d78fb3f640b,2025-08-01,Elms-Old Rexdale (5),-79.55208772185198,43.71927285915033,0,0.011453428796071535,-0.011453428796071535
Basis Ridge (tuned),2024-12-01,0.013305392433761935,sha256:bd942a7bcbe33ba673b7fdec9b2ff2b747cb0d530af4522e5d003d78fb3f640b,2025-08-01,Englemount-Lawrence (32),-79.43712596977969,43.7204676607881,0,0.5530738797742311,-0.5530738797742311
Basis Ridge (tuned),2024-12-01,0.013305392433761935,sha256:bd942a7bcbe33ba673b7fdec9b2ff2b747cb0d530af4522e5d003d78fb3f640b,2025-08-01,Eringate-Centennial-West Deane (11),-79.57787073233334,43.65860025717794,0,0.0282463248310831,-0.0282463248310831
Basis Ridge (tuned),2024-12-01,0.013305392433761935,sha256:bd942a7bcbe33ba673b7fdec9b2ff2b747cb0d530af4522e5d003d78fb3f640b,2025-08-01,Etobicoke West Mall (13),-79.5678030787646,43.64190931147644,0,0.058886594956072416,-0.058886594956072416
Basis Ridge (tuned),2024-12-01,0.013305392433761935,sha256:bd942a7bcbe33ba673b7fdec9b2ff2b747cb0d530af4522e5d003d78fb3f640b,2025-08-01,Flemingdon Park (44),-79.33198682919883,43.71530756444098,4,0.173204473503952,3.826795526496048
Basis Ridge (tuned),2024-12-01,0.013305392433761935,sha256:bd942a7bcbe33ba673b7fdec9b2ff2b747cb0d530af4522e5d003d78fb3f640b,2025-08-01,Forest Hill North (102),-79.43346069412912,43.70194436532484,0,0.43874725710062984,-0.43874725710062984
Basis Ridge (tuned),2024-12-01,0.013305392433761935,sha256:bd942a7bcbe33ba673b7fdec9b2ff2b747cb0d530af4522e5d003d78fb3f640b,2025-08-01,Forest Hill South (101),-79.41299883590433,43.6890600119443,0,0.4977171477411432,-0.4977171477411432
Basis Ridge (tuned),2024-12-01,0.013305392433761935,sha256:bd942a7bcbe33ba673b7fdec9b2ff2b747cb0d530af4522e5d003d78fb3f640b,2025-08-01,Glenfield-Jane Heights (25),-79.50908241975385,43.74806287596809,0,0.372999880905381,-0.372999880905381
Basis Ridge (tuned),2024-12-01,0.013305392433761935,sha256:bd942a7bcbe33ba673b7fdec9b2ff2b747cb0d530af4522e5d003d78fb3f640b,2025-08-01,Greenwood-Coxwell (65),-79.32392461588157,43.67182578504262,9,1.4041842539904434,7.595815746009556
Basis Ridge (tuned),2024-12-01,0.013305392433761935,sha256:bd942a7bcbe33ba673b7fdec9b2ff2b747cb0d530af4522e5d003d78fb3f640b,2025-08-01,Guildwood (140),-79.1987335919193,43.747914590059,1,0.0209231261465937,0.9790768738534062
Basis Ridge (tuned),2024-12-01,0.013305392433761935,sha256:bd942a7bcbe33ba673b7fdec9b2ff2b747cb0d530af4522e5d003d78fb3f640b,2025-08-01,Henry Farm (53),-79.34642185767248,43.76957681680956,0,0.14819236362322596,-0.14819236362322596
Basis Ridge (tuned),2024-12-01,0.013305392433761935,sha256:bd942a7bcbe33ba673b7fdec9b2ff2b747cb0d530af4522e5d003d78fb3f640b,2025-08-01,High Park North (88),-79.4652298180643,43.65722103912335,6,2.3252140425360293,3.6747859574639707
Basis Ridge (tuned),2024-12-01,0.013305392433761935,sha256:bd942a7bcbe33ba673b7fdec9b2ff2b747cb0d530af4522e5d003d78fb3f640b,2025-08-01,High Park-Swansea (87),-79.4648159122912,43.64453199862067,2,1.235151283693756,0.7648487163062441
Basis Ridge (tuned),2024-12-01,0.013305392433761935,sha256:bd942a7bcbe33ba673b7fdec9b2ff2b747cb0d530af4522e5d003d78fb3f640b,2025-08-01,Highland Creek (134),-79.18452149622338,43.786273991320705,0,0.11578968111627408,-0.11578968111627408
Basis Ridge (tuned),2024-12-01,0.013305392433761935,sha256:bd942a7bcbe33ba673b7fdec9b2ff2b747cb0d530af4522e5d003d78fb3f640b,2025-08-01,Hillcrest Village (48),-79.35806283641195,43.79960270136573,2,0.09144491232077641,1.9085550876792237
Basis Ridge (tuned),2024-12-01,0.013305392433761935,sha256:bd942a7bcbe33ba673b7fdec9b2ff2b747cb0d530af4522e5d003d78fb3f640b,2025-08-01,Humber Heights-Westmount (8),-79.51864457298561,43.69564007439048,0,0,0
Basis Ridge (tuned),2024-12-01,0.013305392433761935,sha256:bd942a7bcbe33ba673b7fdec9b2ff2b747cb0d530af4522e5d003d78fb3f640b,2025-08-01,Humber Summit (21),-79.56057763521508,43.75362439798188,0,0.07772962193077021,-0.07772962193077021
Basis Ridge (tuned),2024-12-01,0.013305392433761935,sha256:bd942a7bcbe33ba673b7fdec9b2ff2b747cb0d530af4522e5d003d78fb3f640b,2025-08-01,Humbermede (22),-79.54521679307662,43.74787608113298,1,0.016667583648367786,0.9833324163516323
Basis Ridge (tuned),2024-12-01,0.013305392433761935,sha256:bd942a7bcbe33ba673b7fdec9b2ff2b747cb0d530af4522e5d003d78fb3f640b,2025-08-01,Humewood-Cedarvale (106),-79.42603840921164,43.68908389632168,1,0.9007219564152437,0.09927804358475634
Basis Ridge (tuned),2024-12-01,0.013305392433761935,sha256:bd942a7bcbe33ba673b7fdec9b2ff2b747cb0d530af4522e5d003d78fb3f640b,2025-08-01,Ionview (125),-79.2682783103958,43.73299077700163,0,0.011120946361228692,-0.011120946361228692
Basis Ridge (tuned),2024-12-01,0.013305392433761935,sha256:bd942a7bcbe33ba673b7fdec9b2ff2b747cb0d530af4522e5d003d78fb3f640b,2025-08-01,Islington-City Centre West (14),-79.53678079261083,43.641361915813675,3,1.119152262742955,1.880847737257045
Basis Ridge (tuned),2024-12-01,0.013305392433761935,sha256:bd942a7bcbe33ba673b7fdec9b2ff2b747cb0d530af4522e5d003d78fb3f640b,2025-08-01,Junction Area (90),-79.46892477498491,43.6655394100211,2,1.0029137218556585,0.9970862781443415
Basis Ridge (tuned),2024-12-01,0.013305392433761935,sha256:bd942a7bcbe33ba673b7fdec9b2ff2b747cb0d530af4522e5d003d78fb3f640b,2025-08-01,Keelesdale-Eglinton West (110),-79.47055790633043,43.68391780141048,0,0.061200910288254085,-0.061200910288254085
Basis Ridge (tuned),2024-12-01,0.013305392433761935,sha256:bd942a7bcbe33ba673b7fdec9b2ff2b747cb0d530af4522e5d003d78fb3f640b,2025-08-01,Kennedy Park (124),-79.25874986465229,43.728410786674374,2,0.20558382291236166,1.7944161770876383
Basis Ridge (tuned),2024-12-01,0.013305392433761935,sha256:bd942a7bcbe33ba673b7fdec9b2ff2b747cb0d530af4522e5d003d78fb3f640b,2025-08-01,Kensington-Chinatown (78),-79.3967980354919,43.65388049459246,9,6.550314464376145,2.449685535623855
Basis Ridge (tuned),2024-12-01,0.013305392433761935,sha256:bd942a7bcbe33ba673b7fdec9b2ff2b747cb0d530af4522e5d003d78fb3f640b,2025-08-01,Kingsview Village-The Westway (6),-79.54911503533694,43.69584358136977,0,0.06355358230644326,-0.06355358230644326
Basis Ridge (tuned),2024-12-01,0.013305392433761935,sha256:bd942a7bcbe33ba673b7fdec9b2ff2b747cb0d530af4522e5d003d78fb3f640b,2025-08-01,Kingsway South (15),-79.51086459422443,43.65032283055947,0,0.3690533986663589,-0.3690533986663589
Basis Ridge (tuned),2024-12-01,0.013305392433761935,sha256:bd942a7bcbe33ba673b7fdec9b2ff2b747cb0d530af4522e5d003d78fb3f640b,2025-08-01,L'Amoreaux (117),-79.3201008921114,43.79636378659849,1,0.27839600921791097,0.721603990782089
Basis Ridge (tuned),2024-12-01,0.013305392433761935,sha256:bd942a7bcbe33ba673b7fdec9b2ff2b747cb0d530af4522e5d003d78fb3f640b,2025-08-01,Lambton Baby Point (114),-79.49452130561747,43.65593529844182,0,0.16002450690906414,-0.16002450690906414
Basis Ridge (tuned),2024-12-01,0.013305392433761935,sha256:bd942a7bcbe33ba673b7fdec9b2ff2b747cb0d530af4522e5d003d78fb3f640b,2025-08-01,Lansing-Westgate (38),-79.41222964417364,43.761840287387486,0,0.278374877604824,-0.278374877604824
Basis Ridge (tuned),2024-12-01,0.013305392433761935,sha256:bd942a7bcbe33ba673b7fdec9b2ff2b747cb0d530af4522e5d003d78fb3f640b,2025-08-01,Lawrence Park North (105),-79.40643053379212,43.72768097403552,3,0.534622257675107,2.4653777423248933
Basis Ridge (tuned),2024-12-01,0.013305392433761935,sha256:bd942a7bcbe33ba673b7fdec9b2ff2b747cb0d530af4522e5d003d78fb3f640b,2025-08-01,Lawrence Park South (103),-79.41020212544387,43.72248127246825,0,0.4950342016515284,-0.4950342016515284
Basis Ridge (tuned),2024-12-01,0.013305392433761935,sha256:bd942a7bcbe33ba673b7fdec9b2ff2b747cb0d530af4522e5d003d78fb3f640b,2025-08-01,Leaside-Bennington (56),-79.36756549485442,43.70630335329757,0,0.9271562051133518,-0.9271562051133518
Basis Ridge (tuned),2024-12-01,0.013305392433761935,sha256:bd942a7bcbe33ba673b7fdec9b2ff2b747cb0d530af4522e5d003d78fb3f640b,2025-08-01,Little Portugal (84),-79.42637552454019,43.64409148964972,6,2.1830018639705173,3.8169981360294827
Basis Ridge (tuned),2024-12-01,0.013305392433761935,sha256:bd942a7bcbe33ba673b7fdec9b2ff2b747cb0d530af4522e5d003d78fb3f640b,2025-08-01,Long Branch (19),-79.53237502113143,43.591006620404656,4,0.5739311940423153,3.4260688059576845
Basis Ridge (tuned),2024-12-01,0.013305392433761935,sha256:bd942a7bcbe33ba673b7fdec9b2ff2b747cb0d530af4522e5d003d78fb3f640b,2025-08-01,Malvern (132),-79.22095167470565,43.80455499438271,0,0.25111373601396086,-0.25111373601396086
Basis Ridge (tuned),2024-12-01,0.013305392433761935,sha256:bd942a7bcbe33ba673b7fdec9b2ff2b747cb0d530af4522e5d003d78fb3f640b,2025-08-01,Maple Leaf (29),-79.4843756407544,43.718225646439535,0,0,0
Basis Ridge (tuned),2024-12-01,0.013305392433761935,sha256:bd942a7bcbe33ba673b7fdec9b2ff2b747cb0d530af4522e5d003d78fb3f640b,2025-08-01,Markland Wood (12),-79.57650734129277,43.633689780366026,0,0.1256122094314204,-0.1256122094314204
Basis Ridge (tuned),2024-12-01,0.013305392433761935,sha256:bd942a7bcbe33ba673b7fdec9b2ff2b747cb0d530af4522e5d003d78fb3f640b,2025-08-01,Milliken (130),-79.28878321264463,43.82084812422136,0,0.013984249441236345,-0.013984249441236345
Basis Ridge (tuned),2024-12-01,0.013305392433761935,sha256:bd942a7bcbe33ba673b7fdec9b2ff2b747cb0d530af4522e5d003d78fb3f640b,2025-08-01,Mimico (includes Humber Bay Shores) (17),-79.48568571369577,43.62094188018773,7,2.260413402423547,4.739586597576453
Basis Ridge (tuned),2024-12-01,0.013305392433761935,sha256:bd942a7bcbe33ba673b7fdec9b2ff2b747cb0d530af4522e5d003d78fb3f640b,2025-08-01,Morningside (135),-79.20335964084892,43.78544794442794,0,0,0
Basis Ridge (tuned),2024-12-01,0.013305392433761935,sha256:bd942a7bcbe33ba673b7fdec9b2ff2b747cb0d530af4522e5d003d78fb3f640b,2025-08-01,Moss Park (73),-79.36913295325593,43.65425609335975,10,5.978773605970198,4.021226394029802
Basis Ridge (tuned),2024-12-01,0.013305392433761935,sha256:bd942a7bcbe33ba673b7fdec9b2ff2b747cb0d530af4522e5d003d78fb3f640b,2025-08-01,Mount Dennis (115),-79.48946593742998,43.68565859464735,0,0.04396626223158684,-0.04396626223158684
Basis Ridge (tuned),2024-12-01,0.013305392433761935,sha256:bd942a7bcbe33ba673b7fdec9b2ff2b747cb0d530af4522e5d003d78fb3f640b,2025-08-01,Mount Olive-Silverstone-Jamestown (2),-79.58577617904946,43.74325917379369,2,0.2695336835810857,1.7304663164189142
Basis Ridge (tuned),2024-12-01,0.013305392433761935,sha256:bd942a7bcbe33ba673b7fdec9b2ff2b747cb0d530af4522e5d003d78fb3f640b,2025-08-01,Mount Pleasant East (99),-79.38525136980005,43.70699758566823,1,0.78165927316551,0.21834072683449002
Basis Ridge (tuned),2024-12-01,0.013305392433761935,sha256:bd942a7bcbe33ba673b7fdec9b2ff2b747cb0d530af4522e5d003d78fb3f640b,2025-08-01,Mount Pleasant West (104),-79.39441924813381,43.705281018271585,5,2.518559819499361,2.481440180500639
Basis Ridge (tuned),2024-12-01,0.013305392433761935,sha256:bd942a7bcbe33ba673b7fdec9b2ff2b747cb0d530af4522e5d003d78fb3f640b,2025-08-01,NSA,NA,NA,0,1.3450747867292028,-1.3450747867292028
Basis Ridge (tuned),2024-12-01,0.013305392433761935,sha256:bd942a7bcbe33ba673b7fdec9b2ff2b747cb0d530af4522e5d003d78fb3f640b,2025-08-01,New Toronto (18),-79.50819536860408,43.60067938873378,0,0.5532385934228559,-0.5532385934228559
Basis Ridge (tuned),2024-12-01,0.013305392433761935,sha256:bd942a7bcbe33ba673b7fdec9b2ff2b747cb0d530af4522e5d003d78fb3f640b,2025-08-01,Newtonbrook East (50),-79.4155662486542,43.782773804672864,1,0.2828358050468011,0.7171641949531988
Basis Ridge (tuned),2024-12-01,0.013305392433761935,sha256:bd942a7bcbe33ba673b7fdec9b2ff2b747cb0d530af4522e5d003d78fb3f640b,2025-08-01,Newtonbrook West (36),-79.42082573006313,43.78444945871987,2,0.8603831737177404,1.1396168262822597
Basis Ridge (tuned),2024-12-01,0.013305392433761935,sha256:bd942a7bcbe33ba673b7fdec9b2ff2b747cb0d530af4522e5d003d78fb3f640b,2025-08-01,Niagara (82),-79.40825413058062,43.639170480800686,9,6.7009085183770365,2.2990914816229635
Basis Ridge (tuned),2024-12-01,0.013305392433761935,sha256:bd942a7bcbe33ba673b7fdec9b2ff2b747cb0d530af4522e5d003d78fb3f640b,2025-08-01,North Riverdale (68),-79.34942497640164,43.67320424441098,1,1.2339090069175844,-0.23390900691758443
Basis Ridge (tuned),2024-12-01,0.013305392433761935,sha256:bd942a7bcbe33ba673b7fdec9b2ff2b747cb0d530af4522e5d003d78fb3f640b,2025-08-01,North St.James Town (74),-79.37622315570079,43.66924040879271,4,2.36013496090467,1.63986503909533
Basis Ridge (tuned),2024-12-01,0.013305392433761935,sha256:bd942a7bcbe33ba673b7fdec9b2ff2b747cb0d530af4522e5d003d78fb3f640b,2025-08-01,O'Connor-Parkview (54),-79.30295705711893,43.707394189060395,1,0.25521464176567854,0.7447853582343215
Basis Ridge (tuned),2024-12-01,0.013305392433761935,sha256:bd942a7bcbe33ba673b7fdec9b2ff2b747cb0d530af4522e5d003d78fb3f640b,2025-08-01,Oakridge (121),-79.28580476562132,43.69338422103418,0,0.320207044831905,-0.320207044831905
Basis Ridge (tuned),2024-12-01,0.013305392433761935,sha256:bd942a7bcbe33ba673b7fdec9b2ff2b747cb0d530af4522e5d003d78fb3f640b,2025-08-01,Oakwood Village (107),-79.43992214652974,43.693163772618576,2,0.507105660934153,1.4928943390658471
Basis Ridge (tuned),2024-12-01,0.013305392433761935,sha256:bd942a7bcbe33ba673b7fdec9b2ff2b747cb0d530af4522e5d003d78fb3f640b,2025-08-01,Old East York (58),-79.33971322725657,43.69468655917457,0,0.12508925327235382,-0.12508925327235382
Basis Ridge (tuned),2024-12-01,0.013305392433761935,sha256:bd942a7bcbe33ba673b7fdec9b2ff2b747cb0d530af4522e5d003d78fb3f640b,2025-08-01,Palmerston-Little Italy (80),-79.41607073008583,43.65977590713319,4,2.5050625737576144,1.4949374262423856
Basis Ridge (tuned),2024-12-01,0.013305392433761935,sha256:bd942a7bcbe33ba673b7fdec9b2ff2b747cb0d530af4522e5d003d78fb3f640b,2025-08-01,Parkwoods-Donalda (45),-79.32857716506125,43.75401452181123,0,0.22886297482569293,-0.22886297482569293
Basis Ridge (tuned),2024-12-01,0.013305392433761935,sha256:bd942a7bcbe33ba673b7fdec9b2ff2b747cb0d530af4522e5d003d78fb3f640b,2025-08-01,Pelmo Park-Humberlea (23),-79.53452633259599,43.71053804014776,0,0.005302025591478293,-0.005302025591478293
Basis Ridge (tuned),2024-12-01,0.013305392433761935,sha256:bd942a7bcbe33ba673b7fdec9b2ff2b747cb0d530af4522e5d003d78fb3f640b,2025-08-01,Playter Estates-Danforth (67),-79.35537498775473,43.678037843577414,4,0.8096901145799602,3.1903098854200396
Basis Ridge (tuned),2024-12-01,0.013305392433761935,sha256:bd942a7bcbe33ba673b7fdec9b2ff2b747cb0d530af4522e5d003d78fb3f640b,2025-08-01,Pleasant View (46),-79.33169496448295,43.78880674789264,0,0.07143031350343212,-0.07143031350343212
Basis Ridge (tuned),2024-12-01,0.013305392433761935,sha256:bd942a7bcbe33ba673b7fdec9b2ff2b747cb0d530af4522e5d003d78fb3f640b,2025-08-01,Princess-Rosethorn (10),-79.54278218831497,43.6664342839495,0,0.056286936307974995,-0.056286936307974995
Basis Ridge (tuned),2024-12-01,0.013305392433761935,sha256:bd942a7bcbe33ba673b7fdec9b2ff2b747cb0d530af4522e5d003d78fb3f640b,2025-08-01,Regent Park (72),-79.36178286088128,43.65943439853815,4,1.5011403667103627,2.498859633289637
Basis Ridge (tuned),2024-12-01,0.013305392433761935,sha256:bd942a7bcbe33ba673b7fdec9b2ff2b747cb0d530af4522e5d003d78fb3f640b,2025-08-01,Rexdale-Kipling (4),-79.56943957685264,43.726549256380395,0,0,0
Basis Ridge (tuned),2024-12-01,0.013305392433761935,sha256:bd942a7bcbe33ba673b7fdec9b2ff2b747cb0d530af4522e5d003d78fb3f640b,2025-08-01,Rockcliffe-Smythe (111),-79.49193279998173,43.67234248080122,1,0.3009792742318968,0.6990207257681031
Basis Ridge (tuned),2024-12-01,0.013305392433761935,sha256:bd942a7bcbe33ba673b7fdec9b2ff2b747cb0d530af4522e5d003d78fb3f640b,2025-08-01,Roncesvalles (86),-79.44277811907274,43.64370439603947,2,1.8156146689048638,0.18438533109513622
Basis Ridge (tuned),2024-12-01,0.013305392433761935,sha256:bd942a7bcbe33ba673b7fdec9b2ff2b747cb0d530af4522e5d003d78fb3f640b,2025-08-01,Rosedale-Moore Park (98),-79.38462305095243,43.67502671420579,5,3.015770921791349,1.9842290782086511
Basis Ridge (tuned),2024-12-01,0.013305392433761935,sha256:bd942a7bcbe33ba673b7fdec9b2ff2b747cb0d530af4522e5d003d78fb3f640b,2025-08-01,Rouge (131),-79.13309434834144,43.78938806538385,0,0.3140406514557118,-0.3140406514557118
Basis Ridge (tuned),2024-12-01,0.013305392433761935,sha256:bd942a7bcbe33ba673b7fdec9b2ff2b747cb0d530af4522e5d003d78fb3f640b,2025-08-01,Runnymede-Bloor West Village (89),-79.48480851655415,43.65975616827931,0,0.5107218919975366,-0.5107218919975366
Basis Ridge (tuned),2024-12-01,0.013305392433761935,sha256:bd942a7bcbe33ba673b7fdec9b2ff2b747cb0d530af4522e5d003d78fb3f640b,2025-08-01,Rustic (28),-79.50024894268427,43.70839284643953,0,0,0
Basis Ridge (tuned),2024-12-01,0.013305392433761935,sha256:bd942a7bcbe33ba673b7fdec9b2ff2b747cb0d530af4522e5d003d78fb3f640b,2025-08-01,Scarborough Village (139),-79.22121647737255,43.74178808353859,0,0.13401188746754886,-0.13401188746754886
Basis Ridge (tuned),2024-12-01,0.013305392433761935,sha256:bd942a7bcbe33ba673b7fdec9b2ff2b747cb0d530af4522e5d003d78fb3f640b,2025-08-01,South Parkdale (85),-79.43087572304012,43.63836538756867,2,2.005612131837639,-0.0056121318376392
Basis Ridge (tuned),2024-12-01,0.013305392433761935,sha256:bd942a7bcbe33ba673b7fdec9b2ff2b747cb0d530af4522e5d003d78fb3f640b,2025-08-01,South Riverdale (70),-79.34033408773206,43.66227352160024,5,4.8982267822270105,0.10177321777298953
Basis Ridge (tuned),2024-12-01,0.013305392433761935,sha256:bd942a7bcbe33ba673b7fdec9b2ff2b747cb0d530af4522e5d003d78fb3f640b,2025-08-01,St.Andrew-Windfields (40),-79.39807496057622,43.75295000125709,0,0.2657464468257763,-0.2657464468257763
Basis Ridge (tuned),2024-12-01,0.013305392433761935,sha256:bd942a7bcbe33ba673b7fdec9b2ff2b747cb0d530af4522e5d003d78fb3f640b,2025-08-01,Steeles (116),-79.32254019689177,43.815065444286134,0,0,0
Basis Ridge (tuned),2024-12-01,0.013305392433761935,sha256:bd942a7bcbe33ba673b7fdec9b2ff2b747cb0d530af4522e5d003d78fb3f640b,2025-08-01,Stonegate-Queensway (16),-79.50687874894817,43.63678476785418,0,0.4094988530973932,-0.4094988530973932
Basis Ridge (tuned),2024-12-01,0.013305392433761935,sha256:bd942a7bcbe33ba673b7fdec9b2ff2b747cb0d530af4522e5d003d78fb3f640b,2025-08-01,Tam O'Shanter-Sullivan (118),-79.29346258821549,43.78211963627784,0,0.2554022201960228,-0.2554022201960228
Basis Ridge (tuned),2024-12-01,0.013305392433761935,sha256:bd942a7bcbe33ba673b7fdec9b2ff2b747cb0d530af4522e5d003d78fb3f640b,2025-08-01,Taylor-Massey (61),-79.29495186057909,43.692458919227406,0,0.5057463559457192,-0.5057463559457192
Basis Ridge (tuned),2024-12-01,0.013305392433761935,sha256:bd942a7bcbe33ba673b7fdec9b2ff2b747cb0d530af4522e5d003d78fb3f640b,2025-08-01,The Beaches (63),-79.30297553719052,43.66875560841342,3,1.5578634781839442,1.4421365218160558
Basis Ridge (tuned),2024-12-01,0.013305392433761935,sha256:bd942a7bcbe33ba673b7fdec9b2ff2b747cb0d530af4522e5d003d78fb3f640b,2025-08-01,Thistletown-Beaumond Heights (3),-79.5659329290065,43.73754827301803,1,0,1
Basis Ridge (tuned),2024-12-01,0.013305392433761935,sha256:bd942a7bcbe33ba673b7fdec9b2ff2b747cb0d530af4522e5d003d78fb3f640b,2025-08-01,Thorncliffe Park (55),-79.35448121100222,43.71036836631147,2,0.4841785030215085,1.5158214969784916
Basis Ridge (tuned),2024-12-01,0.013305392433761935,sha256:bd942a7bcbe33ba673b7fdec9b2ff2b747cb0d530af4522e5d003d78fb3f640b,2025-08-01,Trinity-Bellwoods (81),-79.41373927922925,43.65087049509186,4,2.598136197734693,1.4018638022653072
Basis Ridge (tuned),2024-12-01,0.013305392433761935,sha256:bd942a7bcbe33ba673b7fdec9b2ff2b747cb0d530af4522e5d003d78fb3f640b,2025-08-01,University (79),-79.39982104056267,43.66254295263539,9,4.677501521478073,4.322498478521927
Basis Ridge (tuned),2024-12-01,0.013305392433761935,sha256:bd942a7bcbe33ba673b7fdec9b2ff2b747cb0d530af4522e5d003d78fb3f640b,2025-08-01,Victoria Village (43),-79.3128138518101,43.72684844443762,0,5.624483195854205e-4,-5.624483195854205e-4
Basis Ridge (tuned),2024-12-01,0.013305392433761935,sha256:bd942a7bcbe33ba673b7fdec9b2ff2b747cb0d530af4522e5d003d78fb3f640b,2025-08-01,Waterfront Communities-The Island (77),-79.38919773860151,43.64473008383375,47,18.248949194043558,28.751050805956442
Basis Ridge (tuned),2024-12-01,0.013305392433761935,sha256:bd942a7bcbe33ba673b7fdec9b2ff2b747cb0d530af4522e5d003d78fb3f640b,2025-08-01,West Hill (136),-79.18284860837016,43.76769079627477,3,0.5982611188801821,2.401738881119818
Basis Ridge (tuned),2024-12-01,0.013305392433761935,sha256:bd942a7bcbe33ba673b7fdec9b2ff2b747cb0d530af4522e5d003d78fb3f640b,2025-08-01,West Humber-Clairville (1),-79.60420741329722,43.73006355433667,0,0.3884711060065363,-0.3884711060065363
Basis Ridge (tuned),2024-12-01,0.013305392433761935,sha256:bd942a7bcbe33ba673b7fdec9b2ff2b747cb0d530af4522e5d003d78fb3f640b,2025-08-01,Westminster-Branson (35),-79.44807552904417,43.781743102812335,0,0.3704264883491079,-0.3704264883491079
Basis Ridge (tuned),2024-12-01,0.013305392433761935,sha256:bd942a7bcbe33ba673b7fdec9b2ff2b747cb0d530af4522e5d003d78fb3f640b,2025-08-01,Weston (113),-79.5165855480493,43.702833758307314,0,0.3250780832118127,-0.3250780832118127
Basis Ridge (tuned),2024-12-01,0.013305392433761935,sha256:bd942a7bcbe33ba673b7fdec9b2ff2b747cb0d530af4522e5d003d78fb3f640b,2025-08-01,Weston-Pelham Park (91),-79.45875842314518,43.67071482937652,0,0.21770944860075273,-0.21770944860075273
Basis Ridge (tuned),2024-12-01,0.013305392433761935,sha256:bd942a7bcbe33ba673b7fdec9b2ff2b747cb0d530af4522e5d003d78fb3f640b,2025-08-01,Wexford/Maryvale (119),-79.30050366891615,43.74264083383781,5,0.48013963474095833,4.519860365259042
Basis Ridge (tuned),2024-12-01,0.013305392433761935,sha256:bd942a7bcbe33ba673b7fdec9b2ff2b747cb0d530af4522e5d003d78fb3f640b,2025-08-01,Willowdale East (51),-79.410074781475,43.76524478810602,3,1.8460455336985588,1.1539544663014412
Basis Ridge (tuned),2024-12-01,0.013305392433761935,sha256:bd942a7bcbe33ba673b7fdec9b2ff2b747cb0d530af4522e5d003d78fb3f640b,2025-08-01,Willowdale West (37),-79.41563035776022,43.77061463226557,0,0.7086902423396062,-0.7086902423396062
Basis Ridge (tuned),2024-12-01,0.013305392433761935,sha256:bd942a7bcbe33ba673b7fdec9b2ff2b747cb0d530af4522e5d003d78fb3f640b,2025-08-01,Willowridge-Martingrove-Richview (7),-79.55960317676033,43.68486812894035,2,0.07650050822695248,1.9234994917730475
Basis Ridge (tuned),2024-12-01,0.013305392433761935,sha256:bd942a7bcbe33ba673b7fdec9b2ff2b747cb0d530af4522e5d003d78fb3f640b,2025-08-01,Woburn (137),-79.22656387770975,43.76289989874722,2,0.4323933045135287,1.5676066954864714
Basis Ridge (tuned),2024-12-01,0.013305392433761935,sha256:bd942a7bcbe33ba673b7fdec9b2ff2b747cb0d530af4522e5d003d78fb3f640b,2025-08-01,Woodbine Corridor (64),-79.31407054230695,43.67581440173363,0,0.7646660514718896,-0.7646660514718896
Basis Ridge (tuned),2024-12-01,0.013305392433761935,sha256:bd942a7bcbe33ba673b7fdec9b2ff2b747cb0d530af4522e5d003d78fb3f640b,2025-08-01,Woodbine-Lumsden (60),-79.31039264658962,43.69145821847367,0,0.13575594191451687,-0.13575594191451687
Basis Ridge (tuned),2024-12-01,0.013305392433761935,sha256:bd942a7bcbe33ba673b7fdec9b2ff2b747cb0d530af4522e5d003d78fb3f640b,2025-08-01,Wychwood (94),-79.42710542937913,43.6784532168336,1,0.8182082132463846,0.1817917867536154
Basis Ridge (tuned),2024-12-01,0.013305392433761935,sha256:bd942a7bcbe33ba673b7fdec9b2ff2b747cb0d530af4522e5d003d78fb3f640b,2025-08-01,Yonge-Eglinton (100),-79.40102373824469,43.70674080495774,0,0.8414774616152594,-0.8414774616152594
Basis Ridge (tuned),2024-12-01,0.013305392433761935,sha256:bd942a7bcbe33ba673b7fdec9b2ff2b747cb0d530af4522e5d003d78fb3f640b,2025-08-01,Yonge-St.Clair (97),-79.39834065134646,43.689263791751046,1,0.6964688381515688,0.3035311618484312
Basis Ridge (tuned),2024-12-01,0.013305392433761935,sha256:bd942a7bcbe33ba673b7fdec9b2ff2b747cb0d530af4522e5d003d78fb3f640b,2025-08-01,York University Heights (27),-79.49891755560928,43.76657476817609,1,1.218894877634387,-0.21889487763438709
Basis Ridge (tuned),2024-12-01,0.013305392433761935,sha256:bd942a7bcbe33ba673b7fdec9b2ff2b747cb0d530af4522e5d003d78fb3f640b,2025-08-01,Yorkdale-Glen Park (31),-79.45130621630454,43.714348256200424,1,0.7458177986847061,0.2541822013152939
Basis Ridge (tuned),2024-12-01,0.013305392433761935,sha256:bd942a7bcbe33ba673b7fdec9b2ff2b747cb0d530af4522e5d003d78fb3f640b,2025-09-01,Agincourt North (129),-79.26928393506104,43.810980375100264,2,0,2
Basis Ridge (tuned),2024-12-01,0.013305392433761935,sha256:bd942a7bcbe33ba673b7fdec9b2ff2b747cb0d530af4522e5d003d78fb3f640b,2025-09-01,Agincourt South-Malvern West (128),-79.28002861084076,43.7889253690791,2,0.016115777795516498,1.9838842222044835
Basis Ridge (tuned),2024-12-01,0.013305392433761935,sha256:bd942a7bcbe33ba673b7fdec9b2ff2b747cb0d530af4522e5d003d78fb3f640b,2025-09-01,Alderwood (20),-79.54538918515296,43.6065751977772,0,0,0
Basis Ridge (tuned),2024-12-01,0.013305392433761935,sha256:bd942a7bcbe33ba673b7fdec9b2ff2b747cb0d530af4522e5d003d78fb3f640b,2025-09-01,Annex (95),-79.40380913861458,43.670104609767606,13,5.581743260038783,7.418256739961217
Basis Ridge (tuned),2024-12-01,0.013305392433761935,sha256:bd942a7bcbe33ba673b7fdec9b2ff2b747cb0d530af4522e5d003d78fb3f640b,2025-09-01,Banbury-Don Mills (42),-79.3409210158811,43.73511850435992,0,0.0778215031888257,-0.0778215031888257
Basis Ridge (tuned),2024-12-01,0.013305392433761935,sha256:bd942a7bcbe33ba673b7fdec9b2ff2b747cb0d530af4522e5d003d78fb3f640b,2025-09-01,Bathurst Manor (34),-79.45175843487672,43.75609728872373,1,0.019168747811638586,0.9808312521883614
Basis Ridge (tuned),2024-12-01,0.013305392433761935,sha256:bd942a7bcbe33ba673b7fdec9b2ff2b747cb0d530af4522e5d003d78fb3f640b,2025-09-01,Bay Street Corridor (76),-79.38436854475557,43.65730879641258,28,12.968607217899539,15.031392782100461
Basis Ridge (tuned),2024-12-01,0.013305392433761935,sha256:bd942a7bcbe33ba673b7fdec9b2ff2b747cb0d530af4522e5d003d78fb3f640b,2025-09-01,Bayview Village (52),-79.38403601743099,43.769051789694494,0,0.39355977102365264,-0.39355977102365264
Basis Ridge (tuned),2024-12-01,0.013305392433761935,sha256:bd942a7bcbe33ba673b7fdec9b2ff2b747cb0d530af4522e5d003d78fb3f640b,2025-09-01,Bayview Woods-Steeles (49),-79.3743681512798,43.797822785562154,0,0,0
Basis Ridge (tuned),2024-12-01,0.013305392433761935,sha256:bd942a7bcbe33ba673b7fdec9b2ff2b747cb0d530af4522e5d003d78fb3f640b,2025-09-01,Bedford Park-Nortown (39),-79.42125788351791,43.72757981721193,1,0.18102399576407793,0.8189760042359221
Basis Ridge (tuned),2024-12-01,0.013305392433761935,sha256:bd942a7bcbe33ba673b7fdec9b2ff2b747cb0d530af4522e5d003d78fb3f640b,2025-09-01,Beechborough-Greenbrook (112),-79.4744663865561,43.691508083029944,0,0,0
Basis Ridge (tuned),2024-12-01,0.013305392433761935,sha256:bd942a7bcbe33ba673b7fdec9b2ff2b747cb0d530af4522e5d003d78fb3f640b,2025-09-01,Bendale (127),-79.26046315357324,43.76293076745831,2,0.1395789830973651,1.860421016902635
Basis Ridge (tuned),2024-12-01,0.013305392433761935,sha256:bd942a7bcbe33ba673b7fdec9b2ff2b747cb0d530af4522e5d003d78fb3f640b,2025-09-01,Birchcliffe-Cliffside (122),-79.27062357025366,43.69131003372983,0,0.25559134250440085,-0.25559134250440085
Basis Ridge (tuned),2024-12-01,0.013305392433761935,sha256:bd942a7bcbe33ba673b7fdec9b2ff2b747cb0d530af4522e5d003d78fb3f640b,2025-09-01,Black Creek (24),-79.51869671361172,43.76523138519309,0,0.007344296891530786,-0.007344296891530786
Basis Ridge (tuned),2024-12-01,0.013305392433761935,sha256:bd942a7bcbe33ba673b7fdec9b2ff2b747cb0d530af4522e5d003d78fb3f640b,2025-09-01,Blake-Jones (69),-79.3394451105104,43.67664416992363,0,0.359736406052811,-0.359736406052811
Basis Ridge (tuned),2024-12-01,0.013305392433761935,sha256:bd942a7bcbe33ba673b7fdec9b2ff2b747cb0d530af4522e5d003d78fb3f640b,2025-09-01,Briar Hill-Belgravia (108),-79.445578280552,43.699313061287725,0,0.1297129496419029,-0.1297129496419029
Basis Ridge (tuned),2024-12-01,0.013305392433761935,sha256:bd942a7bcbe33ba673b7fdec9b2ff2b747cb0d530af4522e5d003d78fb3f640b,2025-09-01,Bridle Path-Sunnybrook-York Mills (41),-79.38366396163413,43.72516179918022,0,0,0
Basis Ridge (tuned),2024-12-01,0.013305392433761935,sha256:bd942a7bcbe33ba673b7fdec9b2ff2b747cb0d530af4522e5d003d78fb3f640b,2025-09-01,Broadview North (57),-79.35364911130229,43.683932870884654,0,0.2751642097468262,-0.2751642097468262
Basis Ridge (tuned),2024-12-01,0.013305392433761935,sha256:bd942a7bcbe33ba673b7fdec9b2ff2b747cb0d530af4522e5d003d78fb3f640b,2025-09-01,Brookhaven-Amesbury (30),-79.49015206607174,43.69942696476651,0,0,0
Basis Ridge (tuned),2024-12-01,0.013305392433761935,sha256:bd942a7bcbe33ba673b7fdec9b2ff2b747cb0d530af4522e5d003d78fb3f640b,2025-09-01,Cabbagetown-South St.James Town (71),-79.36975340775743,43.66521290431659,0,2.1759586363989154,-2.1759586363989154
Basis Ridge (tuned),2024-12-01,0.013305392433761935,sha256:bd942a7bcbe33ba673b7fdec9b2ff2b747cb0d530af4522e5d003d78fb3f640b,2025-09-01,Caledonia-Fairbank (109),-79.4517849962554,43.690036179158305,0,0,0
Basis Ridge (tuned),2024-12-01,0.013305392433761935,sha256:bd942a7bcbe33ba673b7fdec9b2ff2b747cb0d530af4522e5d003d78fb3f640b,2025-09-01,Casa Loma (96),-79.40864864037756,43.67955392863041,1,0.4101911679392314,0.5898088320607686
Basis Ridge (tuned),2024-12-01,0.013305392433761935,sha256:bd942a7bcbe33ba673b7fdec9b2ff2b747cb0d530af4522e5d003d78fb3f640b,2025-09-01,Centennial Scarborough (133),-79.15053423026679,43.780757885389185,0,0,0
Basis Ridge (tuned),2024-12-01,0.013305392433761935,sha256:bd942a7bcbe33ba673b7fdec9b2ff2b747cb0d530af4522e5d003d78fb3f640b,2025-09-01,Church-Yonge Corridor (75),-79.37956284727365,43.66018909929288,20,12.2799299871385,7.7200700128615
Basis Ridge (tuned),2024-12-01,0.013305392433761935,sha256:bd942a7bcbe33ba673b7fdec9b2ff2b747cb0d530af4522e5d003d78fb3f640b,2025-09-01,Clairlea-Birchmount (120),-79.28672506823307,43.709414591668256,0,0.22112293433678779,-0.22112293433678779
Basis Ridge (tuned),2024-12-01,0.013305392433761935,sha256:bd942a7bcbe33ba673b7fdec9b2ff2b747cb0d530af4522e5d003d78fb3f640b,2025-09-01,Clanton Park (33),-79.44643447690169,43.74149776462126,2,0.10666403985881742,1.8933359601411826
Basis Ridge (tuned),2024-12-01,0.013305392433761935,sha256:bd942a7bcbe33ba673b7fdec9b2ff2b747cb0d530af4522e5d003d78fb3f640b,2025-09-01,Cliffcrest (123),-79.23329029919245,43.72191819765982,1,0,1
Basis Ridge (tuned),2024-12-01,0.013305392433761935,sha256:bd942a7bcbe33ba673b7fdec9b2ff2b747cb0d530af4522e5d003d78fb3f640b,2025-09-01,Corso Italia-Davenport (92),-79.4427553703874,43.67658111935704,2,0.26977400146831243,1.7302259985316875
Basis Ridge (tuned),2024-12-01,0.013305392433761935,sha256:bd942a7bcbe33ba673b7fdec9b2ff2b747cb0d530af4522e5d003d78fb3f640b,2025-09-01,Danforth (66),-79.33065782618279,43.682847803276616,1,0.7411034915535579,0.2588965084464421
Basis Ridge (tuned),2024-12-01,0.013305392433761935,sha256:bd942a7bcbe33ba673b7fdec9b2ff2b747cb0d530af4522e5d003d78fb3f640b,2025-09-01,Danforth East York (59),-79.3313092800722,43.69082681262244,1,0.21404794813893588,0.7859520518610641
Basis Ridge (tuned),2024-12-01,0.013305392433761935,sha256:bd942a7bcbe33ba673b7fdec9b2ff2b747cb0d530af4522e5d003d78fb3f640b,2025-09-01,Don Valley Village (47),-79.35240298959988,43.77988611135725,0,0.040146588309673506,-0.040146588309673506
Basis Ridge (tuned),2024-12-01,0.013305392433761935,sha256:bd942a7bcbe33ba673b7fdec9b2ff2b747cb0d530af4522e5d003d78fb3f640b,2025-09-01,Dorset Park (126),-79.28077525994308,43.75528945083431,3,0.07262234317077954,2.9273776568292202
Basis Ridge (tuned),2024-12-01,0.013305392433761935,sha256:bd942a7bcbe33ba673b7fdec9b2ff2b747cb0d530af4522e5d003d78fb3f640b,2025-09-01,Dovercourt-Wallace Emerson-Junction (93),-79.43778332382438,43.66463002065643,7,3.6941015223210987,3.3058984776789013
Basis Ridge (tuned),2024-12-01,0.013305392433761935,sha256:bd942a7bcbe33ba673b7fdec9b2ff2b747cb0d530af4522e5d003d78fb3f640b,2025-09-01,Downsview-Roding-CFB (26),-79.4835940990325,43.727986861303435,2,0.4018165897013722,1.5981834102986279
Basis Ridge (tuned),2024-12-01,0.013305392433761935,sha256:bd942a7bcbe33ba673b7fdec9b2ff2b747cb0d530af4522e5d003d78fb3f640b,2025-09-01,Dufferin Grove (83),-79.4370618209781,43.65521640563446,7,1.5125037859607058,5.487496214039294
Basis Ridge (tuned),2024-12-01,0.013305392433761935,sha256:bd942a7bcbe33ba673b7fdec9b2ff2b747cb0d530af4522e5d003d78fb3f640b,2025-09-01,East End-Danforth (62),-79.30055625233094,43.68572312555001,3,1.5282986860493557,1.4717013139506443
Basis Ridge (tuned),2024-12-01,0.013305392433761935,sha256:bd942a7bcbe33ba673b7fdec9b2ff2b747cb0d530af4522e5d003d78fb3f640b,2025-09-01,Edenbridge-Humber Valley (9),-79.52023309003076,43.66557816852869,0,0,0
Basis Ridge (tuned),2024-12-01,0.013305392433761935,sha256:bd942a7bcbe33ba673b7fdec9b2ff2b747cb0d530af4522e5d003d78fb3f640b,2025-09-01,Eglinton East (138),-79.24473615792672,43.73991827916189,0,0.005150585834320848,-0.005150585834320848
Basis Ridge (tuned),2024-12-01,0.013305392433761935,sha256:bd942a7bcbe33ba673b7fdec9b2ff2b747cb0d530af4522e5d003d78fb3f640b,2025-09-01,Elms-Old Rexdale (5),-79.55208772185198,43.71927285915033,0,0,0
Basis Ridge (tuned),2024-12-01,0.013305392433761935,sha256:bd942a7bcbe33ba673b7fdec9b2ff2b747cb0d530af4522e5d003d78fb3f640b,2025-09-01,Englemount-Lawrence (32),-79.43712596977969,43.7204676607881,1,0.32677310266912357,0.6732268973308764
Basis Ridge (tuned),2024-12-01,0.013305392433761935,sha256:bd942a7bcbe33ba673b7fdec9b2ff2b747cb0d530af4522e5d003d78fb3f640b,2025-09-01,Eringate-Centennial-West Deane (11),-79.57787073233334,43.65860025717794,0,0,0
Basis Ridge (tuned),2024-12-01,0.013305392433761935,sha256:bd942a7bcbe33ba673b7fdec9b2ff2b747cb0d530af4522e5d003d78fb3f640b,2025-09-01,Etobicoke West Mall (13),-79.5678030787646,43.64190931147644,0,0,0
Basis Ridge (tuned),2024-12-01,0.013305392433761935,sha256:bd942a7bcbe33ba673b7fdec9b2ff2b747cb0d530af4522e5d003d78fb3f640b,2025-09-01,Flemingdon Park (44),-79.33198682919883,43.71530756444098,1,0.0022550502249203104,0.9977449497750797
Basis Ridge (tuned),2024-12-01,0.013305392433761935,sha256:bd942a7bcbe33ba673b7fdec9b2ff2b747cb0d530af4522e5d003d78fb3f640b,2025-09-01,Forest Hill North (102),-79.43346069412912,43.70194436532484,1,0.22910518753788295,0.7708948124621171
Basis Ridge (tuned),2024-12-01,0.013305392433761935,sha256:bd942a7bcbe33ba673b7fdec9b2ff2b747cb0d530af4522e5d003d78fb3f640b,2025-09-01,Forest Hill South (101),-79.41299883590433,43.6890600119443,0,0.2794824849659656,-0.2794824849659656
Basis Ridge (tuned),2024-12-01,0.013305392433761935,sha256:bd942a7bcbe33ba673b7fdec9b2ff2b747cb0d530af4522e5d003d78fb3f640b,2025-09-01,Glenfield-Jane Heights (25),-79.50908241975385,43.74806287596809,0,0.17293796237045883,-0.17293796237045883
Basis Ridge (tuned),2024-12-01,0.013305392433761935,sha256:bd942a7bcbe33ba673b7fdec9b2ff2b747cb0d530af4522e5d003d78fb3f640b,2025-09-01,Greenwood-Coxwell (65),-79.32392461588157,43.67182578504262,2,1.053866878836989,0.9461331211630111
Basis Ridge (tuned),2024-12-01,0.013305392433761935,sha256:bd942a7bcbe33ba673b7fdec9b2ff2b747cb0d530af4522e5d003d78fb3f640b,2025-09-01,Guildwood (140),-79.1987335919193,43.747914590059,1,0,1
Basis Ridge (tuned),2024-12-01,0.013305392433761935,sha256:bd942a7bcbe33ba673b7fdec9b2ff2b747cb0d530af4522e5d003d78fb3f640b,2025-09-01,Henry Farm (53),-79.34642185767248,43.76957681680956,0,0,0
Basis Ridge (tuned),2024-12-01,0.013305392433761935,sha256:bd942a7bcbe33ba673b7fdec9b2ff2b747cb0d530af4522e5d003d78fb3f640b,2025-09-01,High Park North (88),-79.4652298180643,43.65722103912335,0,1.8406920042308657,-1.8406920042308657
Basis Ridge (tuned),2024-12-01,0.013305392433761935,sha256:bd942a7bcbe33ba673b7fdec9b2ff2b747cb0d530af4522e5d003d78fb3f640b,2025-09-01,High Park-Swansea (87),-79.4648159122912,43.64453199862067,2,0.9094639619026603,1.0905360380973397
Basis Ridge (tuned),2024-12-01,0.013305392433761935,sha256:bd942a7bcbe33ba673b7fdec9b2ff2b747cb0d530af4522e5d003d78fb3f640b,2025-09-01,Highland Creek (134),-79.18452149622338,43.786273991320705,0,0,0
Basis Ridge (tuned),2024-12-01,0.013305392433761935,sha256:bd942a7bcbe33ba673b7fdec9b2ff2b747cb0d530af4522e5d003d78fb3f640b,2025-09-01,Hillcrest Village (48),-79.35806283641195,43.79960270136573,0,0,0
Basis Ridge (tuned),2024-12-01,0.013305392433761935,sha256:bd942a7bcbe33ba673b7fdec9b2ff2b747cb0d530af4522e5d003d78fb3f640b,2025-09-01,Humber Heights-Westmount (8),-79.51864457298561,43.69564007439048,0,0,0
Basis Ridge (tuned),2024-12-01,0.013305392433761935,sha256:bd942a7bcbe33ba673b7fdec9b2ff2b747cb0d530af4522e5d003d78fb3f640b,2025-09-01,Humber Summit (21),-79.56057763521508,43.75362439798188,0,0,0
Basis Ridge (tuned),2024-12-01,0.013305392433761935,sha256:bd942a7bcbe33ba673b7fdec9b2ff2b747cb0d530af4522e5d003d78fb3f640b,2025-09-01,Humbermede (22),-79.54521679307662,43.74787608113298,0,0,0
Basis Ridge (tuned),2024-12-01,0.013305392433761935,sha256:bd942a7bcbe33ba673b7fdec9b2ff2b747cb0d530af4522e5d003d78fb3f640b,2025-09-01,Humewood-Cedarvale (106),-79.42603840921164,43.68908389632168,1,0.6237648448449697,0.37623515515503025
Basis Ridge (tuned),2024-12-01,0.013305392433761935,sha256:bd942a7bcbe33ba673b7fdec9b2ff2b747cb0d530af4522e5d003d78fb3f640b,2025-09-01,Ionview (125),-79.2682783103958,43.73299077700163,0,0,0
Basis Ridge (tuned),2024-12-01,0.013305392433761935,sha256:bd942a7bcbe33ba673b7fdec9b2ff2b747cb0d530af4522e5d003d78fb3f640b,2025-09-01,Islington-City Centre West (14),-79.53678079261083,43.641361915813675,1,0.8103673362122922,0.18963266378770782
Basis Ridge (tuned),2024-12-01,0.013305392433761935,sha256:bd942a7bcbe33ba673b7fdec9b2ff2b747cb0d530af4522e5d003d78fb3f640b,2025-09-01,Junction Area (90),-79.46892477498491,43.6655394100211,1,0.7110660914027473,0.28893390859725265
Basis Ridge (tuned),2024-12-01,0.013305392433761935,sha256:bd942a7bcbe33ba673b7fdec9b2ff2b747cb0d530af4522e5d003d78fb3f640b,2025-09-01,Keelesdale-Eglinton West (110),-79.47055790633043,43.68391780141048,0,0,0
Basis Ridge (tuned),2024-12-01,0.013305392433761935,sha256:bd942a7bcbe33ba673b7fdec9b2ff2b747cb0d530af4522e5d003d78fb3f640b,2025-09-01,Kennedy Park (124),-79.25874986465229,43.728410786674374,0,0.029916354968033056,-0.029916354968033056
Basis Ridge (tuned),2024-12-01,0.013305392433761935,sha256:bd942a7bcbe33ba673b7fdec9b2ff2b747cb0d530af4522e5d003d78fb3f640b,2025-09-01,Kensington-Chinatown (78),-79.3967980354919,43.65388049459246,9,5.4501465632041555,3.5498534367958445
Basis Ridge (tuned),2024-12-01,0.013305392433761935,sha256:bd942a7bcbe33ba673b7fdec9b2ff2b747cb0d530af4522e5d003d78fb3f640b,2025-09-01,Kingsview Village-The Westway (6),-79.54911503533694,43.69584358136977,0,0,0
Basis Ridge (tuned),2024-12-01,0.013305392433761935,sha256:bd942a7bcbe33ba673b7fdec9b2ff2b747cb0d530af4522e5d003d78fb3f640b,2025-09-01,Kingsway South (15),-79.51086459422443,43.65032283055947,1,0.16956652811154435,0.8304334718884556
Basis Ridge (tuned),2024-12-01,0.013305392433761935,sha256:bd942a7bcbe33ba673b7fdec9b2ff2b747cb0d530af4522e5d003d78fb3f640b,2025-09-01,L'Amoreaux (117),-79.3201008921114,43.79636378659849,1,0.09211896592867799,0.907881034071322
Basis Ridge (tuned),2024-12-01,0.013305392433761935,sha256:bd942a7bcbe33ba673b7fdec9b2ff2b747cb0d530af4522e5d003d78fb3f640b,2025-09-01,Lambton Baby Point (114),-79.49452130561747,43.65593529844182,1,0,1
Basis Ridge (tuned),2024-12-01,0.013305392433761935,sha256:bd942a7bcbe33ba673b7fdec9b2ff2b747cb0d530af4522e5d003d78fb3f640b,2025-09-01,Lansing-Westgate (38),-79.41222964417364,43.761840287387486,1,0.09210091343534528,0.9078990865646547
Basis Ridge (tuned),2024-12-01,0.013305392433761935,sha256:bd942a7bcbe33ba673b7fdec9b2ff2b747cb0d530af4522e5d003d78fb3f640b,2025-09-01,Lawrence Park North (105),-79.40643053379212,43.72768097403552,0,0.31101009472690516,-0.31101009472690516
Basis Ridge (tuned),2024-12-01,0.013305392433761935,sha256:bd942a7bcbe33ba673b7fdec9b2ff2b747cb0d530af4522e5d003d78fb3f640b,2025-09-01,Lawrence Park South (103),-79.41020212544387,43.72248127246825,1,0.2771904750661342,0.7228095249338657
Basis Ridge (tuned),2024-12-01,0.013305392433761935,sha256:bd942a7bcbe33ba673b7fdec9b2ff2b747cb0d530af4522e5d003d78fb3f640b,2025-09-01,Leaside-Bennington (56),-79.36756549485442,43.70630335329757,0,0.646347318620792,-0.646347318620792
Basis Ridge (tuned),2024-12-01,0.013305392433761935,sha256:bd942a7bcbe33ba673b7fdec9b2ff2b747cb0d530af4522e5d003d78fb3f640b,2025-09-01,Little Portugal (84),-79.42637552454019,43.64409148964972,1,1.7192017803272044,-0.7192017803272044
Basis Ridge (tuned),2024-12-01,0.013305392433761935,sha256:bd942a7bcbe33ba673b7fdec9b2ff2b747cb0d530af4522e5d003d78fb3f640b,2025-09-01,Long Branch (19),-79.53237502113143,43.591006620404656,1,0.3445912656845457,0.6554087343154543
Basis Ridge (tuned),2024-12-01,0.013305392433761935,sha256:bd942a7bcbe33ba673b7fdec9b2ff2b747cb0d530af4522e5d003d78fb3f640b,2025-09-01,Malvern (132),-79.22095167470565,43.80455499438271,0,0.06881203459844809,-0.06881203459844809
Basis Ridge (tuned),2024-12-01,0.013305392433761935,sha256:bd942a7bcbe33ba673b7fdec9b2ff2b747cb0d530af4522e5d003d78fb3f640b,2025-09-01,Maple Leaf (29),-79.4843756407544,43.718225646439535,0,0,0
Basis Ridge (tuned),2024-12-01,0.013305392433761935,sha256:bd942a7bcbe33ba673b7fdec9b2ff2b747cb0d530af4522e5d003d78fb3f640b,2025-09-01,Markland Wood (12),-79.57650734129277,43.633689780366026,0,0,0
Basis Ridge (tuned),2024-12-01,0.013305392433761935,sha256:bd942a7bcbe33ba673b7fdec9b2ff2b747cb0d530af4522e5d003d78fb3f640b,2025-09-01,Milliken (130),-79.28878321264463,43.82084812422136,2,0,2
Basis Ridge (tuned),2024-12-01,0.013305392433761935,sha256:bd942a7bcbe33ba673b7fdec9b2ff2b747cb0d530af4522e5d003d78fb3f640b,2025-09-01,Mimico (includes Humber Bay Shores) (17),-79.48568571369577,43.62094188018773,6,1.785333564779497,4.2146664352205025
Basis Ridge (tuned),2024-12-01,0.013305392433761935,sha256:bd942a7bcbe33ba673b7fdec9b2ff2b747cb0d530af4522e5d003d78fb3f640b,2025-09-01,Morningside (135),-79.20335964084892,43.78544794442794,0,0,0
Basis Ridge (tuned),2024-12-01,0.013305392433761935,sha256:bd942a7bcbe33ba673b7fdec9b2ff2b747cb0d530af4522e5d003d78fb3f640b,2025-09-01,Moss Park (73),-79.36913295325593,43.65425609335975,7,4.961885799897989,2.0381142001020107
Basis Ridge (tuned),2024-12-01,0.013305392433761935,sha256:bd942a7bcbe33ba673b7fdec9b2ff2b747cb0d530af4522e5d003d78fb3f640b,2025-09-01,Mount Dennis (115),-79.48946593742998,43.68565859464735,0,0,0
Basis Ridge (tuned),2024-12-01,0.013305392433761935,sha256:bd942a7bcbe33ba673b7fdec9b2ff2b747cb0d530af4522e5d003d78fb3f640b,2025-09-01,Mount Olive-Silverstone-Jamestown (2),-79.58577617904946,43.74325917379369,0,0.08454798335330681,-0.08454798335330681
Basis Ridge (tuned),2024-12-01,0.013305392433761935,sha256:bd942a7bcbe33ba673b7fdec9b2ff2b747cb0d530af4522e5d003d78fb3f640b,2025-09-01,Mount Pleasant East (99),-79.38525136980005,43.70699758566823,0,0.5220509677882492,-0.5220509677882492
Basis Ridge (tuned),2024-12-01,0.013305392433761935,sha256:bd942a7bcbe33ba673b7fdec9b2ff2b747cb0d530af4522e5d003d78fb3f640b,2025-09-01,Mount Pleasant West (104),-79.39441924813381,43.705281018271585,7,2.0058650714817956,4.994134928518204
Basis Ridge (tuned),2024-12-01,0.013305392433761935,sha256:bd942a7bcbe33ba673b7fdec9b2ff2b747cb0d530af4522e5d003d78fb3f640b,2025-09-01,NSA,NA,NA,1,1.0033703427116654,-0.003370342711665364
Basis Ridge (tuned),2024-12-01,0.013305392433761935,sha256:bd942a7bcbe33ba673b7fdec9b2ff2b747cb0d530af4522e5d003d78fb3f640b,2025-09-01,New Toronto (18),-79.50819536860408,43.60067938873378,1,0.32691381563937166,0.6730861843606284
Basis Ridge (tuned),2024-12-01,0.013305392433761935,sha256:bd942a7bcbe33ba673b7fdec9b2ff2b747cb0d530af4522e5d003d78fb3f640b,2025-09-01,Newtonbrook East (50),-79.4155662486542,43.782773804672864,0,0.09591183229764318,-0.09591183229764318
Basis Ridge (tuned),2024-12-01,0.013305392433761935,sha256:bd942a7bcbe33ba673b7fdec9b2ff2b747cb0d530af4522e5d003d78fb3f640b,2025-09-01,Newtonbrook West (36),-79.42082573006313,43.78444945871987,1,0.5893038880453857,0.4106961119546143
Basis Ridge (tuned),2024-12-01,0.013305392433761935,sha256:bd942a7bcbe33ba673b7fdec9b2ff2b747cb0d530af4522e5d003d78fb3f640b,2025-09-01,Niagara (82),-79.40825413058062,43.639170480800686,5,5.578797326617502,-0.5787973266175017
Basis Ridge (tuned),2024-12-01,0.013305392433761935,sha256:bd942a7bcbe33ba673b7fdec9b2ff2b747cb0d530af4522e5d003d78fb3f640b,2025-09-01,North Riverdale (68),-79.34942497640164,43.67320424441098,1,0.9084026991809313,0.0915973008190687
Basis Ridge (tuned),2024-12-01,0.013305392433761935,sha256:bd942a7bcbe33ba673b7fdec9b2ff2b747cb0d530af4522e5d003d78fb3f640b,2025-09-01,North St.James Town (74),-79.37622315570079,43.66924040879271,3,1.870524542022791,1.129475457977209
Basis Ridge (tuned),2024-12-01,0.013305392433761935,sha256:bd942a7bcbe33ba673b7fdec9b2ff2b747cb0d530af4522e5d003d78fb3f640b,2025-09-01,O'Connor-Parkview (54),-79.30295705711893,43.707394189060395,0,0.07231539108317062,-0.07231539108317062
Basis Ridge (tuned),2024-12-01,0.013305392433761935,sha256:bd942a7bcbe33ba673b7fdec9b2ff2b747cb0d530af4522e5d003d78fb3f640b,2025-09-01,Oakridge (121),-79.28580476562132,43.69338422103418,1,0.1278376514141697,0.8721623485858303
Basis Ridge (tuned),2024-12-01,0.013305392433761935,sha256:bd942a7bcbe33ba673b7fdec9b2ff2b747cb0d530af4522e5d003d78fb3f640b,2025-09-01,Oakwood Village (107),-79.43992214652974,43.693163772618576,1,0.28750298350165043,0.7124970164983495
Basis Ridge (tuned),2024-12-01,0.013305392433761935,sha256:bd942a7bcbe33ba673b7fdec9b2ff2b747cb0d530af4522e5d003d78fb3f640b,2025-09-01,Old East York (58),-79.33971322725657,43.69468655917457,0,0,0
Basis Ridge (tuned),2024-12-01,0.013305392433761935,sha256:bd942a7bcbe33ba673b7fdec9b2ff2b747cb0d530af4522e5d003d78fb3f640b,2025-09-01,Palmerston-Little Italy (80),-79.41607073008583,43.65977590713319,7,1.9943345301189677,5.005665469881032
Basis Ridge (tuned),2024-12-01,0.013305392433761935,sha256:bd942a7bcbe33ba673b7fdec9b2ff2b747cb0d530af4522e5d003d78fb3f640b,2025-09-01,Parkwoods-Donalda (45),-79.32857716506125,43.75401452181123,0,0.049803465950832085,-0.049803465950832085
Basis Ridge (tuned),2024-12-01,0.013305392433761935,sha256:bd942a7bcbe33ba673b7fdec9b2ff2b747cb0d530af4522e5d003d78fb3f640b,2025-09-01,Pelmo Park-Humberlea (23),-79.53452633259599,43.71053804014776,0,0,0
Basis Ridge (tuned),2024-12-01,0.013305392433761935,sha256:bd942a7bcbe33ba673b7fdec9b2ff2b747cb0d530af4522e5d003d78fb3f640b,2025-09-01,Playter Estates-Danforth (67),-79.35537498775473,43.678037843577414,1,0.5459973923068836,0.4540026076931164
Basis Ridge (tuned),2024-12-01,0.013305392433761935,sha256:bd942a7bcbe33ba673b7fdec9b2ff2b747cb0d530af4522e5d003d78fb3f640b,2025-09-01,Pleasant View (46),-79.33169496448295,43.78880674789264,0,0,0
Basis Ridge (tuned),2024-12-01,0.013305392433761935,sha256:bd942a7bcbe33ba673b7fdec9b2ff2b747cb0d530af4522e5d003d78fb3f640b,2025-09-01,Princess-Rosethorn (10),-79.54278218831497,43.6664342839495,0,0,0
Basis Ridge (tuned),2024-12-01,0.013305392433761935,sha256:bd942a7bcbe33ba673b7fdec9b2ff2b747cb0d530af4522e5d003d78fb3f640b,2025-09-01,Regent Park (72),-79.36178286088128,43.65943439853815,2,1.1366953676625458,0.8633046323374542
Basis Ridge (tuned),2024-12-01,0.013305392433761935,sha256:bd942a7bcbe33ba673b7fdec9b2ff2b747cb0d530af4522e5d003d78fb3f640b,2025-09-01,Rexdale-Kipling (4),-79.56943957685264,43.726549256380395,0,0,0
Basis Ridge (tuned),2024-12-01,0.013305392433761935,sha256:bd942a7bcbe33ba673b7fdec9b2ff2b747cb0d530af4522e5d003d78fb3f640b,2025-09-01,Rockcliffe-Smythe (111),-79.49193279998173,43.67234248080122,1,0.11141158875957691,0.8885884112404231
Basis Ridge (tuned),2024-12-01,0.013305392433761935,sha256:bd942a7bcbe33ba673b7fdec9b2ff2b747cb0d530af4522e5d003d78fb3f640b,2025-09-01,Roncesvalles (86),-79.44277811907274,43.64370439603947,5,1.4053471369479575,3.5946528630520422
Basis Ridge (tuned),2024-12-01,0.013305392433761935,sha256:bd942a7bcbe33ba673b7fdec9b2ff2b747cb0d530af4522e5d003d78fb3f640b,2025-09-01,Rosedale-Moore Park (98),-79.38462305095243,43.67502671420579,5,2.430626781443316,2.569373218556684
Basis Ridge (tuned),2024-12-01,0.013305392433761935,sha256:bd942a7bcbe33ba673b7fdec9b2ff2b747cb0d530af4522e5d003d78fb3f640b,2025-09-01,Rouge (131),-79.13309434834144,43.78938806538385,0,0.12256977267475036,-0.12256977267475036
Basis Ridge (tuned),2024-12-01,0.013305392433761935,sha256:bd942a7bcbe33ba673b7fdec9b2ff2b747cb0d530af4522e5d003d78fb3f640b,2025-09-01,Runnymede-Bloor West Village (89),-79.48480851655415,43.65975616827931,0,0.2905922879902632,-0.2905922879902632
Basis Ridge (tuned),2024-12-01,0.013305392433761935,sha256:bd942a7bcbe33ba673b7fdec9b2ff2b747cb0d530af4522e5d003d78fb3f640b,2025-09-01,Rustic (28),-79.50024894268427,43.70839284643953,0,0,0
Basis Ridge (tuned),2024-12-01,0.013305392433761935,sha256:bd942a7bcbe33ba673b7fdec9b2ff2b747cb0d530af4522e5d003d78fb3f640b,2025-09-01,Scarborough Village (139),-79.22121647737255,43.74178808353859,2,0,2
Basis Ridge (tuned),2024-12-01,0.013305392433761935,sha256:bd942a7bcbe33ba673b7fdec9b2ff2b747cb0d530af4522e5d003d78fb3f640b,2025-09-01,South Parkdale (85),-79.43087572304012,43.63836538756867,5,1.5676597781413217,3.432340221858678
Basis Ridge (tuned),2024-12-01,0.013305392433761935,sha256:bd942a7bcbe33ba673b7fdec9b2ff2b747cb0d530af4522e5d003d78fb3f640b,2025-09-01,South Riverdale (70),-79.34033408773206,43.66227352160024,2,4.038787111170174,-2.0387871111701736
Basis Ridge (tuned),2024-12-01,0.013305392433761935,sha256:bd942a7bcbe33ba673b7fdec9b2ff2b747cb0d530af4522e5d003d78fb3f640b,2025-09-01,St.Andrew-Windfields (40),-79.39807496057622,43.75295000125709,1,0.08131259067442478,0.9186874093255752
Basis Ridge (tuned),2024-12-01,0.013305392433761935,sha256:bd942a7bcbe33ba673b7fdec9b2ff2b747cb0d530af4522e5d003d78fb3f640b,2025-09-01,Steeles (116),-79.32254019689177,43.815065444286134,0,0,0
Basis Ridge (tuned),2024-12-01,0.013305392433761935,sha256:bd942a7bcbe33ba673b7fdec9b2ff2b747cb0d530af4522e5d003d78fb3f640b,2025-09-01,Stonegate-Queensway (16),-79.50687874894817,43.63678476785418,0,0.2041186133427549,-0.2041186133427549
Basis Ridge (tuned),2024-12-01,0.013305392433761935,sha256:bd942a7bcbe33ba673b7fdec9b2ff2b747cb0d530af4522e5d003d78fb3f640b,2025-09-01,Tam O'Shanter-Sullivan (118),-79.29346258821549,43.78211963627784,0,0.07247563717272426,-0.07247563717272426
Basis Ridge (tuned),2024-12-01,0.013305392433761935,sha256:bd942a7bcbe33ba673b7fdec9b2ff2b747cb0d530af4522e5d003d78fb3f640b,2025-09-01,Taylor-Massey (61),-79.29495186057909,43.692458919227406,0,0.28634174492796444,-0.28634174492796444
Basis Ridge (tuned),2024-12-01,0.013305392433761935,sha256:bd942a7bcbe33ba673b7fdec9b2ff2b747cb0d530af4522e5d003d78fb3f640b,2025-09-01,The Beaches (63),-79.30297553719052,43.66875560841342,2,1.1851532675621892,0.8148467324378108
Basis Ridge (tuned),2024-12-01,0.013305392433761935,sha256:bd942a7bcbe33ba673b7fdec9b2ff2b747cb0d530af4522e5d003d78fb3f640b,2025-09-01,Thistletown-Beaumond Heights (3),-79.5659329290065,43.73754827301803,0,0,0
Basis Ridge (tuned),2024-12-01,0.013305392433761935,sha256:bd942a7bcbe33ba673b7fdec9b2ff2b747cb0d530af4522e5d003d78fb3f640b,2025-09-01,Thorncliffe Park (55),-79.35448121100222,43.71036836631147,0,0.26791657693381465,-0.26791657693381465
Basis Ridge (tuned),2024-12-01,0.013305392433761935,sha256:bd942a7bcbe33ba673b7fdec9b2ff2b747cb0d530af4522e5d003d78fb3f640b,2025-09-01,Trinity-Bellwoods (81),-79.41373927922925,43.65087049509186,4,2.0738462535913107,1.9261537464086893
Basis Ridge (tuned),2024-12-01,0.013305392433761935,sha256:bd942a7bcbe33ba673b7fdec9b2ff2b747cb0d530af4522e5d003d78fb3f640b,2025-09-01,University (79),-79.39982104056267,43.66254295263539,14,3.850224066710312,10.149775933289689
Basis Ridge (tuned),2024-12-01,0.013305392433761935,sha256:bd942a7bcbe33ba673b7fdec9b2ff2b747cb0d530af4522e5d003d78fb3f640b,2025-09-01,Victoria Village (43),-79.3128138518101,43.72684844443762,0,0,0
Basis Ridge (tuned),2024-12-01,0.013305392433761935,sha256:bd942a7bcbe33ba673b7fdec9b2ff2b747cb0d530af4522e5d003d78fb3f640b,2025-09-01,Waterfront Communities-The Island (77),-79.38919773860151,43.64473008383375,41,15.444155283207822,25.55584471679218
Basis Ridge (tuned),2024-12-01,0.013305392433761935,sha256:bd942a7bcbe33ba673b7fdec9b2ff2b747cb0d530af4522e5d003d78fb3f640b,2025-09-01,West Hill (136),-79.18284860837016,43.76769079627477,7,0.3653760398573849,6.634623960142615
Basis Ridge (tuned),2024-12-01,0.013305392433761935,sha256:bd942a7bcbe33ba673b7fdec9b2ff2b747cb0d530af4522e5d003d78fb3f640b,2025-09-01,West Humber-Clairville (1),-79.60420741329722,43.73006355433667,1,0.1861548515325739,0.8138451484674261
Basis Ridge (tuned),2024-12-01,0.013305392433761935,sha256:bd942a7bcbe33ba673b7fdec9b2ff2b747cb0d530af4522e5d003d78fb3f640b,2025-09-01,Westminster-Branson (35),-79.44807552904417,43.781743102812335,3,0.170739542790594,2.829260457209406
Basis Ridge (tuned),2024-12-01,0.013305392433761935,sha256:bd942a7bcbe33ba673b7fdec9b2ff2b747cb0d530af4522e5d003d78fb3f640b,2025-09-01,Weston (113),-79.5165855480493,43.702833758307314,0,0.1319989233206097,-0.1319989233206097
Basis Ridge (tuned),2024-12-01,0.013305392433761935,sha256:bd942a7bcbe33ba673b7fdec9b2ff2b747cb0d530af4522e5d003d78fb3f640b,2025-09-01,Weston-Pelham Park (91),-79.45875842314518,43.67071482937652,3,0.04027513713925188,2.959724862860748
Basis Ridge (tuned),2024-12-01,0.013305392433761935,sha256:bd942a7bcbe33ba673b7fdec9b2ff2b747cb0d530af4522e5d003d78fb3f640b,2025-09-01,Wexford/Maryvale (119),-79.30050366891615,43.74264083383781,1,0.2644662183451838,0.7355337816548162
Basis Ridge (tuned),2024-12-01,0.013305392433761935,sha256:bd942a7bcbe33ba673b7fdec9b2ff2b747cb0d530af4522e5d003d78fb3f640b,2025-09-01,Willowdale East (51),-79.410074781475,43.76524478810602,1,1.431343873758124,-0.4313438737581241
Basis Ridge (tuned),2024-12-01,0.013305392433761935,sha256:bd942a7bcbe33ba673b7fdec9b2ff2b747cb0d530af4522e5d003d78fb3f640b,2025-09-01,Willowdale West (37),-79.41563035776022,43.77061463226557,1,0.45971436636287655,0.5402856336371235
Basis Ridge (tuned),2024-12-01,0.013305392433761935,sha256:bd942a7bcbe33ba673b7fdec9b2ff2b747cb0d530af4522e5d003d78fb3f640b,2025-09-01,Willowridge-Martingrove-Richview (7),-79.55960317676033,43.68486812894035,0,0,0
Basis Ridge (tuned),2024-12-01,0.013305392433761935,sha256:bd942a7bcbe33ba673b7fdec9b2ff2b747cb0d530af4522e5d003d78fb3f640b,2025-09-01,Woburn (137),-79.22656387770975,43.76289989874722,2,0.2236770791278527,1.7763229208721474
Basis Ridge (tuned),2024-12-01,0.013305392433761935,sha256:bd942a7bcbe33ba673b7fdec9b2ff2b747cb0d530af4522e5d003d78fb3f640b,2025-09-01,Woodbine Corridor (64),-79.31407054230695,43.67581440173363,0,0.5075338544915742,-0.5075338544915742
Basis Ridge (tuned),2024-12-01,0.013305392433761935,sha256:bd942a7bcbe33ba673b7fdec9b2ff2b747cb0d530af4522e5d003d78fb3f640b,2025-09-01,Woodbine-Lumsden (60),-79.31039264658962,43.69145821847367,0,0,0
Basis Ridge (tuned),2024-12-01,0.013305392433761935,sha256:bd942a7bcbe33ba673b7fdec9b2ff2b747cb0d530af4522e5d003d78fb3f640b,2025-09-01,Wychwood (94),-79.42710542937913,43.6784532168336,2,0.5532743057516812,1.4467256942483186
Basis Ridge (tuned),2024-12-01,0.013305392433761935,sha256:bd942a7bcbe33ba673b7fdec9b2ff2b747cb0d530af4522e5d003d78fb3f640b,2025-09-01,Yonge-Eglinton (100),-79.40102373824469,43.70674080495774,2,0.5731529562506766,1.4268470437493233
Basis Ridge (tuned),2024-12-01,0.013305392433761935,sha256:bd942a7bcbe33ba673b7fdec9b2ff2b747cb0d530af4522e5d003d78fb3f640b,2025-09-01,Yonge-St.Clair (97),-79.39834065134646,43.689263791751046,2,0.44927376172409844,1.5507262382759015
Basis Ridge (tuned),2024-12-01,0.013305392433761935,sha256:bd942a7bcbe33ba673b7fdec9b2ff2b747cb0d530af4522e5d003d78fb3f640b,2025-09-01,York University Heights (27),-79.49891755560928,43.76657476817609,2,0.8955763017040522,1.1044236982959479
Basis Ridge (tuned),2024-12-01,0.013305392433761935,sha256:bd942a7bcbe33ba673b7fdec9b2ff2b747cb0d530af4522e5d003d78fb3f640b,2025-09-01,Yorkdale-Glen Park (31),-79.45130621630454,43.714348256200424,1,0.4914320095272001,0.5085679904727999
Basis Ridge (tuned),2024-12-01,0.013305392433761935,sha256:bd942a7bcbe33ba673b7fdec9b2ff2b747cb0d530af4522e5d003d78fb3f640b,2025-10-01,Agincourt North (129),-79.26928393506104,43.810980375100264,0,0,0
Basis Ridge (tuned),2024-12-01,0.013305392433761935,sha256:bd942a7bcbe33ba673b7fdec9b2ff2b747cb0d530af4522e5d003d78fb3f640b,2025-10-01,Agincourt South-Malvern West (128),-79.28002861084076,43.7889253690791,0,0,0
Basis Ridge (tuned),2024-12-01,0.013305392433761935,sha256:bd942a7bcbe33ba673b7fdec9b2ff2b747cb0d530af4522e5d003d78fb3f640b,2025-10-01,Alderwood (20),-79.54538918515296,43.6065751977772,0,0,0
Basis Ridge (tuned),2024-12-01,0.013305392433761935,sha256:bd942a7bcbe33ba673b7fdec9b2ff2b747cb0d530af4522e5d003d78fb3f640b,2025-10-01,Annex (95),-79.40380913861458,43.670104609767606,6,4.293586745404889,1.7064132545951107
Basis Ridge (tuned),2024-12-01,0.013305392433761935,sha256:bd942a7bcbe33ba673b7fdec9b2ff2b747cb0d530af4522e5d003d78fb3f640b,2025-10-01,Banbury-Don Mills (42),-79.3409210158811,43.73511850435992,1,0,1
Basis Ridge (tuned),2024-12-01,0.013305392433761935,sha256:bd942a7bcbe33ba673b7fdec9b2ff2b747cb0d530af4522e5d003d78fb3f640b,2025-10-01,Bathurst Manor (34),-79.45175843487672,43.75609728872373,0,0,0
Basis Ridge (tuned),2024-12-01,0.013305392433761935,sha256:bd942a7bcbe33ba673b7fdec9b2ff2b747cb0d530af4522e5d003d78fb3f640b,2025-10-01,Bay Street Corridor (76),-79.38436854475557,43.65730879641258,14,10.234718690623055,3.7652813093769453
Basis Ridge (tuned),2024-12-01,0.013305392433761935,sha256:bd942a7bcbe33ba673b7fdec9b2ff2b747cb0d530af4522e5d003d78fb3f640b,2025-10-01,Bayview Village (52),-79.38403601743099,43.769051789694494,0,0.12081696920776112,-0.12081696920776112
Basis Ridge (tuned),2024-12-01,0.013305392433761935,sha256:bd942a7bcbe33ba673b7fdec9b2ff2b747cb0d530af4522e5d003d78fb3f640b,2025-10-01,Bayview Woods-Steeles (49),-79.3743681512798,43.797822785562154,0,0,0
Basis Ridge (tuned),2024-12-01,0.013305392433761935,sha256:bd942a7bcbe33ba673b7fdec9b2ff2b747cb0d530af4522e5d003d78fb3f640b,2025-10-01,Bedford Park-Nortown (39),-79.42125788351791,43.72757981721193,2,0,2
Basis Ridge (tuned),2024-12-01,0.013305392433761935,sha256:bd942a7bcbe33ba673b7fdec9b2ff2b747cb0d530af4522e5d003d78fb3f640b,2025-10-01,Beechborough-Greenbrook (112),-79.4744663865561,43.691508083029944,2,0,2
Basis Ridge (tuned),2024-12-01,0.013305392433761935,sha256:bd942a7bcbe33ba673b7fdec9b2ff2b747cb0d530af4522e5d003d78fb3f640b,2025-10-01,Bendale (127),-79.26046315357324,43.76293076745831,3,0,3
Basis Ridge (tuned),2024-12-01,0.013305392433761935,sha256:bd942a7bcbe33ba673b7fdec9b2ff2b747cb0d530af4522e5d003d78fb3f640b,2025-10-01,Birchcliffe-Cliffside (122),-79.27062357025366,43.69131003372983,1,0.009851254557635233,0.9901487454423648
Basis Ridge (tuned),2024-12-01,0.013305392433761935,sha256:bd942a7bcbe33ba673b7fdec9b2ff2b747cb0d530af4522e5d003d78fb3f640b,2025-10-01,Black Creek (24),-79.51869671361172,43.76523138519309,0,0,0
Basis Ridge (tuned),2024-12-01,0.013305392433761935,sha256:bd942a7bcbe33ba673b7fdec9b2ff2b747cb0d530af4522e5d003d78fb3f640b,2025-10-01,Blake-Jones (69),-79.3394451105104,43.67664416992363,1,0.0936133987522367,0.9063866012477633
Basis Ridge (tuned),2024-12-01,0.013305392433761935,sha256:bd942a7bcbe33ba673b7fdec9b2ff2b747cb0d530af4522e5d003d78fb3f640b,2025-10-01,Briar Hill-Belgravia (108),-79.445578280552,43.699313061287725,0,0,0
Basis Ridge (tuned),2024-12-01,0.013305392433761935,sha256:bd942a7bcbe33ba673b7fdec9b2ff2b747cb0d530af4522e5d003d78fb3f640b,2025-10-01,Bridle Path-Sunnybrook-York Mills (41),-79.38366396163413,43.72516179918022,0,0,0
Basis Ridge (tuned),2024-12-01,0.013305392433761935,sha256:bd942a7bcbe33ba673b7fdec9b2ff2b747cb0d530af4522e5d003d78fb3f640b,2025-10-01,Broadview North (57),-79.35364911130229,43.683932870884654,1,0.02559338646866665,0.9744066135313334
Basis Ridge (tuned),2024-12-01,0.013305392433761935,sha256:bd942a7bcbe33ba673b7fdec9b2ff2b747cb0d530af4522e5d003d78fb3f640b,2025-10-01,Brookhaven-Amesbury (30),-79.49015206607174,43.69942696476651,0,0,0
Basis Ridge (tuned),2024-12-01,0.013305392433761935,sha256:bd942a7bcbe33ba673b7fdec9b2ff2b747cb0d530af4522e5d003d78fb3f640b,2025-10-01,Cabbagetown-South St.James Town (71),-79.36975340775743,43.66521290431659,6,1.5543707612649138,4.445629238735086
Basis Ridge (tuned),2024-12-01,0.013305392433761935,sha256:bd942a7bcbe33ba673b7fdec9b2ff2b747cb0d530af4522e5d003d78fb3f640b,2025-10-01,Caledonia-Fairbank (109),-79.4517849962554,43.690036179158305,0,0,0
Basis Ridge (tuned),2024-12-01,0.013305392433761935,sha256:bd942a7bcbe33ba673b7fdec9b2ff2b747cb0d530af4522e5d003d78fb3f640b,2025-10-01,Casa Loma (96),-79.40864864037756,43.67955392863041,0,0.1341933254087712,-0.1341933254087712
Basis Ridge (tuned),2024-12-01,0.013305392433761935,sha256:bd942a7bcbe33ba673b7fdec9b2ff2b747cb0d530af4522e5d003d78fb3f640b,2025-10-01,Centennial Scarborough (133),-79.15053423026679,43.780757885389185,1,0,1
Basis Ridge (tuned),2024-12-01,0.013305392433761935,sha256:bd942a7bcbe33ba673b7fdec9b2ff2b747cb0d530af4522e5d003d78fb3f640b,2025-10-01,Church-Yonge Corridor (75),-79.37956284727365,43.66018909929288,22,9.68082703660596,12.31917296339404
Basis Ridge (tuned),2024-12-01,0.013305392433761935,sha256:bd942a7bcbe33ba673b7fdec9b2ff2b747cb0d530af4522e5d003d78fb3f640b,2025-10-01,Clairlea-Birchmount (120),-79.28672506823307,43.709414591668256,0,0,0
Basis Ridge (tuned),2024-12-01,0.013305392433761935,sha256:bd942a7bcbe33ba673b7fdec9b2ff2b747cb0d530af4522e5d003d78fb3f640b,2025-10-01,Clanton Park (33),-79.44643447690169,43.74149776462126,2,0,2
Basis Ridge (tuned),2024-12-01,0.013305392433761935,sha256:bd942a7bcbe33ba673b7fdec9b2ff2b747cb0d530af4522e5d003d78fb3f640b,2025-10-01,Cliffcrest (123),-79.23329029919245,43.72191819765982,0,0,0
Basis Ridge (tuned),2024-12-01,0.013305392433761935,sha256:bd942a7bcbe33ba673b7fdec9b2ff2b747cb0d530af4522e5d003d78fb3f640b,2025-10-01,Corso Italia-Davenport (92),-79.4427553703874,43.67658111935704,0,0.02125813151100915,-0.02125813151100915
Basis Ridge (tuned),2024-12-01,0.013305392433761935,sha256:bd942a7bcbe33ba673b7fdec9b2ff2b747cb0d530af4522e5d003d78fb3f640b,2025-10-01,Danforth (66),-79.33065782618279,43.682847803276616,2,0.4003406090336889,1.599659390966311
Basis Ridge (tuned),2024-12-01,0.013305392433761935,sha256:bd942a7bcbe33ba673b7fdec9b2ff2b747cb0d530af4522e5d003d78fb3f640b,2025-10-01,Danforth East York (59),-79.3313092800722,43.69082681262244,0,0,0
Basis Ridge (tuned),2024-12-01,0.013305392433761935,sha256:bd942a7bcbe33ba673b7fdec9b2ff2b747cb0d530af4522e5d003d78fb3f640b,2025-10-01,Don Valley Village (47),-79.35240298959988,43.77988611135725,0,0,0
Basis Ridge (tuned),2024-12-01,0.013305392433761935,sha256:bd942a7bcbe33ba673b7fdec9b2ff2b747cb0d530af4522e5d003d78fb3f640b,2025-10-01,Dorset Park (126),-79.28077525994308,43.75528945083431,0,0,0
Basis Ridge (tuned),2024-12-01,0.013305392433761935,sha256:bd942a7bcbe33ba673b7fdec9b2ff2b747cb0d530af4522e5d003d78fb3f640b,2025-10-01,Dovercourt-Wallace Emerson-Junction (93),-79.43778332382438,43.66463002065643,4,2.775387859780701,1.2246121402192989
Basis Ridge (tuned),2024-12-01,0.013305392433761935,sha256:bd942a7bcbe33ba673b7fdec9b2ff2b747cb0d530af4522e5d003d78fb3f640b,2025-10-01,Downsview-Roding-CFB (26),-79.4835940990325,43.727986861303435,0,0.12745779127947018,-0.12745779127947018
Basis Ridge (tuned),2024-12-01,0.013305392433761935,sha256:bd942a7bcbe33ba673b7fdec9b2ff2b747cb0d530af4522e5d003d78fb3f640b,2025-10-01,Dufferin Grove (83),-79.4370618209781,43.65521640563446,2,1.0207650486601965,0.9792349513398035
Basis Ridge (tuned),2024-12-01,0.013305392433761935,sha256:bd942a7bcbe33ba673b7fdec9b2ff2b747cb0d530af4522e5d003d78fb3f640b,2025-10-01,East End-Danforth (62),-79.30055625233094,43.68572312555001,2,1.0334686243620812,0.9665313756379188
Basis Ridge (tuned),2024-12-01,0.013305392433761935,sha256:bd942a7bcbe33ba673b7fdec9b2ff2b747cb0d530af4522e5d003d78fb3f640b,2025-10-01,Edenbridge-Humber Valley (9),-79.52023309003076,43.66557816852869,0,0,0
Basis Ridge (tuned),2024-12-01,0.013305392433761935,sha256:bd942a7bcbe33ba673b7fdec9b2ff2b747cb0d530af4522e5d003d78fb3f640b,2025-10-01,Eglinton East (138),-79.24473615792672,43.73991827916189,1,0,1
Basis Ridge (tuned),2024-12-01,0.013305392433761935,sha256:bd942a7bcbe33ba673b7fdec9b2ff2b747cb0d530af4522e5d003d78fb3f640b,2025-10-01,Elms-Old Rexdale (5),-79.55208772185198,43.71927285915033,0,0,0
Basis Ridge (tuned),2024-12-01,0.013305392433761935,sha256:bd942a7bcbe33ba673b7fdec9b2ff2b747cb0d530af4522e5d003d78fb3f640b,2025-10-01,Englemount-Lawrence (32),-79.43712596977969,43.7204676607881,0,0.0671015615409473,-0.0671015615409473
Basis Ridge (tuned),2024-12-01,0.013305392433761935,sha256:bd942a7bcbe33ba673b7fdec9b2ff2b747cb0d530af4522e5d003d78fb3f640b,2025-10-01,Eringate-Centennial-West Deane (11),-79.57787073233334,43.65860025717794,0,0,0
Basis Ridge (tuned),2024-12-01,0.013305392433761935,sha256:bd942a7bcbe33ba673b7fdec9b2ff2b747cb0d530af4522e5d003d78fb3f640b,2025-10-01,Etobicoke West Mall (13),-79.5678030787646,43.64190931147644,0,0,0
Basis Ridge (tuned),2024-12-01,0.013305392433761935,sha256:bd942a7bcbe33ba673b7fdec9b2ff2b747cb0d530af4522e5d003d78fb3f640b,2025-10-01,Flemingdon Park (44),-79.33198682919883,43.71530756444098,0,0,0
Basis Ridge (tuned),2024-12-01,0.013305392433761935,sha256:bd942a7bcbe33ba673b7fdec9b2ff2b747cb0d530af4522e5d003d78fb3f640b,2025-10-01,Forest Hill North (102),-79.43346069412912,43.70194436532484,0,0,0
Basis Ridge (tuned),2024-12-01,0.013305392433761935,sha256:bd942a7bcbe33ba673b7fdec9b2ff2b747cb0d530af4522e5d003d78fb3f640b,2025-10-01,Forest Hill South (101),-79.41299883590433,43.6890600119443,0,0.029066503477322495,-0.029066503477322495
Basis Ridge (tuned),2024-12-01,0.013305392433761935,sha256:bd942a7bcbe33ba673b7fdec9b2ff2b747cb0d530af4522e5d003d78fb3f640b,2025-10-01,Glenfield-Jane Heights (25),-79.50908241975385,43.74806287596809,3,0,3
Basis Ridge (tuned),2024-12-01,0.013305392433761935,sha256:bd942a7bcbe33ba673b7fdec9b2ff2b747cb0d530af4522e5d003d78fb3f640b,2025-10-01,Greenwood-Coxwell (65),-79.32392461588157,43.67182578504262,2,0.6518910047204616,1.3481089952795384
Basis Ridge (tuned),2024-12-01,0.013305392433761935,sha256:bd942a7bcbe33ba673b7fdec9b2ff2b747cb0d530af4522e5d003d78fb3f640b,2025-10-01,Guildwood (140),-79.1987335919193,43.747914590059,0,0,0
Basis Ridge (tuned),2024-12-01,0.013305392433761935,sha256:bd942a7bcbe33ba673b7fdec9b2ff2b747cb0d530af4522e5d003d78fb3f640b,2025-10-01,Henry Farm (53),-79.34642185767248,43.76957681680956,0,0,0
Basis Ridge (tuned),2024-12-01,0.013305392433761935,sha256:bd942a7bcbe33ba673b7fdec9b2ff2b747cb0d530af4522e5d003d78fb3f640b,2025-10-01,High Park North (88),-79.4652298180643,43.65722103912335,1,1.2847213796190444,-0.2847213796190444
Basis Ridge (tuned),2024-12-01,0.013305392433761935,sha256:bd942a7bcbe33ba673b7fdec9b2ff2b747cb0d530af4522e5d003d78fb3f640b,2025-10-01,High Park-Swansea (87),-79.4648159122912,43.64453199862067,1,0.5357501379500277,0.4642498620499723
Basis Ridge (tuned),2024-12-01,0.013305392433761935,sha256:bd942a7bcbe33ba673b7fdec9b2ff2b747cb0d530af4522e5d003d78fb3f640b,2025-10-01,Highland Creek (134),-79.18452149622338,43.786273991320705,0,0,0
Basis Ridge (tuned),2024-12-01,0.013305392433761935,sha256:bd942a7bcbe33ba673b7fdec9b2ff2b747cb0d530af4522e5d003d78fb3f640b,2025-10-01,Hillcrest Village (48),-79.35806283641195,43.79960270136573,2,0,2
Basis Ridge (tuned),2024-12-01,0.013305392433761935,sha256:bd942a7bcbe33ba673b7fdec9b2ff2b747cb0d530af4522e5d003d78fb3f640b,2025-10-01,Humber Heights-Westmount (8),-79.51864457298561,43.69564007439048,0,0,0
Basis Ridge (tuned),2024-12-01,0.013305392433761935,sha256:bd942a7bcbe33ba673b7fdec9b2ff2b747cb0d530af4522e5d003d78fb3f640b,2025-10-01,Humber Summit (21),-79.56057763521508,43.75362439798188,0,0,0
Basis Ridge (tuned),2024-12-01,0.013305392433761935,sha256:bd942a7bcbe33ba673b7fdec9b2ff2b747cb0d530af4522e5d003d78fb3f640b,2025-10-01,Humbermede (22),-79.54521679307662,43.74787608113298,0,0,0
Basis Ridge (tuned),2024-12-01,0.013305392433761935,sha256:bd942a7bcbe33ba673b7fdec9b2ff2b747cb0d530af4522e5d003d78fb3f640b,2025-10-01,Humewood-Cedarvale (106),-79.42603840921164,43.68908389632168,2,0.3059670851207142,1.6940329148792859
Basis Ridge (tuned),2024-12-01,0.013305392433761935,sha256:bd942a7bcbe33ba673b7fdec9b2ff2b747cb0d530af4522e5d003d78fb3f640b,2025-10-01,Ionview (125),-79.2682783103958,43.73299077700163,0,0,0
Basis Ridge (tuned),2024-12-01,0.013305392433761935,sha256:bd942a7bcbe33ba673b7fdec9b2ff2b747cb0d530af4522e5d003d78fb3f640b,2025-10-01,Islington-City Centre West (14),-79.53678079261083,43.641361915813675,1,0.45604836844256885,0.5439516315574311
Basis Ridge (tuned),2024-12-01,0.013305392433761935,sha256:bd942a7bcbe33ba673b7fdec9b2ff2b747cb0d530af4522e5d003d78fb3f640b,2025-10-01,Junction Area (90),-79.46892477498491,43.6655394100211,2,0.3761820271773956,1.6238179728226045
Basis Ridge (tuned),2024-12-01,0.013305392433761935,sha256:bd942a7bcbe33ba673b7fdec9b2ff2b747cb0d530af4522e5d003d78fb3f640b,2025-10-01,Keelesdale-Eglinton West (110),-79.47055790633043,43.68391780141048,0,0,0
Basis Ridge (tuned),2024-12-01,0.013305392433761935,sha256:bd942a7bcbe33ba673b7fdec9b2ff2b747cb0d530af4522e5d003d78fb3f640b,2025-10-01,Kennedy Park (124),-79.25874986465229,43.728410786674374,1,0,1
Basis Ridge (tuned),2024-12-01,0.013305392433761935,sha256:bd942a7bcbe33ba673b7fdec9b2ff2b747cb0d530af4522e5d003d78fb3f640b,2025-10-01,Kensington-Chinatown (78),-79.3967980354919,43.65388049459246,9,4.187745708679499,4.812254291320501
Basis Ridge (tuned),2024-12-01,0.013305392433761935,sha256:bd942a7bcbe33ba673b7fdec9b2ff2b747cb0d530af4522e5d003d78fb3f640b,2025-10-01,Kingsview Village-The Westway (6),-79.54911503533694,43.69584358136977,0,0,0
Basis Ridge (tuned),2024-12-01,0.013305392433761935,sha256:bd942a7bcbe33ba673b7fdec9b2ff2b747cb0d530af4522e5d003d78fb3f640b,2025-10-01,Kingsway South (15),-79.51086459422443,43.65032283055947,1,0,1
Basis Ridge (tuned),2024-12-01,0.013305392433761935,sha256:bd942a7bcbe33ba673b7fdec9b2ff2b747cb0d530af4522e5d003d78fb3f640b,2025-10-01,L'Amoreaux (117),-79.3201008921114,43.79636378659849,1,0,1
Basis Ridge (tuned),2024-12-01,0.013305392433761935,sha256:bd942a7bcbe33ba673b7fdec9b2ff2b747cb0d530af4522e5d003d78fb3f640b,2025-10-01,Lambton Baby Point (114),-79.49452130561747,43.65593529844182,0,0,0
Basis Ridge (tuned),2024-12-01,0.013305392433761935,sha256:bd942a7bcbe33ba673b7fdec9b2ff2b747cb0d530af4522e5d003d78fb3f640b,2025-10-01,Lansing-Westgate (38),-79.41222964417364,43.761840287387486,0,0,0
Basis Ridge (tuned),2024-12-01,0.013305392433761935,sha256:bd942a7bcbe33ba673b7fdec9b2ff2b747cb0d530af4522e5d003d78fb3f640b,2025-10-01,Lawrence Park North (105),-79.40643053379212,43.72768097403552,1,0.05442363616253516,0.9455763638374648
Basis Ridge (tuned),2024-12-01,0.013305392433761935,sha256:bd942a7bcbe33ba673b7fdec9b2ff2b747cb0d530af4522e5d003d78fb3f640b,2025-10-01,Lawrence Park South (103),-79.41020212544387,43.72248127246825,1,0.02722307799767039,0.9727769220023296
Basis Ridge (tuned),2024-12-01,0.013305392433761935,sha256:bd942a7bcbe33ba673b7fdec9b2ff2b747cb0d530af4522e5d003d78fb3f640b,2025-10-01,Leaside-Bennington (56),-79.36756549485442,43.70630335329757,1,0.3241297935605815,0.6758702064394184
Basis Ridge (tuned),2024-12-01,0.013305392433761935,sha256:bd942a7bcbe33ba673b7fdec9b2ff2b747cb0d530af4522e5d003d78fb3f640b,2025-10-01,Little Portugal (84),-79.42637552454019,43.64409148964972,3,1.1870088111484076,1.8129911888515924
Basis Ridge (tuned),2024-12-01,0.013305392433761935,sha256:bd942a7bcbe33ba673b7fdec9b2ff2b747cb0d530af4522e5d003d78fb3f640b,2025-10-01,Long Branch (19),-79.53237502113143,43.591006620404656,0,0.08143241399740515,-0.08143241399740515
Basis Ridge (tuned),2024-12-01,0.013305392433761935,sha256:bd942a7bcbe33ba673b7fdec9b2ff2b747cb0d530af4522e5d003d78fb3f640b,2025-10-01,Malvern (132),-79.22095167470565,43.80455499438271,1,0,1
Basis Ridge (tuned),2024-12-01,0.013305392433761935,sha256:bd942a7bcbe33ba673b7fdec9b2ff2b747cb0d530af4522e5d003d78fb3f640b,2025-10-01,Maple Leaf (29),-79.4843756407544,43.718225646439535,0,0,0
Basis Ridge (tuned),2024-12-01,0.013305392433761935,sha256:bd942a7bcbe33ba673b7fdec9b2ff2b747cb0d530af4522e5d003d78fb3f640b,2025-10-01,Markland Wood (12),-79.57650734129277,43.633689780366026,0,0,0
Basis Ridge (tuned),2024-12-01,0.013305392433761935,sha256:bd942a7bcbe33ba673b7fdec9b2ff2b747cb0d530af4522e5d003d78fb3f640b,2025-10-01,Milliken (130),-79.28878321264463,43.82084812422136,0,0,0
Basis Ridge (tuned),2024-12-01,0.013305392433761935,sha256:bd942a7bcbe33ba673b7fdec9b2ff2b747cb0d530af4522e5d003d78fb3f640b,2025-10-01,Mimico (includes Humber Bay Shores) (17),-79.48568571369577,43.62094188018773,3,1.240197506573845,1.759802493426155
Basis Ridge (tuned),2024-12-01,0.013305392433761935,sha256:bd942a7bcbe33ba673b7fdec9b2ff2b747cb0d530af4522e5d003d78fb3f640b,2025-10-01,Morningside (135),-79.20335964084892,43.78544794442794,0,0,0
Basis Ridge (tuned),2024-12-01,0.013305392433761935,sha256:bd942a7bcbe33ba673b7fdec9b2ff2b747cb0d530af4522e5d003d78fb3f640b,2025-10-01,Moss Park (73),-79.36913295325593,43.65425609335975,5,3.7950456894260034,1.2049543105739966
Basis Ridge (tuned),2024-12-01,0.013305392433761935,sha256:bd942a7bcbe33ba673b7fdec9b2ff2b747cb0d530af4522e5d003d78fb3f640b,2025-10-01,Mount Dennis (115),-79.48946593742998,43.68565859464735,0,0,0
Basis Ridge (tuned),2024-12-01,0.013305392433761935,sha256:bd942a7bcbe33ba673b7fdec9b2ff2b747cb0d530af4522e5d003d78fb3f640b,2025-10-01,Mount Olive-Silverstone-Jamestown (2),-79.58577617904946,43.74325917379369,1,0,1
Basis Ridge (tuned),2024-12-01,0.013305392433761935,sha256:bd942a7bcbe33ba673b7fdec9b2ff2b747cb0d530af4522e5d003d78fb3f640b,2025-10-01,Mount Pleasant East (99),-79.38525136980005,43.70699758566823,0,0.2241603038261143,-0.2241603038261143
Basis Ridge (tuned),2024-12-01,0.013305392433761935,sha256:bd942a7bcbe33ba673b7fdec9b2ff2b747cb0d530af4522e5d003d78fb3f640b,2025-10-01,Mount Pleasant West (104),-79.39441924813381,43.705281018271585,1,1.4175673331836691,-0.4175673331836691
Basis Ridge (tuned),2024-12-01,0.013305392433761935,sha256:bd942a7bcbe33ba673b7fdec9b2ff2b747cb0d530af4522e5d003d78fb3f640b,2025-10-01,NSA,NA,NA,1,0.6112774797376753,0.3887225202623247
Basis Ridge (tuned),2024-12-01,0.013305392433761935,sha256:bd942a7bcbe33ba673b7fdec9b2ff2b747cb0d530af4522e5d003d78fb3f640b,2025-10-01,New Toronto (18),-79.50819536860408,43.60067938873378,2,0.06721473464490825,1.9327852653550917
Basis Ridge (tuned),2024-12-01,0.013305392433761935,sha256:bd942a7bcbe33ba673b7fdec9b2ff2b747cb0d530af4522e5d003d78fb3f640b,2025-10-01,Newtonbrook East (50),-79.4155662486542,43.782773804672864,0,0,0
Basis Ridge (tuned),2024-12-01,0.013305392433761935,sha256:bd942a7bcbe33ba673b7fdec9b2ff2b747cb0d530af4522e5d003d78fb3f640b,2025-10-01,Newtonbrook West (36),-79.42082573006313,43.78444945871987,2,0.27825071015120906,1.721749289848791
Basis Ridge (tuned),2024-12-01,0.013305392433761935,sha256:bd942a7bcbe33ba673b7fdec9b2ff2b747cb0d530af4522e5d003d78fb3f640b,2025-10-01,Niagara (82),-79.40825413058062,43.639170480800686,7,4.291217380102169,2.708782619897831
Basis Ridge (tuned),2024-12-01,0.013305392433761935,sha256:bd942a7bcbe33ba673b7fdec9b2ff2b747cb0d530af4522e5d003d78fb3f640b,2025-10-01,North Riverdale (68),-79.34942497640164,43.67320424441098,1,0.5348965819763019,0.46510341802369815
Basis Ridge (tuned),2024-12-01,0.013305392433761935,sha256:bd942a7bcbe33ba673b7fdec9b2ff2b747cb0d530af4522e5d003d78fb3f640b,2025-10-01,North St.James Town (74),-79.37622315570079,43.66924040879271,2,1.3087151940839667,0.6912848059160333
Basis Ridge (tuned),2024-12-01,0.013305392433761935,sha256:bd942a7bcbe33ba673b7fdec9b2ff2b747cb0d530af4522e5d003d78fb3f640b,2025-10-01,O'Connor-Parkview (54),-79.30295705711893,43.707394189060395,0,0,0
Basis Ridge (tuned),2024-12-01,0.013305392433761935,sha256:bd942a7bcbe33ba673b7fdec9b2ff2b747cb0d530af4522e5d003d78fb3f640b,2025-10-01,Oakridge (121),-79.28580476562132,43.69338422103418,3,0,3
Basis Ridge (tuned),2024-12-01,0.013305392433761935,sha256:bd942a7bcbe33ba673b7fdec9b2ff2b747cb0d530af4522e5d003d78fb3f640b,2025-10-01,Oakwood Village (107),-79.43992214652974,43.693163772618576,1,0.03551725718535924,0.9644827428146407
Basis Ridge (tuned),2024-12-01,0.013305392433761935,sha256:bd942a7bcbe33ba673b7fdec9b2ff2b747cb0d530af4522e5d003d78fb3f640b,2025-10-01,Old East York (58),-79.33971322725657,43.69468655917457,0,0,0
Basis Ridge (tuned),2024-12-01,0.013305392433761935,sha256:bd942a7bcbe33ba673b7fdec9b2ff2b747cb0d530af4522e5d003d78fb3f640b,2025-10-01,Palmerston-Little Italy (80),-79.41607073008583,43.65977590713319,2,1.4082935103507122,0.5917064896492878
Basis Ridge (tuned),2024-12-01,0.013305392433761935,sha256:bd942a7bcbe33ba673b7fdec9b2ff2b747cb0d530af4522e5d003d78fb3f640b,2025-10-01,Parkwoods-Donalda (45),-79.32857716506125,43.75401452181123,1,0,1
Basis Ridge (tuned),2024-12-01,0.013305392433761935,sha256:bd942a7bcbe33ba673b7fdec9b2ff2b747cb0d530af4522e5d003d78fb3f640b,2025-10-01,Pelmo Park-Humberlea (23),-79.53452633259599,43.71053804014776,5,0,5
Basis Ridge (tuned),2024-12-01,0.013305392433761935,sha256:bd942a7bcbe33ba673b7fdec9b2ff2b747cb0d530af4522e5d003d78fb3f640b,2025-10-01,Playter Estates-Danforth (67),-79.35537498775473,43.678037843577414,3,0.24342001518576653,2.7565799848142336
Basis Ridge (tuned),2024-12-01,0.013305392433761935,sha256:bd942a7bcbe33ba673b7fdec9b2ff2b747cb0d530af4522e5d003d78fb3f640b,2025-10-01,Pleasant View (46),-79.33169496448295,43.78880674789264,0,0,0
Basis Ridge (tuned),2024-12-01,0.013305392433761935,sha256:bd942a7bcbe33ba673b7fdec9b2ff2b747cb0d530af4522e5d003d78fb3f640b,2025-10-01,Princess-Rosethorn (10),-79.54278218831497,43.6664342839495,0,0,0
Basis Ridge (tuned),2024-12-01,0.013305392433761935,sha256:bd942a7bcbe33ba673b7fdec9b2ff2b747cb0d530af4522e5d003d78fb3f640b,2025-10-01,Regent Park (72),-79.36178286088128,43.65943439853815,2,0.7185085820500127,1.2814914179499874
Basis Ridge (tuned),2024-12-01,0.013305392433761935,sha256:bd942a7bcbe33ba673b7fdec9b2ff2b747cb0d530af4522e5d003d78fb3f640b,2025-10-01,Rexdale-Kipling (4),-79.56943957685264,43.726549256380395,0,0,0
Basis Ridge (tuned),2024-12-01,0.013305392433761935,sha256:bd942a7bcbe33ba673b7fdec9b2ff2b747cb0d530af4522e5d003d78fb3f640b,2025-10-01,Rockcliffe-Smythe (111),-79.49193279998173,43.67234248080122,0,0,0
Basis Ridge (tuned),2024-12-01,0.013305392433761935,sha256:bd942a7bcbe33ba673b7fdec9b2ff2b747cb0d530af4522e5d003d78fb3f640b,2025-10-01,Roncesvalles (86),-79.44277811907274,43.64370439603947,1,0.9345807363154842,0.06541926368451578
Basis Ridge (tuned),2024-12-01,0.013305392433761935,sha256:bd942a7bcbe33ba673b7fdec9b2ff2b747cb0d530af4522e5d003d78fb3f640b,2025-10-01,Rosedale-Moore Park (98),-79.38462305095243,43.67502671420579,3,1.7591961188975882,1.2408038811024118
Basis Ridge (tuned),2024-12-01,0.013305392433761935,sha256:bd942a7bcbe33ba673b7fdec9b2ff2b747cb0d530af4522e5d003d78fb3f640b,2025-10-01,Rouge (131),-79.13309434834144,43.78938806538385,0,0,0
Basis Ridge (tuned),2024-12-01,0.013305392433761935,sha256:bd942a7bcbe33ba673b7fdec9b2ff2b747cb0d530af4522e5d003d78fb3f640b,2025-10-01,Runnymede-Bloor West Village (89),-79.48480851655415,43.65975616827931,1,0.03800193345535771,0.9619980665446423
Basis Ridge (tuned),2024-12-01,0.013305392433761935,sha256:bd942a7bcbe33ba673b7fdec9b2ff2b747cb0d530af4522e5d003d78fb3f640b,2025-10-01,Rustic (28),-79.50024894268427,43.70839284643953,0,0,0
Basis Ridge (tuned),2024-12-01,0.013305392433761935,sha256:bd942a7bcbe33ba673b7fdec9b2ff2b747cb0d530af4522e5d003d78fb3f640b,2025-10-01,Scarborough Village (139),-79.22121647737255,43.74178808353859,0,0,0
Basis Ridge (tuned),2024-12-01,0.013305392433761935,sha256:bd942a7bcbe33ba673b7fdec9b2ff2b747cb0d530af4522e5d003d78fb3f640b,2025-10-01,South Parkdale (85),-79.43087572304012,43.63836538756867,3,1.0651260967292826,1.9348739032707174
Basis Ridge (tuned),2024-12-01,0.013305392433761935,sha256:bd942a7bcbe33ba673b7fdec9b2ff2b747cb0d530af4522e5d003d78fb3f640b,2025-10-01,South Riverdale (70),-79.34033408773206,43.66227352160024,4,3.052612751784889,0.9473872482151111
Basis Ridge (tuned),2024-12-01,0.013305392433761935,sha256:bd942a7bcbe33ba673b7fdec9b2ff2b747cb0d530af4522e5d003d78fb3f640b,2025-10-01,St.Andrew-Windfields (40),-79.39807496057622,43.75295000125709,1,0,1
Basis Ridge (tuned),2024-12-01,0.013305392433761935,sha256:bd942a7bcbe33ba673b7fdec9b2ff2b747cb0d530af4522e5d003d78fb3f640b,2025-10-01,Steeles (116),-79.32254019689177,43.815065444286134,0,0,0
Basis Ridge (tuned),2024-12-01,0.013305392433761935,sha256:bd942a7bcbe33ba673b7fdec9b2ff2b747cb0d530af4522e5d003d78fb3f640b,2025-10-01,Stonegate-Queensway (16),-79.50687874894817,43.63678476785418,3,0,3
Basis Ridge (tuned),2024-12-01,0.013305392433761935,sha256:bd942a7bcbe33ba673b7fdec9b2ff2b747cb0d530af4522e5d003d78fb3f640b,2025-10-01,Tam O'Shanter-Sullivan (118),-79.29346258821549,43.78211963627784,0,0,0
Basis Ridge (tuned),2024-12-01,0.013305392433761935,sha256:bd942a7bcbe33ba673b7fdec9b2ff2b747cb0d530af4522e5d003d78fb3f640b,2025-10-01,Taylor-Massey (61),-79.29495186057909,43.692458919227406,0,0.03458329229504821,-0.03458329229504821
Basis Ridge (tuned),2024-12-01,0.013305392433761935,sha256:bd942a7bcbe33ba673b7fdec9b2ff2b747cb0d530af4522e5d003d78fb3f640b,2025-10-01,The Beaches (63),-79.30297553719052,43.66875560841342,3,0.7574824657893484,2.2425175342106516
Basis Ridge (tuned),2024-12-01,0.013305392433761935,sha256:bd942a7bcbe33ba673b7fdec9b2ff2b747cb0d530af4522e5d003d78fb3f640b,2025-10-01,Thistletown-Beaumond Heights (3),-79.5659329290065,43.73754827301803,0,0,0
Basis Ridge (tuned),2024-12-01,0.013305392433761935,sha256:bd942a7bcbe33ba673b7fdec9b2ff2b747cb0d530af4522e5d003d78fb3f640b,2025-10-01,Thorncliffe Park (55),-79.35448121100222,43.71036836631147,0,0.01976423581986216,-0.01976423581986216
Basis Ridge (tuned),2024-12-01,0.013305392433761935,sha256:bd942a7bcbe33ba673b7fdec9b2ff2b747cb0d530af4522e5d003d78fb3f640b,2025-10-01,Trinity-Bellwoods (81),-79.41373927922925,43.65087049509186,4,1.472243468416231,2.527756531583769
Basis Ridge (tuned),2024-12-01,0.013305392433761935,sha256:bd942a7bcbe33ba673b7fdec9b2ff2b747cb0d530af4522e5d003d78fb3f640b,2025-10-01,University (79),-79.39982104056267,43.66254295263539,4,2.900954628186182,1.0990453718138178
Basis Ridge (tuned),2024-12-01,0.013305392433761935,sha256:bd942a7bcbe33ba673b7fdec9b2ff2b747cb0d530af4522e5d003d78fb3f640b,2025-10-01,Victoria Village (43),-79.3128138518101,43.72684844443762,0,0,0
Basis Ridge (tuned),2024-12-01,0.013305392433761935,sha256:bd942a7bcbe33ba673b7fdec9b2ff2b747cb0d530af4522e5d003d78fb3f640b,2025-10-01,Waterfront Communities-The Island (77),-79.38919773860151,43.64473008383375,28,12.225760867198545,15.774239132801455
Basis Ridge (tuned),2024-12-01,0.013305392433761935,sha256:bd942a7bcbe33ba673b7fdec9b2ff2b747cb0d530af4522e5d003d78fb3f640b,2025-10-01,West Hill (136),-79.18284860837016,43.76769079627477,1,0.09814926251618639,0.9018507374838136
Basis Ridge (tuned),2024-12-01,0.013305392433761935,sha256:bd942a7bcbe33ba673b7fdec9b2ff2b747cb0d530af4522e5d003d78fb3f640b,2025-10-01,West Humber-Clairville (1),-79.60420741329722,43.73006355433667,1,0,1
Basis Ridge (tuned),2024-12-01,0.013305392433761935,sha256:bd942a7bcbe33ba673b7fdec9b2ff2b747cb0d530af4522e5d003d78fb3f640b,2025-10-01,Westminster-Branson (35),-79.44807552904417,43.781743102812335,1,0,1
Basis Ridge (tuned),2024-12-01,0.013305392433761935,sha256:bd942a7bcbe33ba673b7fdec9b2ff2b747cb0d530af4522e5d003d78fb3f640b,2025-10-01,Weston (113),-79.5165855480493,43.702833758307314,0,0,0
Basis Ridge (tuned),2024-12-01,0.013305392433761935,sha256:bd942a7bcbe33ba673b7fdec9b2ff2b747cb0d530af4522e5d003d78fb3f640b,2025-10-01,Weston-Pelham Park (91),-79.45875842314518,43.67071482937652,0,0,0
Basis Ridge (tuned),2024-12-01,0.013305392433761935,sha256:bd942a7bcbe33ba673b7fdec9b2ff2b747cb0d530af4522e5d003d78fb3f640b,2025-10-01,Wexford/Maryvale (119),-79.30050366891615,43.74264083383781,1,0.01698916973629659,0.9830108302637034
Basis Ridge (tuned),2024-12-01,0.013305392433761935,sha256:bd942a7bcbe33ba673b7fdec9b2ff2b747cb0d530af4522e5d003d78fb3f640b,2025-10-01,Willowdale East (51),-79.410074781475,43.76524478810602,3,0.9554894797843482,2.0445105202156517
Basis Ridge (tuned),2024-12-01,0.013305392433761935,sha256:bd942a7bcbe33ba673b7fdec9b2ff2b747cb0d530af4522e5d003d78fb3f640b,2025-10-01,Willowdale West (37),-79.41563035776022,43.77061463226557,1,0.17402401105054444,0.8259759889494556
Basis Ridge (tuned),2024-12-01,0.013305392433761935,sha256:bd942a7bcbe33ba673b7fdec9b2ff2b747cb0d530af4522e5d003d78fb3f640b,2025-10-01,Willowridge-Martingrove-Richview (7),-79.55960317676033,43.68486812894035,0,0,0
Basis Ridge (tuned),2024-12-01,0.013305392433761935,sha256:bd942a7bcbe33ba673b7fdec9b2ff2b747cb0d530af4522e5d003d78fb3f640b,2025-10-01,Woburn (137),-79.22656387770975,43.76289989874722,0,0,0
Basis Ridge (tuned),2024-12-01,0.013305392433761935,sha256:bd942a7bcbe33ba673b7fdec9b2ff2b747cb0d530af4522e5d003d78fb3f640b,2025-10-01,Woodbine Corridor (64),-79.31407054230695,43.67581440173363,2,0.21248443081000912,1.7875155691899909
Basis Ridge (tuned),2024-12-01,0.013305392433761935,sha256:bd942a7bcbe33ba673b7fdec9b2ff2b747cb0d530af4522e5d003d78fb3f640b,2025-10-01,Woodbine-Lumsden (60),-79.31039264658962,43.69145821847367,0,0,0
Basis Ridge (tuned),2024-12-01,0.013305392433761935,sha256:bd942a7bcbe33ba673b7fdec9b2ff2b747cb0d530af4522e5d003d78fb3f640b,2025-10-01,Wychwood (94),-79.42710542937913,43.6784532168336,1,0.24927271576020565,0.7507272842397943
Basis Ridge (tuned),2024-12-01,0.013305392433761935,sha256:bd942a7bcbe33ba673b7fdec9b2ff2b747cb0d530af4522e5d003d78fb3f640b,2025-10-01,Yonge-Eglinton (100),-79.40102373824469,43.70674080495774,1,0.2652607840637691,0.7347392159362309
Basis Ridge (tuned),2024-12-01,0.013305392433761935,sha256:bd942a7bcbe33ba673b7fdec9b2ff2b747cb0d530af4522e5d003d78fb3f640b,2025-10-01,Yonge-St.Clair (97),-79.39834065134646,43.689263791751046,3,0.16562680621494832,2.834373193785052
Basis Ridge (tuned),2024-12-01,0.013305392433761935,sha256:bd942a7bcbe33ba673b7fdec9b2ff2b747cb0d530af4522e5d003d78fb3f640b,2025-10-01,York University Heights (27),-79.49891755560928,43.76657476817609,4,0.5245805236020494,3.4754194763979505
Basis Ridge (tuned),2024-12-01,0.013305392433761935,sha256:bd942a7bcbe33ba673b7fdec9b2ff2b747cb0d530af4522e5d003d78fb3f640b,2025-10-01,Yorkdale-Glen Park (31),-79.45130621630454,43.714348256200424,0,0.19953398444460768,-0.19953398444460768
Basis Ridge (tuned),2024-12-01,0.013305392433761935,sha256:bd942a7bcbe33ba673b7fdec9b2ff2b747cb0d530af4522e5d003d78fb3f640b,2025-11-01,Agincourt North (129),-79.26928393506104,43.810980375100264,0,0,0
Basis Ridge (tuned),2024-12-01,0.013305392433761935,sha256:bd942a7bcbe33ba673b7fdec9b2ff2b747cb0d530af4522e5d003d78fb3f640b,2025-11-01,Agincourt South-Malvern West (128),-79.28002861084076,43.7889253690791,0,0,0
Basis Ridge (tuned),2024-12-01,0.013305392433761935,sha256:bd942a7bcbe33ba673b7fdec9b2ff2b747cb0d530af4522e5d003d78fb3f640b,2025-11-01,Alderwood (20),-79.54538918515296,43.6065751977772,0,0,0
Basis Ridge (tuned),2024-12-01,0.013305392433761935,sha256:bd942a7bcbe33ba673b7fdec9b2ff2b747cb0d530af4522e5d003d78fb3f640b,2025-11-01,Annex (95),-79.40380913861458,43.670104609767606,1,3.1442416872025656,-2.1442416872025656
Basis Ridge (tuned),2024-12-01,0.013305392433761935,sha256:bd942a7bcbe33ba673b7fdec9b2ff2b747cb0d530af4522e5d003d78fb3f640b,2025-11-01,Banbury-Don Mills (42),-79.3409210158811,43.73511850435992,0,0,0
Basis Ridge (tuned),2024-12-01,0.013305392433761935,sha256:bd942a7bcbe33ba673b7fdec9b2ff2b747cb0d530af4522e5d003d78fb3f640b,2025-11-01,Bathurst Manor (34),-79.45175843487672,43.75609728872373,0,0,0
Basis Ridge (tuned),2024-12-01,0.013305392433761935,sha256:bd942a7bcbe33ba673b7fdec9b2ff2b747cb0d530af4522e5d003d78fb3f640b,2025-11-01,Bay Street Corridor (76),-79.38436854475557,43.65730879641258,8,7.795433376451211,0.2045666235487893
Basis Ridge (tuned),2024-12-01,0.013305392433761935,sha256:bd942a7bcbe33ba673b7fdec9b2ff2b747cb0d530af4522e5d003d78fb3f640b,2025-11-01,Bayview Village (52),-79.38403601743099,43.769051789694494,0,0,0
Basis Ridge (tuned),2024-12-01,0.013305392433761935,sha256:bd942a7bcbe33ba673b7fdec9b2ff2b747cb0d530af4522e5d003d78fb3f640b,2025-11-01,Bayview Woods-Steeles (49),-79.3743681512798,43.797822785562154,0,0,0
Basis Ridge (tuned),2024-12-01,0.013305392433761935,sha256:bd942a7bcbe33ba673b7fdec9b2ff2b747cb0d530af4522e5d003d78fb3f640b,2025-11-01,Bedford Park-Nortown (39),-79.42125788351791,43.72757981721193,0,0,0
Basis Ridge (tuned),2024-12-01,0.013305392433761935,sha256:bd942a7bcbe33ba673b7fdec9b2ff2b747cb0d530af4522e5d003d78fb3f640b,2025-11-01,Beechborough-Greenbrook (112),-79.4744663865561,43.691508083029944,0,0,0
Basis Ridge (tuned),2024-12-01,0.013305392433761935,sha256:bd942a7bcbe33ba673b7fdec9b2ff2b747cb0d530af4522e5d003d78fb3f640b,2025-11-01,Bendale (127),-79.26046315357324,43.76293076745831,0,0,0
Basis Ridge (tuned),2024-12-01,0.013305392433761935,sha256:bd942a7bcbe33ba673b7fdec9b2ff2b747cb0d530af4522e5d003d78fb3f640b,2025-11-01,Birchcliffe-Cliffside (122),-79.27062357025366,43.69131003372983,0,0,0
Basis Ridge (tuned),2024-12-01,0.013305392433761935,sha256:bd942a7bcbe33ba673b7fdec9b2ff2b747cb0d530af4522e5d003d78fb3f640b,2025-11-01,Black Creek (24),-79.51869671361172,43.76523138519309,0,0,0
Basis Ridge (tuned),2024-12-01,0.013305392433761935,sha256:bd942a7bcbe33ba673b7fdec9b2ff2b747cb0d530af4522e5d003d78fb3f640b,2025-11-01,Blake-Jones (69),-79.3394451105104,43.67664416992363,0,0,0
Basis Ridge (tuned),2024-12-01,0.013305392433761935,sha256:bd942a7bcbe33ba673b7fdec9b2ff2b747cb0d530af4522e5d003d78fb3f640b,2025-11-01,Briar Hill-Belgravia (108),-79.445578280552,43.699313061287725,0,0,0
Basis Ridge (tuned),2024-12-01,0.013305392433761935,sha256:bd942a7bcbe33ba673b7fdec9b2ff2b747cb0d530af4522e5d003d78fb3f640b,2025-11-01,Bridle Path-Sunnybrook-York Mills (41),-79.38366396163413,43.72516179918022,0,0,0
Basis Ridge (tuned),2024-12-01,0.013305392433761935,sha256:bd942a7bcbe33ba673b7fdec9b2ff2b747cb0d530af4522e5d003d78fb3f640b,2025-11-01,Broadview North (57),-79.35364911130229,43.683932870884654,0,0,0
Basis Ridge (tuned),2024-12-01,0.013305392433761935,sha256:bd942a7bcbe33ba673b7fdec9b2ff2b747cb0d530af4522e5d003d78fb3f640b,2025-11-01,Brookhaven-Amesbury (30),-79.49015206607174,43.69942696476651,0,0,0
Basis Ridge (tuned),2024-12-01,0.013305392433761935,sha256:bd942a7bcbe33ba673b7fdec9b2ff2b747cb0d530af4522e5d003d78fb3f640b,2025-11-01,Cabbagetown-South St.James Town (71),-79.36975340775743,43.66521290431659,1,0.9997650558186381,2.3494418136194017e-4
Basis Ridge (tuned),2024-12-01,0.013305392433761935,sha256:bd942a7bcbe33ba673b7fdec9b2ff2b747cb0d530af4522e5d003d78fb3f640b,2025-11-01,Caledonia-Fairbank (109),-79.4517849962554,43.690036179158305,1,0,1
Basis Ridge (tuned),2024-12-01,0.013305392433761935,sha256:bd942a7bcbe33ba673b7fdec9b2ff2b747cb0d530af4522e5d003d78fb3f640b,2025-11-01,Casa Loma (96),-79.40864864037756,43.67955392863041,0,0,0
Basis Ridge (tuned),2024-12-01,0.013305392433761935,sha256:bd942a7bcbe33ba673b7fdec9b2ff2b747cb0d530af4522e5d003d78fb3f640b,2025-11-01,Centennial Scarborough (133),-79.15053423026679,43.780757885389185,0,0,0
Basis Ridge (tuned),2024-12-01,0.013305392433761935,sha256:bd942a7bcbe33ba673b7fdec9b2ff2b747cb0d530af4522e5d003d78fb3f640b,2025-11-01,Church-Yonge Corridor (75),-79.37956284727365,43.66018909929288,22,7.361802835728736,14.638197164271265
Basis Ridge (tuned),2024-12-01,0.013305392433761935,sha256:bd942a7bcbe33ba673b7fdec9b2ff2b747cb0d530af4522e5d003d78fb3f640b,2025-11-01,Clairlea-Birchmount (120),-79.28672506823307,43.709414591668256,0,0,0
Basis Ridge (tuned),2024-12-01,0.013305392433761935,sha256:bd942a7bcbe33ba673b7fdec9b2ff2b747cb0d530af4522e5d003d78fb3f640b,2025-11-01,Clanton Park (33),-79.44643447690169,43.74149776462126,0,0,0
Basis Ridge (tuned),2024-12-01,0.013305392433761935,sha256:bd942a7bcbe33ba673b7fdec9b2ff2b747cb0d530af4522e5d003d78fb3f640b,2025-11-01,Cliffcrest (123),-79.23329029919245,43.72191819765982,1,0,1
Basis Ridge (tuned),2024-12-01,0.013305392433761935,sha256:bd942a7bcbe33ba673b7fdec9b2ff2b747cb0d530af4522e5d003d78fb3f640b,2025-11-01,Corso Italia-Davenport (92),-79.4427553703874,43.67658111935704,1,0,1
Basis Ridge (tuned),2024-12-01,0.013305392433761935,sha256:bd942a7bcbe33ba673b7fdec9b2ff2b747cb0d530af4522e5d003d78fb3f640b,2025-11-01,Danforth (66),-79.33065782618279,43.682847803276616,1,0.0962982581286036,0.9037017418713964
Basis Ridge (tuned),2024-12-01,0.013305392433761935,sha256:bd942a7bcbe33ba673b7fdec9b2ff2b747cb0d530af4522e5d003d78fb3f640b,2025-11-01,Danforth East York (59),-79.3313092800722,43.69082681262244,0,0,0
Basis Ridge (tuned),2024-12-01,0.013305392433761935,sha256:bd942a7bcbe33ba673b7fdec9b2ff2b747cb0d530af4522e5d003d78fb3f640b,2025-11-01,Don Valley Village (47),-79.35240298959988,43.77988611135725,0,0,0
Basis Ridge (tuned),2024-12-01,0.013305392433761935,sha256:bd942a7bcbe33ba673b7fdec9b2ff2b747cb0d530af4522e5d003d78fb3f640b,2025-11-01,Dorset Park (126),-79.28077525994308,43.75528945083431,0,0,0
Basis Ridge (tuned),2024-12-01,0.013305392433761935,sha256:bd942a7bcbe33ba673b7fdec9b2ff2b747cb0d530af4522e5d003d78fb3f640b,2025-11-01,Dovercourt-Wallace Emerson-Junction (93),-79.43778332382438,43.66463002065643,1,1.9556745749832678,-0.9556745749832678
Basis Ridge (tuned),2024-12-01,0.013305392433761935,sha256:bd942a7bcbe33ba673b7fdec9b2ff2b747cb0d530af4522e5d003d78fb3f640b,2025-11-01,Downsview-Roding-CFB (26),-79.4835940990325,43.727986861303435,0,0,0
Basis Ridge (tuned),2024-12-01,0.013305392433761935,sha256:bd942a7bcbe33ba673b7fdec9b2ff2b747cb0d530af4522e5d003d78fb3f640b,2025-11-01,Dufferin Grove (83),-79.4370618209781,43.65521640563446,2,0.5820159671453476,1.4179840328546525
Basis Ridge (tuned),2024-12-01,0.013305392433761935,sha256:bd942a7bcbe33ba673b7fdec9b2ff2b747cb0d530af4522e5d003d78fb3f640b,2025-11-01,East End-Danforth (62),-79.30055625233094,43.68572312555001,2,0.5919613388814366,1.4080386611185634
Basis Ridge (tuned),2024-12-01,0.013305392433761935,sha256:bd942a7bcbe33ba673b7fdec9b2ff2b747cb0d530af4522e5d003d78fb3f640b,2025-11-01,Edenbridge-Humber Valley (9),-79.52023309003076,43.66557816852869,0,0,0
Basis Ridge (tuned),2024-12-01,0.013305392433761935,sha256:bd942a7bcbe33ba673b7fdec9b2ff2b747cb0d530af4522e5d003d78fb3f640b,2025-11-01,Eglinton East (138),-79.24473615792672,43.73991827916189,1,0,1
Basis Ridge (tuned),2024-12-01,0.013305392433761935,sha256:bd942a7bcbe33ba673b7fdec9b2ff2b747cb0d530af4522e5d003d78fb3f640b,2025-11-01,Elms-Old Rexdale (5),-79.55208772185198,43.71927285915033,1,0,1
Basis Ridge (tuned),2024-12-01,0.013305392433761935,sha256:bd942a7bcbe33ba673b7fdec9b2ff2b747cb0d530af4522e5d003d78fb3f640b,2025-11-01,Englemount-Lawrence (32),-79.43712596977969,43.7204676607881,0,0,0
Basis Ridge (tuned),2024-12-01,0.013305392433761935,sha256:bd942a7bcbe33ba673b7fdec9b2ff2b747cb0d530af4522e5d003d78fb3f640b,2025-11-01,Eringate-Centennial-West Deane (11),-79.57787073233334,43.65860025717794,0,0,0
Basis Ridge (tuned),2024-12-01,0.013305392433761935,sha256:bd942a7bcbe33ba673b7fdec9b2ff2b747cb0d530af4522e5d003d78fb3f640b,2025-11-01,Etobicoke West Mall (13),-79.5678030787646,43.64190931147644,2,0,2
Basis Ridge (tuned),2024-12-01,0.013305392433761935,sha256:bd942a7bcbe33ba673b7fdec9b2ff2b747cb0d530af4522e5d003d78fb3f640b,2025-11-01,Flemingdon Park (44),-79.33198682919883,43.71530756444098,0,0,0
Basis Ridge (tuned),2024-12-01,0.013305392433761935,sha256:bd942a7bcbe33ba673b7fdec9b2ff2b747cb0d530af4522e5d003d78fb3f640b,2025-11-01,Forest Hill North (102),-79.43346069412912,43.70194436532484,0,0,0
Basis Ridge (tuned),2024-12-01,0.013305392433761935,sha256:bd942a7bcbe33ba673b7fdec9b2ff2b747cb0d530af4522e5d003d78fb3f640b,2025-11-01,Forest Hill South (101),-79.41299883590433,43.6890600119443,1,0,1
Basis Ridge (tuned),2024-12-01,0.013305392433761935,sha256:bd942a7bcbe33ba673b7fdec9b2ff2b747cb0d530af4522e5d003d78fb3f640b,2025-11-01,Glenfield-Jane Heights (25),-79.50908241975385,43.74806287596809,0,0,0
Basis Ridge (tuned),2024-12-01,0.013305392433761935,sha256:bd942a7bcbe33ba673b7fdec9b2ff2b747cb0d530af4522e5d003d78fb3f640b,2025-11-01,Greenwood-Coxwell (65),-79.32392461588157,43.67182578504262,1,0.2932319604321232,0.7067680395678768
Basis Ridge (tuned),2024-12-01,0.013305392433761935,sha256:bd942a7bcbe33ba673b7fdec9b2ff2b747cb0d530af4522e5d003d78fb3f640b,2025-11-01,Guildwood (140),-79.1987335919193,43.747914590059,0,0,0
Basis Ridge (tuned),2024-12-01,0.013305392433761935,sha256:bd942a7bcbe33ba673b7fdec9b2ff2b747cb0d530af4522e5d003d78fb3f640b,2025-11-01,Henry Farm (53),-79.34642185767248,43.76957681680956,0,0,0
Basis Ridge (tuned),2024-12-01,0.013305392433761935,sha256:bd942a7bcbe33ba673b7fdec9b2ff2b747cb0d530af4522e5d003d78fb3f640b,2025-11-01,High Park North (88),-79.4652298180643,43.65722103912335,0,0.788662024529834,-0.788662024529834
Basis Ridge (tuned),2024-12-01,0.013305392433761935,sha256:bd942a7bcbe33ba673b7fdec9b2ff2b747cb0d530af4522e5d003d78fb3f640b,2025-11-01,High Park-Swansea (87),-79.4648159122912,43.64453199862067,3,0.20230763165340285,2.7976923683465973
Basis Ridge (tuned),2024-12-01,0.013305392433761935,sha256:bd942a7bcbe33ba673b7fdec9b2ff2b747cb0d530af4522e5d003d78fb3f640b,2025-11-01,Highland Creek (134),-79.18452149622338,43.786273991320705,1,0,1
Basis Ridge (tuned),2024-12-01,0.013305392433761935,sha256:bd942a7bcbe33ba673b7fdec9b2ff2b747cb0d530af4522e5d003d78fb3f640b,2025-11-01,Hillcrest Village (48),-79.35806283641195,43.79960270136573,0,0,0
Basis Ridge (tuned),2024-12-01,0.013305392433761935,sha256:bd942a7bcbe33ba673b7fdec9b2ff2b747cb0d530af4522e5d003d78fb3f640b,2025-11-01,Humber Heights-Westmount (8),-79.51864457298561,43.69564007439048,0,0,0
Basis Ridge (tuned),2024-12-01,0.013305392433761935,sha256:bd942a7bcbe33ba673b7fdec9b2ff2b747cb0d530af4522e5d003d78fb3f640b,2025-11-01,Humber Summit (21),-79.56057763521508,43.75362439798188,0,0,0
Basis Ridge (tuned),2024-12-01,0.013305392433761935,sha256:bd942a7bcbe33ba673b7fdec9b2ff2b747cb0d530af4522e5d003d78fb3f640b,2025-11-01,Humbermede (22),-79.54521679307662,43.74787608113298,0,0,0
Basis Ridge (tuned),2024-12-01,0.013305392433761935,sha256:bd942a7bcbe33ba673b7fdec9b2ff2b747cb0d530af4522e5d003d78fb3f640b,2025-11-01,Humewood-Cedarvale (106),-79.42603840921164,43.68908389632168,0,0.022415140541485752,-0.022415140541485752
Basis Ridge (tuned),2024-12-01,0.013305392433761935,sha256:bd942a7bcbe33ba673b7fdec9b2ff2b747cb0d530af4522e5d003d78fb3f640b,2025-11-01,Ionview (125),-79.2682783103958,43.73299077700163,0,0,0
Basis Ridge (tuned),2024-12-01,0.013305392433761935,sha256:bd942a7bcbe33ba673b7fdec9b2ff2b747cb0d530af4522e5d003d78fb3f640b,2025-11-01,Islington-City Centre West (14),-79.53678079261083,43.641361915813675,0,0.1399107329866641,-0.1399107329866641
Basis Ridge (tuned),2024-12-01,0.013305392433761935,sha256:bd942a7bcbe33ba673b7fdec9b2ff2b747cb0d530af4522e5d003d78fb3f640b,2025-11-01,Junction Area (90),-79.46892477498491,43.6655394100211,0,0.07738499442900418,-0.07738499442900418
Basis Ridge (tuned),2024-12-01,0.013305392433761935,sha256:bd942a7bcbe33ba673b7fdec9b2ff2b747cb0d530af4522e5d003d78fb3f640b,2025-11-01,Keelesdale-Eglinton West (110),-79.47055790633043,43.68391780141048,0,0,0
Basis Ridge (tuned),2024-12-01,0.013305392433761935,sha256:bd942a7bcbe33ba673b7fdec9b2ff2b747cb0d530af4522e5d003d78fb3f640b,2025-11-01,Kennedy Park (124),-79.25874986465229,43.728410786674374,0,0,0
Basis Ridge (tuned),2024-12-01,0.013305392433761935,sha256:bd942a7bcbe33ba673b7fdec9b2ff2b747cb0d530af4522e5d003d78fb3f640b,2025-11-01,Kensington-Chinatown (78),-79.3967980354919,43.65388049459246,3,3.0613808864430707,-0.061380886443070715
Basis Ridge (tuned),2024-12-01,0.013305392433761935,sha256:bd942a7bcbe33ba673b7fdec9b2ff2b747cb0d530af4522e5d003d78fb3f640b,2025-11-01,Kingsview Village-The Westway (6),-79.54911503533694,43.69584358136977,0,0,0
Basis Ridge (tuned),2024-12-01,0.013305392433761935,sha256:bd942a7bcbe33ba673b7fdec9b2ff2b747cb0d530af4522e5d003d78fb3f640b,2025-11-01,Kingsway South (15),-79.51086459422443,43.65032283055947,0,0,0
Basis Ridge (tuned),2024-12-01,0.013305392433761935,sha256:bd942a7bcbe33ba673b7fdec9b2ff2b747cb0d530af4522e5d003d78fb3f640b,2025-11-01,L'Amoreaux (117),-79.3201008921114,43.79636378659849,0,0,0
Basis Ridge (tuned),2024-12-01,0.013305392433761935,sha256:bd942a7bcbe33ba673b7fdec9b2ff2b747cb0d530af4522e5d003d78fb3f640b,2025-11-01,Lambton Baby Point (114),-79.49452130561747,43.65593529844182,0,0,0
Basis Ridge (tuned),2024-12-01,0.013305392433761935,sha256:bd942a7bcbe33ba673b7fdec9b2ff2b747cb0d530af4522e5d003d78fb3f640b,2025-11-01,Lansing-Westgate (38),-79.41222964417364,43.761840287387486,0,0,0
Basis Ridge (tuned),2024-12-01,0.013305392433761935,sha256:bd942a7bcbe33ba673b7fdec9b2ff2b747cb0d530af4522e5d003d78fb3f640b,2025-11-01,Lawrence Park North (105),-79.40643053379212,43.72768097403552,0,0,0
Basis Ridge (tuned),2024-12-01,0.013305392433761935,sha256:bd942a7bcbe33ba673b7fdec9b2ff2b747cb0d530af4522e5d003d78fb3f640b,2025-11-01,Lawrence Park South (103),-79.41020212544387,43.72248127246825,1,0,1
Basis Ridge (tuned),2024-12-01,0.013305392433761935,sha256:bd942a7bcbe33ba673b7fdec9b2ff2b747cb0d530af4522e5d003d78fb3f640b,2025-11-01,Leaside-Bennington (56),-79.36756549485442,43.70630335329757,0,0.03663435656441074,-0.03663435656441074
Basis Ridge (tuned),2024-12-01,0.013305392433761935,sha256:bd942a7bcbe33ba673b7fdec9b2ff2b747cb0d530af4522e5d003d78fb3f640b,2025-11-01,Little Portugal (84),-79.42637552454019,43.64409148964972,1,0.7121648366881193,0.28783516331188075
Basis Ridge (tuned),2024-12-01,0.013305392433761935,sha256:bd942a7bcbe33ba673b7fdec9b2ff2b747cb0d530af4522e5d003d78fb3f640b,2025-11-01,Long Branch (19),-79.53237502113143,43.591006620404656,0,0,0
Basis Ridge (tuned),2024-12-01,0.013305392433761935,sha256:bd942a7bcbe33ba673b7fdec9b2ff2b747cb0d530af4522e5d003d78fb3f640b,2025-11-01,Malvern (132),-79.22095167470565,43.80455499438271,0,0,0
Basis Ridge (tuned),2024-12-01,0.013305392433761935,sha256:bd942a7bcbe33ba673b7fdec9b2ff2b747cb0d530af4522e5d003d78fb3f640b,2025-11-01,Maple Leaf (29),-79.4843756407544,43.718225646439535,0,0,0
Basis Ridge (tuned),2024-12-01,0.013305392433761935,sha256:bd942a7bcbe33ba673b7fdec9b2ff2b747cb0d530af4522e5d003d78fb3f640b,2025-11-01,Markland Wood (12),-79.57650734129277,43.633689780366026,0,0,0
Basis Ridge (tuned),2024-12-01,0.013305392433761935,sha256:bd942a7bcbe33ba673b7fdec9b2ff2b747cb0d530af4522e5d003d78fb3f640b,2025-11-01,Milliken (130),-79.28878321264463,43.82084812422136,0,0,0
Basis Ridge (tuned),2024-12-01,0.013305392433761935,sha256:bd942a7bcbe33ba673b7fdec9b2ff2b747cb0d530af4522e5d003d78fb3f640b,2025-11-01,Mimico (includes Humber Bay Shores) (17),-79.48568571369577,43.62094188018773,0,0.753805187450551,-0.753805187450551
Basis Ridge (tuned),2024-12-01,0.013305392433761935,sha256:bd942a7bcbe33ba673b7fdec9b2ff2b747cb0d530af4522e5d003d78fb3f640b,2025-11-01,Morningside (135),-79.20335964084892,43.78544794442794,0,0,0
Basis Ridge (tuned),2024-12-01,0.013305392433761935,sha256:bd942a7bcbe33ba673b7fdec9b2ff2b747cb0d530af4522e5d003d78fb3f640b,2025-11-01,Moss Park (73),-79.36913295325593,43.65425609335975,1,2.7539440069457637,-1.7539440069457637
Basis Ridge (tuned),2024-12-01,0.013305392433761935,sha256:bd942a7bcbe33ba673b7fdec9b2ff2b747cb0d530af4522e5d003d78fb3f640b,2025-11-01,Mount Dennis (115),-79.48946593742998,43.68565859464735,0,0,0
Basis Ridge (tuned),2024-12-01,0.013305392433761935,sha256:bd942a7bcbe33ba673b7fdec9b2ff2b747cb0d530af4522e5d003d78fb3f640b,2025-11-01,Mount Olive-Silverstone-Jamestown (2),-79.58577617904946,43.74325917379369,0,0,0
Basis Ridge (tuned),2024-12-01,0.013305392433761935,sha256:bd942a7bcbe33ba673b7fdec9b2ff2b747cb0d530af4522e5d003d78fb3f640b,2025-11-01,Mount Pleasant East (99),-79.38525136980005,43.70699758566823,0,0,0
Basis Ridge (tuned),2024-12-01,0.013305392433761935,sha256:bd942a7bcbe33ba673b7fdec9b2ff2b747cb0d530af4522e5d003d78fb3f640b,2025-11-01,Mount Pleasant West (104),-79.39441924813381,43.705281018271585,1,0.8926644269116588,0.10733557308834119
Basis Ridge (tuned),2024-12-01,0.013305392433761935,sha256:bd942a7bcbe33ba673b7fdec9b2ff2b747cb0d530af4522e5d003d78fb3f640b,2025-11-01,NSA,NA,NA,5,0.26143645553291495,4.738563544467085
Basis Ridge (tuned),2024-12-01,0.013305392433761935,sha256:bd942a7bcbe33ba673b7fdec9b2ff2b747cb0d530af4522e5d003d78fb3f640b,2025-11-01,New Toronto (18),-79.50819536860408,43.60067938873378,0,0,0
Basis Ridge (tuned),2024-12-01,0.013305392433761935,sha256:bd942a7bcbe33ba673b7fdec9b2ff2b747cb0d530af4522e5d003d78fb3f640b,2025-11-01,Newtonbrook East (50),-79.4155662486542,43.782773804672864,0,0,0
Basis Ridge (tuned),2024-12-01,0.013305392433761935,sha256:bd942a7bcbe33ba673b7fdec9b2ff2b747cb0d530af4522e5d003d78fb3f640b,2025-11-01,Newtonbrook West (36),-79.42082573006313,43.78444945871987,1,7.165527802727701e-4,0.9992834472197273
Basis Ridge (tuned),2024-12-01,0.013305392433761935,sha256:bd942a7bcbe33ba673b7fdec9b2ff2b747cb0d530af4522e5d003d78fb3f640b,2025-11-01,Niagara (82),-79.40825413058062,43.639170480800686,1,3.142386759167569,-2.142386759167569
Basis Ridge (tuned),2024-12-01,0.013305392433761935,sha256:bd942a7bcbe33ba673b7fdec9b2ff2b747cb0d530af4522e5d003d78fb3f640b,2025-11-01,North Riverdale (68),-79.34942497640164,43.67320424441098,0,0.20163939999520897,-0.20163939999520897
Basis Ridge (tuned),2024-12-01,0.013305392433761935,sha256:bd942a7bcbe33ba673b7fdec9b2ff2b747cb0d530af4522e5d003d78fb3f640b,2025-11-01,North St.James Town (74),-79.37622315570079,43.66924040879271,2,0.8074462951808916,1.1925537048191084
Basis Ridge (tuned),2024-12-01,0.013305392433761935,sha256:bd942a7bcbe33ba673b7fdec9b2ff2b747cb0d530af4522e5d003d78fb3f640b,2025-11-01,O'Connor-Parkview (54),-79.30295705711893,43.707394189060395,0,0,0
Basis Ridge (tuned),2024-12-01,0.013305392433761935,sha256:bd942a7bcbe33ba673b7fdec9b2ff2b747cb0d530af4522e5d003d78fb3f640b,2025-11-01,Oakridge (121),-79.28580476562132,43.69338422103418,0,0,0
Basis Ridge (tuned),2024-12-01,0.013305392433761935,sha256:bd942a7bcbe33ba673b7fdec9b2ff2b747cb0d530af4522e5d003d78fb3f640b,2025-11-01,Oakwood Village (107),-79.43992214652974,43.693163772618576,0,0,0
Basis Ridge (tuned),2024-12-01,0.013305392433761935,sha256:bd942a7bcbe33ba673b7fdec9b2ff2b747cb0d530af4522e5d003d78fb3f640b,2025-11-01,Old East York (58),-79.33971322725657,43.69468655917457,0,0,0
Basis Ridge (tuned),2024-12-01,0.013305392433761935,sha256:bd942a7bcbe33ba673b7fdec9b2ff2b747cb0d530af4522e5d003d78fb3f640b,2025-11-01,Palmerston-Little Italy (80),-79.41607073008583,43.65977590713319,1,0.8854041391271177,0.11459586087288232
Basis Ridge (tuned),2024-12-01,0.013305392433761935,sha256:bd942a7bcbe33ba673b7fdec9b2ff2b747cb0d530af4522e5d003d78fb3f640b,2025-11-01,Parkwoods-Donalda (45),-79.32857716506125,43.75401452181123,0,0,0
Basis Ridge (tuned),2024-12-01,0.013305392433761935,sha256:bd942a7bcbe33ba673b7fdec9b2ff2b747cb0d530af4522e5d003d78fb3f640b,2025-11-01,Pelmo Park-Humberlea (23),-79.53452633259599,43.71053804014776,0,0,0
Basis Ridge (tuned),2024-12-01,0.013305392433761935,sha256:bd942a7bcbe33ba673b7fdec9b2ff2b747cb0d530af4522e5d003d78fb3f640b,2025-11-01,Playter Estates-Danforth (67),-79.35537498775473,43.678037843577414,1,0,1
Basis Ridge (tuned),2024-12-01,0.013305392433761935,sha256:bd942a7bcbe33ba673b7fdec9b2ff2b747cb0d530af4522e5d003d78fb3f640b,2025-11-01,Pleasant View (46),-79.33169496448295,43.78880674789264,0,0,0
Basis Ridge (tuned),2024-12-01,0.013305392433761935,sha256:bd942a7bcbe33ba673b7fdec9b2ff2b747cb0d530af4522e5d003d78fb3f640b,2025-11-01,Princess-Rosethorn (10),-79.54278218831497,43.6664342839495,0,0,0
Basis Ridge (tuned),2024-12-01,0.013305392433761935,sha256:bd942a7bcbe33ba673b7fdec9b2ff2b747cb0d530af4522e5d003d78fb3f640b,2025-11-01,Regent Park (72),-79.36178286088128,43.65943439853815,1,0.34538551044416727,0.6546144895558328
Basis Ridge (tuned),2024-12-01,0.013305392433761935,sha256:bd942a7bcbe33ba673b7fdec9b2ff2b747cb0d530af4522e5d003d78fb3f640b,2025-11-01,Rexdale-Kipling (4),-79.56943957685264,43.726549256380395,0,0,0
Basis Ridge (tuned),2024-12-01,0.013305392433761935,sha256:bd942a7bcbe33ba673b7fdec9b2ff2b747cb0d530af4522e5d003d78fb3f640b,2025-11-01,Rockcliffe-Smythe (111),-79.49193279998173,43.67234248080122,0,0,0
Basis Ridge (tuned),2024-12-01,0.013305392433761935,sha256:bd942a7bcbe33ba673b7fdec9b2ff2b747cb0d530af4522e5d003d78fb3f640b,2025-11-01,Roncesvalles (86),-79.44277811907274,43.64370439603947,0,0.5145440171840319,-0.5145440171840319
Basis Ridge (tuned),2024-12-01,0.013305392433761935,sha256:bd942a7bcbe33ba673b7fdec9b2ff2b747cb0d530af4522e5d003d78fb3f640b,2025-11-01,Rosedale-Moore Park (98),-79.38462305095243,43.67502671420579,1,1.1601186736061135,-0.16011867360611354
Basis Ridge (tuned),2024-12-01,0.013305392433761935,sha256:bd942a7bcbe33ba673b7fdec9b2ff2b747cb0d530af4522e5d003d78fb3f640b,2025-11-01,Rouge (131),-79.13309434834144,43.78938806538385,0,0,0
Basis Ridge (tuned),2024-12-01,0.013305392433761935,sha256:bd942a7bcbe33ba673b7fdec9b2ff2b747cb0d530af4522e5d003d78fb3f640b,2025-11-01,Runnymede-Bloor West Village (89),-79.48480851655415,43.65975616827931,0,0,0
Basis Ridge (tuned),2024-12-01,0.013305392433761935,sha256:bd942a7bcbe33ba673b7fdec9b2ff2b747cb0d530af4522e5d003d78fb3f640b,2025-11-01,Rustic (28),-79.50024894268427,43.70839284643953,1,0,1
Basis Ridge (tuned),2024-12-01,0.013305392433761935,sha256:bd942a7bcbe33ba673b7fdec9b2ff2b747cb0d530af4522e5d003d78fb3f640b,2025-11-01,Scarborough Village (139),-79.22121647737255,43.74178808353859,0,0,0
Basis Ridge (tuned),2024-12-01,0.013305392433761935,sha256:bd942a7bcbe33ba673b7fdec9b2ff2b747cb0d530af4522e5d003d78fb3f640b,2025-11-01,South Parkdale (85),-79.43087572304012,43.63836538756867,3,0.6167453318535936,2.3832546681464066
Basis Ridge (tuned),2024-12-01,0.013305392433761935,sha256:bd942a7bcbe33ba673b7fdec9b2ff2b747cb0d530af4522e5d003d78fb3f640b,2025-11-01,South Riverdale (70),-79.34033408773206,43.66227352160024,0,2.172708319669002,-2.172708319669002
Basis Ridge (tuned),2024-12-01,0.013305392433761935,sha256:bd942a7bcbe33ba673b7fdec9b2ff2b747cb0d530af4522e5d003d78fb3f640b,2025-11-01,St.Andrew-Windfields (40),-79.39807496057622,43.75295000125709,0,0,0
Basis Ridge (tuned),2024-12-01,0.013305392433761935,sha256:bd942a7bcbe33ba673b7fdec9b2ff2b747cb0d530af4522e5d003d78fb3f640b,2025-11-01,Steeles (116),-79.32254019689177,43.815065444286134,0,0,0
Basis Ridge (tuned),2024-12-01,0.013305392433761935,sha256:bd942a7bcbe33ba673b7fdec9b2ff2b747cb0d530af4522e5d003d78fb3f640b,2025-11-01,Stonegate-Queensway (16),-79.50687874894817,43.63678476785418,0,0,0
Basis Ridge (tuned),2024-12-01,0.013305392433761935,sha256:bd942a7bcbe33ba673b7fdec9b2ff2b747cb0d530af4522e5d003d78fb3f640b,2025-11-01,Tam O'Shanter-Sullivan (118),-79.29346258821549,43.78211963627784,0,0,0
Basis Ridge (tuned),2024-12-01,0.013305392433761935,sha256:bd942a7bcbe33ba673b7fdec9b2ff2b747cb0d530af4522e5d003d78fb3f640b,2025-11-01,Taylor-Massey (61),-79.29495186057909,43.692458919227406,0,0,0
Basis Ridge (tuned),2024-12-01,0.013305392433761935,sha256:bd942a7bcbe33ba673b7fdec9b2ff2b747cb0d530af4522e5d003d78fb3f640b,2025-11-01,The Beaches (63),-79.30297553719052,43.66875560841342,0,0.37589737347256597,-0.37589737347256597
Basis Ridge (tuned),2024-12-01,0.013305392433761935,sha256:bd942a7bcbe33ba673b7fdec9b2ff2b747cb0d530af4522e5d003d78fb3f640b,2025-11-01,Thistletown-Beaumond Heights (3),-79.5659329290065,43.73754827301803,0,0,0
Basis Ridge (tuned),2024-12-01,0.013305392433761935,sha256:bd942a7bcbe33ba673b7fdec9b2ff2b747cb0d530af4522e5d003d78fb3f640b,2025-11-01,Thorncliffe Park (55),-79.35448121100222,43.71036836631147,0,0,0
Basis Ridge (tuned),2024-12-01,0.013305392433761935,sha256:bd942a7bcbe33ba673b7fdec9b2ff2b747cb0d530af4522e5d003d78fb3f640b,2025-11-01,Trinity-Bellwoods (81),-79.41373927922925,43.65087049509186,0,0.9354692641276735,-0.9354692641276735
Basis Ridge (tuned),2024-12-01,0.013305392433761935,sha256:bd942a7bcbe33ba673b7fdec9b2ff2b747cb0d530af4522e5d003d78fb3f640b,2025-11-01,University (79),-79.39982104056267,43.66254295263539,4,2.0539782509559004,1.9460217490440996
Basis Ridge (tuned),2024-12-01,0.013305392433761935,sha256:bd942a7bcbe33ba673b7fdec9b2ff2b747cb0d530af4522e5d003d78fb3f640b,2025-11-01,Victoria Village (43),-79.3128138518101,43.72684844443762,0,0,0
Basis Ridge (tuned),2024-12-01,0.013305392433761935,sha256:bd942a7bcbe33ba673b7fdec9b2ff2b747cb0d530af4522e5d003d78fb3f640b,2025-11-01,Waterfront Communities-The Island (77),-79.38919773860151,43.64473008383375,9,9.354179909943891,-0.35417990994389115
Basis Ridge (tuned),2024-12-01,0.013305392433761935,sha256:bd942a7bcbe33ba673b7fdec9b2ff2b747cb0d530af4522e5d003d78fb3f640b,2025-11-01,West Hill (136),-79.18284860837016,43.76769079627477,0,0,0
Basis Ridge (tuned),2024-12-01,0.013305392433761935,sha256:bd942a7bcbe33ba673b7fdec9b2ff2b747cb0d530af4522e5d003d78fb3f640b,2025-11-01,West Humber-Clairville (1),-79.60420741329722,43.73006355433667,0,0,0
Basis Ridge (tuned),2024-12-01,0.013305392433761935,sha256:bd942a7bcbe33ba673b7fdec9b2ff2b747cb0d530af4522e5d003d78fb3f640b,2025-11-01,Westminster-Branson (35),-79.44807552904417,43.781743102812335,0,0,0
Basis Ridge (tuned),2024-12-01,0.013305392433761935,sha256:bd942a7bcbe33ba673b7fdec9b2ff2b747cb0d530af4522e5d003d78fb3f640b,2025-11-01,Weston (113),-79.5165855480493,43.702833758307314,0,0,0
Basis Ridge (tuned),2024-12-01,0.013305392433761935,sha256:bd942a7bcbe33ba673b7fdec9b2ff2b747cb0d530af4522e5d003d78fb3f640b,2025-11-01,Weston-Pelham Park (91),-79.45875842314518,43.67071482937652,0,0,0
Basis Ridge (tuned),2024-12-01,0.013305392433761935,sha256:bd942a7bcbe33ba673b7fdec9b2ff2b747cb0d530af4522e5d003d78fb3f640b,2025-11-01,Wexford/Maryvale (119),-79.30050366891615,43.74264083383781,0,0,0
Basis Ridge (tuned),2024-12-01,0.013305392433761935,sha256:bd942a7bcbe33ba673b7fdec9b2ff2b747cb0d530af4522e5d003d78fb3f640b,2025-11-01,Willowdale East (51),-79.410074781475,43.76524478810602,1,0.5309130483302407,0.46908695166975933
Basis Ridge (tuned),2024-12-01,0.013305392433761935,sha256:bd942a7bcbe33ba673b7fdec9b2ff2b747cb0d530af4522e5d003d78fb3f640b,2025-11-01,Willowdale West (37),-79.41563035776022,43.77061463226557,0,0,0
Basis Ridge (tuned),2024-12-01,0.013305392433761935,sha256:bd942a7bcbe33ba673b7fdec9b2ff2b747cb0d530af4522e5d003d78fb3f640b,2025-11-01,Willowridge-Martingrove-Richview (7),-79.55960317676033,43.68486812894035,0,0,0
Basis Ridge (tuned),2024-12-01,0.013305392433761935,sha256:bd942a7bcbe33ba673b7fdec9b2ff2b747cb0d530af4522e5d003d78fb3f640b,2025-11-01,Woburn (137),-79.22656387770975,43.76289989874722,0,0,0
Basis Ridge (tuned),2024-12-01,0.013305392433761935,sha256:bd942a7bcbe33ba673b7fdec9b2ff2b747cb0d530af4522e5d003d78fb3f640b,2025-11-01,Woodbine Corridor (64),-79.31407054230695,43.67581440173363,1,0,1
Basis Ridge (tuned),2024-12-01,0.013305392433761935,sha256:bd942a7bcbe33ba673b7fdec9b2ff2b747cb0d530af4522e5d003d78fb3f640b,2025-11-01,Woodbine-Lumsden (60),-79.31039264658962,43.69145821847367,0,0,0
Basis Ridge (tuned),2024-12-01,0.013305392433761935,sha256:bd942a7bcbe33ba673b7fdec9b2ff2b747cb0d530af4522e5d003d78fb3f640b,2025-11-01,Wychwood (94),-79.42710542937913,43.6784532168336,1,0,1
Basis Ridge (tuned),2024-12-01,0.013305392433761935,sha256:bd942a7bcbe33ba673b7fdec9b2ff2b747cb0d530af4522e5d003d78fb3f640b,2025-11-01,Yonge-Eglinton (100),-79.40102373824469,43.70674080495774,3,0,3
Basis Ridge (tuned),2024-12-01,0.013305392433761935,sha256:bd942a7bcbe33ba673b7fdec9b2ff2b747cb0d530af4522e5d003d78fb3f640b,2025-11-01,Yonge-St.Clair (97),-79.39834065134646,43.689263791751046,0,0,0
Basis Ridge (tuned),2024-12-01,0.013305392433761935,sha256:bd942a7bcbe33ba673b7fdec9b2ff2b747cb0d530af4522e5d003d78fb3f640b,2025-11-01,York University Heights (27),-79.49891755560928,43.76657476817609,0,0.1935631671462238,-0.1935631671462238
Basis Ridge (tuned),2024-12-01,0.013305392433761935,sha256:bd942a7bcbe33ba673b7fdec9b2ff2b747cb0d530af4522e5d003d78fb3f640b,2025-11-01,Yorkdale-Glen Park (31),-79.45130621630454,43.714348256200424,0,0,0
Basis Ridge (tuned),2024-12-01,0.013305392433761935,sha256:bd942a7bcbe33ba673b7fdec9b2ff2b747cb0d530af4522e5d003d78fb3f640b,2025-12-01,Agincourt North (129),-79.26928393506104,43.810980375100264,0,0,0
Basis Ridge (tuned),2024-12-01,0.013305392433761935,sha256:bd942a7bcbe33ba673b7fdec9b2ff2b747cb0d530af4522e5d003d78fb3f640b,2025-12-01,Agincourt South-Malvern West (128),-79.28002861084076,43.7889253690791,0,0,0
Basis Ridge (tuned),2024-12-01,0.013305392433761935,sha256:bd942a7bcbe33ba673b7fdec9b2ff2b747cb0d530af4522e5d003d78fb3f640b,2025-12-01,Alderwood (20),-79.54538918515296,43.6065751977772,0,0,0
Basis Ridge (tuned),2024-12-01,0.013305392433761935,sha256:bd942a7bcbe33ba673b7fdec9b2ff2b747cb0d530af4522e5d003d78fb3f640b,2025-12-01,Annex (95),-79.40380913861458,43.670104609767606,1,2.2921017912913215,-1.2921017912913215
Basis Ridge (tuned),2024-12-01,0.013305392433761935,sha256:bd942a7bcbe33ba673b7fdec9b2ff2b747cb0d530af4522e5d003d78fb3f640b,2025-12-01,Banbury-Don Mills (42),-79.3409210158811,43.73511850435992,0,0,0
Basis Ridge (tuned),2024-12-01,0.013305392433761935,sha256:bd942a7bcbe33ba673b7fdec9b2ff2b747cb0d530af4522e5d003d78fb3f640b,2025-12-01,Bathurst Manor (34),-79.45175843487672,43.75609728872373,0,0,0
Basis Ridge (tuned),2024-12-01,0.013305392433761935,sha256:bd942a7bcbe33ba673b7fdec9b2ff2b747cb0d530af4522e5d003d78fb3f640b,2025-12-01,Bay Street Corridor (76),-79.38436854475557,43.65730879641258,4,5.986914412644675,-1.9869144126446754
Basis Ridge (tuned),2024-12-01,0.013305392433761935,sha256:bd942a7bcbe33ba673b7fdec9b2ff2b747cb0d530af4522e5d003d78fb3f640b,2025-12-01,Bayview Village (52),-79.38403601743099,43.769051789694494,1,0,1
Basis Ridge (tuned),2024-12-01,0.013305392433761935,sha256:bd942a7bcbe33ba673b7fdec9b2ff2b747cb0d530af4522e5d003d78fb3f640b,2025-12-01,Bayview Woods-Steeles (49),-79.3743681512798,43.797822785562154,0,0,0
Basis Ridge (tuned),2024-12-01,0.013305392433761935,sha256:bd942a7bcbe33ba673b7fdec9b2ff2b747cb0d530af4522e5d003d78fb3f640b,2025-12-01,Bedford Park-Nortown (39),-79.42125788351791,43.72757981721193,0,0,0
Basis Ridge (tuned),2024-12-01,0.013305392433761935,sha256:bd942a7bcbe33ba673b7fdec9b2ff2b747cb0d530af4522e5d003d78fb3f640b,2025-12-01,Beechborough-Greenbrook (112),-79.4744663865561,43.691508083029944,0,0,0
Basis Ridge (tuned),2024-12-01,0.013305392433761935,sha256:bd942a7bcbe33ba673b7fdec9b2ff2b747cb0d530af4522e5d003d78fb3f640b,2025-12-01,Bendale (127),-79.26046315357324,43.76293076745831,0,0,0
Basis Ridge (tuned),2024-12-01,0.013305392433761935,sha256:bd942a7bcbe33ba673b7fdec9b2ff2b747cb0d530af4522e5d003d78fb3f640b,2025-12-01,Birchcliffe-Cliffside (122),-79.27062357025366,43.69131003372983,0,0,0
Basis Ridge (tuned),2024-12-01,0.013305392433761935,sha256:bd942a7bcbe33ba673b7fdec9b2ff2b747cb0d530af4522e5d003d78fb3f640b,2025-12-01,Black Creek (24),-79.51869671361172,43.76523138519309,1,0,1
Basis Ridge (tuned),2024-12-01,0.013305392433761935,sha256:bd942a7bcbe33ba673b7fdec9b2ff2b747cb0d530af4522e5d003d78fb3f640b,2025-12-01,Blake-Jones (69),-79.3394451105104,43.67664416992363,0,0,0
Basis Ridge (tuned),2024-12-01,0.013305392433761935,sha256:bd942a7bcbe33ba673b7fdec9b2ff2b747cb0d530af4522e5d003d78fb3f640b,2025-12-01,Briar Hill-Belgravia (108),-79.445578280552,43.699313061287725,0,0,0
Basis Ridge (tuned),2024-12-01,0.013305392433761935,sha256:bd942a7bcbe33ba673b7fdec9b2ff2b747cb0d530af4522e5d003d78fb3f640b,2025-12-01,Bridle Path-Sunnybrook-York Mills (41),-79.38366396163413,43.72516179918022,0,0,0
Basis Ridge (tuned),2024-12-01,0.013305392433761935,sha256:bd942a7bcbe33ba673b7fdec9b2ff2b747cb0d530af4522e5d003d78fb3f640b,2025-12-01,Broadview North (57),-79.35364911130229,43.683932870884654,0,0,0
Basis Ridge (tuned),2024-12-01,0.013305392433761935,sha256:bd942a7bcbe33ba673b7fdec9b2ff2b747cb0d530af4522e5d003d78fb3f640b,2025-12-01,Brookhaven-Amesbury (30),-79.49015206607174,43.69942696476651,0,0,0
Basis Ridge (tuned),2024-12-01,0.013305392433761935,sha256:bd942a7bcbe33ba673b7fdec9b2ff2b747cb0d530af4522e5d003d78fb3f640b,2025-12-01,Cabbagetown-South St.James Town (71),-79.36975340775743,43.66521290431659,0,0.5885729210127839,-0.5885729210127839
Basis Ridge (tuned),2024-12-01,0.013305392433761935,sha256:bd942a7bcbe33ba673b7fdec9b2ff2b747cb0d530af4522e5d003d78fb3f640b,2025-12-01,Caledonia-Fairbank (109),-79.4517849962554,43.690036179158305,0,0,0
Basis Ridge (tuned),2024-12-01,0.013305392433761935,sha256:bd942a7bcbe33ba673b7fdec9b2ff2b747cb0d530af4522e5d003d78fb3f640b,2025-12-01,Casa Loma (96),-79.40864864037756,43.67955392863041,0,0,0
Basis Ridge (tuned),2024-12-01,0.013305392433761935,sha256:bd942a7bcbe33ba673b7fdec9b2ff2b747cb0d530af4522e5d003d78fb3f640b,2025-12-01,Centennial Scarborough (133),-79.15053423026679,43.780757885389185,0,0,0
Basis Ridge (tuned),2024-12-01,0.013305392433761935,sha256:bd942a7bcbe33ba673b7fdec9b2ff2b747cb0d530af4522e5d003d78fb3f640b,2025-12-01,Church-Yonge Corridor (75),-79.37956284727365,43.66018909929288,2,5.642447079989014,-3.6424470799890143
Basis Ridge (tuned),2024-12-01,0.013305392433761935,sha256:bd942a7bcbe33ba673b7fdec9b2ff2b747cb0d530af4522e5d003d78fb3f640b,2025-12-01,Clairlea-Birchmount (120),-79.28672506823307,43.709414591668256,0,0,0
Basis Ridge (tuned),2024-12-01,0.013305392433761935,sha256:bd942a7bcbe33ba673b7fdec9b2ff2b747cb0d530af4522e5d003d78fb3f640b,2025-12-01,Clanton Park (33),-79.44643447690169,43.74149776462126,0,0,0
Basis Ridge (tuned),2024-12-01,0.013305392433761935,sha256:bd942a7bcbe33ba673b7fdec9b2ff2b747cb0d530af4522e5d003d78fb3f640b,2025-12-01,Cliffcrest (123),-79.23329029919245,43.72191819765982,0,0,0
Basis Ridge (tuned),2024-12-01,0.013305392433761935,sha256:bd942a7bcbe33ba673b7fdec9b2ff2b747cb0d530af4522e5d003d78fb3f640b,2025-12-01,Corso Italia-Davenport (92),-79.4427553703874,43.67658111935704,1,0,1
Basis Ridge (tuned),2024-12-01,0.013305392433761935,sha256:bd942a7bcbe33ba673b7fdec9b2ff2b747cb0d530af4522e5d003d78fb3f640b,2025-12-01,Danforth (66),-79.33065782618279,43.682847803276616,0,0,0
Basis Ridge (tuned),2024-12-01,0.013305392433761935,sha256:bd942a7bcbe33ba673b7fdec9b2ff2b747cb0d530af4522e5d003d78fb3f640b,2025-12-01,Danforth East York (59),-79.3313092800722,43.69082681262244,3,0,3
Basis Ridge (tuned),2024-12-01,0.013305392433761935,sha256:bd942a7bcbe33ba673b7fdec9b2ff2b747cb0d530af4522e5d003d78fb3f640b,2025-12-01,Don Valley Village (47),-79.35240298959988,43.77988611135725,0,0,0
Basis Ridge (tuned),2024-12-01,0.013305392433761935,sha256:bd942a7bcbe33ba673b7fdec9b2ff2b747cb0d530af4522e5d003d78fb3f640b,2025-12-01,Dorset Park (126),-79.28077525994308,43.75528945083431,0,0,0
Basis Ridge (tuned),2024-12-01,0.013305392433761935,sha256:bd942a7bcbe33ba673b7fdec9b2ff2b747cb0d530af4522e5d003d78fb3f640b,2025-12-01,Dovercourt-Wallace Emerson-Junction (93),-79.43778332382438,43.66463002065643,1,1.3479281125963494,-0.34792811259634937
Basis Ridge (tuned),2024-12-01,0.013305392433761935,sha256:bd942a7bcbe33ba673b7fdec9b2ff2b747cb0d530af4522e5d003d78fb3f640b,2025-12-01,Downsview-Roding-CFB (26),-79.4835940990325,43.727986861303435,0,0,0
Basis Ridge (tuned),2024-12-01,0.013305392433761935,sha256:bd942a7bcbe33ba673b7fdec9b2ff2b747cb0d530af4522e5d003d78fb3f640b,2025-12-01,Dufferin Grove (83),-79.4370618209781,43.65521640563446,1,0.25672149270962674,0.7432785072903733
Basis Ridge (tuned),2024-12-01,0.013305392433761935,sha256:bd942a7bcbe33ba673b7fdec9b2ff2b747cb0d530af4522e5d003d78fb3f640b,2025-12-01,East End-Danforth (62),-79.30055625233094,43.68572312555001,0,0.2646218949010677,-0.2646218949010677
Basis Ridge (tuned),2024-12-01,0.013305392433761935,sha256:bd942a7bcbe33ba673b7fdec9b2ff2b747cb0d530af4522e5d003d78fb3f640b,2025-12-01,Edenbridge-Humber Valley (9),-79.52023309003076,43.66557816852869,0,0,0
Basis Ridge (tuned),2024-12-01,0.013305392433761935,sha256:bd942a7bcbe33ba673b7fdec9b2ff2b747cb0d530af4522e5d003d78fb3f640b,2025-12-01,Eglinton East (138),-79.24473615792672,43.73991827916189,0,0,0
Basis Ridge (tuned),2024-12-01,0.013305392433761935,sha256:bd942a7bcbe33ba673b7fdec9b2ff2b747cb0d530af4522e5d003d78fb3f640b,2025-12-01,Elms-Old Rexdale (5),-79.55208772185198,43.71927285915033,0,0,0
Basis Ridge (tuned),2024-12-01,0.013305392433761935,sha256:bd942a7bcbe33ba673b7fdec9b2ff2b747cb0d530af4522e5d003d78fb3f640b,2025-12-01,Englemount-Lawrence (32),-79.43712596977969,43.7204676607881,0,0,0
Basis Ridge (tuned),2024-12-01,0.013305392433761935,sha256:bd942a7bcbe33ba673b7fdec9b2ff2b747cb0d530af4522e5d003d78fb3f640b,2025-12-01,Eringate-Centennial-West Deane (11),-79.57787073233334,43.65860025717794,0,0,0
Basis Ridge (tuned),2024-12-01,0.013305392433761935,sha256:bd942a7bcbe33ba673b7fdec9b2ff2b747cb0d530af4522e5d003d78fb3f640b,2025-12-01,Etobicoke West Mall (13),-79.5678030787646,43.64190931147644,0,0,0
Basis Ridge (tuned),2024-12-01,0.013305392433761935,sha256:bd942a7bcbe33ba673b7fdec9b2ff2b747cb0d530af4522e5d003d78fb3f640b,2025-12-01,Flemingdon Park (44),-79.33198682919883,43.71530756444098,0,0,0
Basis Ridge (tuned),2024-12-01,0.013305392433761935,sha256:bd942a7bcbe33ba673b7fdec9b2ff2b747cb0d530af4522e5d003d78fb3f640b,2025-12-01,Forest Hill North (102),-79.43346069412912,43.70194436532484,0,0,0
Basis Ridge (tuned),2024-12-01,0.013305392433761935,sha256:bd942a7bcbe33ba673b7fdec9b2ff2b747cb0d530af4522e5d003d78fb3f640b,2025-12-01,Forest Hill South (101),-79.41299883590433,43.6890600119443,0,0,0
Basis Ridge (tuned),2024-12-01,0.013305392433761935,sha256:bd942a7bcbe33ba673b7fdec9b2ff2b747cb0d530af4522e5d003d78fb3f640b,2025-12-01,Glenfield-Jane Heights (25),-79.50908241975385,43.74806287596809,0,0,0
Basis Ridge (tuned),2024-12-01,0.013305392433761935,sha256:bd942a7bcbe33ba673b7fdec9b2ff2b747cb0d530af4522e5d003d78fb3f640b,2025-12-01,Greenwood-Coxwell (65),-79.32392461588157,43.67182578504262,0,0.027317317578462202,-0.027317317578462202
Basis Ridge (tuned),2024-12-01,0.013305392433761935,sha256:bd942a7bcbe33ba673b7fdec9b2ff2b747cb0d530af4522e5d003d78fb3f640b,2025-12-01,Guildwood (140),-79.1987335919193,43.747914590059,0,0,0
Basis Ridge (tuned),2024-12-01,0.013305392433761935,sha256:bd942a7bcbe33ba673b7fdec9b2ff2b747cb0d530af4522e5d003d78fb3f640b,2025-12-01,Henry Farm (53),-79.34642185767248,43.76957681680956,0,0,0
Basis Ridge (tuned),2024-12-01,0.013305392433761935,sha256:bd942a7bcbe33ba673b7fdec9b2ff2b747cb0d530af4522e5d003d78fb3f640b,2025-12-01,High Park North (88),-79.4652298180643,43.65722103912335,0,0.42087694189096303,-0.42087694189096303
Basis Ridge (tuned),2024-12-01,0.013305392433761935,sha256:bd942a7bcbe33ba673b7fdec9b2ff2b747cb0d530af4522e5d003d78fb3f640b,2025-12-01,High Park-Swansea (87),-79.4648159122912,43.64453199862067,0,0,0
Basis Ridge (tuned),2024-12-01,0.013305392433761935,sha256:bd942a7bcbe33ba673b7fdec9b2ff2b747cb0d530af4522e5d003d78fb3f640b,2025-12-01,Highland Creek (134),-79.18452149622338,43.786273991320705,0,0,0
Basis Ridge (tuned),2024-12-01,0.013305392433761935,sha256:bd942a7bcbe33ba673b7fdec9b2ff2b747cb0d530af4522e5d003d78fb3f640b,2025-12-01,Hillcrest Village (48),-79.35806283641195,43.79960270136573,0,0,0
Basis Ridge (tuned),2024-12-01,0.013305392433761935,sha256:bd942a7bcbe33ba673b7fdec9b2ff2b747cb0d530af4522e5d003d78fb3f640b,2025-12-01,Humber Heights-Westmount (8),-79.51864457298561,43.69564007439048,0,0,0
Basis Ridge (tuned),2024-12-01,0.013305392433761935,sha256:bd942a7bcbe33ba673b7fdec9b2ff2b747cb0d530af4522e5d003d78fb3f640b,2025-12-01,Humber Summit (21),-79.56057763521508,43.75362439798188,0,0,0
Basis Ridge (tuned),2024-12-01,0.013305392433761935,sha256:bd942a7bcbe33ba673b7fdec9b2ff2b747cb0d530af4522e5d003d78fb3f640b,2025-12-01,Humbermede (22),-79.54521679307662,43.74787608113298,0,0,0
Basis Ridge (tuned),2024-12-01,0.013305392433761935,sha256:bd942a7bcbe33ba673b7fdec9b2ff2b747cb0d530af4522e5d003d78fb3f640b,2025-12-01,Humewood-Cedarvale (106),-79.42603840921164,43.68908389632168,0,0,0
Basis Ridge (tuned),2024-12-01,0.013305392433761935,sha256:bd942a7bcbe33ba673b7fdec9b2ff2b747cb0d530af4522e5d003d78fb3f640b,2025-12-01,Ionview (125),-79.2682783103958,43.73299077700163,0,0,0
Basis Ridge (tuned),2024-12-01,0.013305392433761935,sha256:bd942a7bcbe33ba673b7fdec9b2ff2b747cb0d530af4522e5d003d78fb3f640b,2025-12-01,Islington-City Centre West (14),-79.53678079261083,43.641361915813675,0,0,0
Basis Ridge (tuned),2024-12-01,0.013305392433761935,sha256:bd942a7bcbe33ba673b7fdec9b2ff2b747cb0d530af4522e5d003d78fb3f640b,2025-12-01,Junction Area (90),-79.46892477498491,43.6655394100211,1,0,1
Basis Ridge (tuned),2024-12-01,0.013305392433761935,sha256:bd942a7bcbe33ba673b7fdec9b2ff2b747cb0d530af4522e5d003d78fb3f640b,2025-12-01,Keelesdale-Eglinton West (110),-79.47055790633043,43.68391780141048,0,0,0
Basis Ridge (tuned),2024-12-01,0.013305392433761935,sha256:bd942a7bcbe33ba673b7fdec9b2ff2b747cb0d530af4522e5d003d78fb3f640b,2025-12-01,Kennedy Park (124),-79.25874986465229,43.728410786674374,0,0,0
Basis Ridge (tuned),2024-12-01,0.013305392433761935,sha256:bd942a7bcbe33ba673b7fdec9b2ff2b747cb0d530af4522e5d003d78fb3f640b,2025-12-01,Kensington-Chinatown (78),-79.3967980354919,43.65388049459246,4,2.22627884678243,1.7737211532175698
Basis Ridge (tuned),2024-12-01,0.013305392433761935,sha256:bd942a7bcbe33ba673b7fdec9b2ff2b747cb0d530af4522e5d003d78fb3f640b,2025-12-01,Kingsview Village-The Westway (6),-79.54911503533694,43.69584358136977,0,0,0
Basis Ridge (tuned),2024-12-01,0.013305392433761935,sha256:bd942a7bcbe33ba673b7fdec9b2ff2b747cb0d530af4522e5d003d78fb3f640b,2025-12-01,Kingsway South (15),-79.51086459422443,43.65032283055947,0,0,0
Basis Ridge (tuned),2024-12-01,0.013305392433761935,sha256:bd942a7bcbe33ba673b7fdec9b2ff2b747cb0d530af4522e5d003d78fb3f640b,2025-12-01,L'Amoreaux (117),-79.3201008921114,43.79636378659849,0,0,0
Basis Ridge (tuned),2024-12-01,0.013305392433761935,sha256:bd942a7bcbe33ba673b7fdec9b2ff2b747cb0d530af4522e5d003d78fb3f640b,2025-12-01,Lambton Baby Point (114),-79.49452130561747,43.65593529844182,0,0,0
Basis Ridge (tuned),2024-12-01,0.013305392433761935,sha256:bd942a7bcbe33ba673b7fdec9b2ff2b747cb0d530af4522e5d003d78fb3f640b,2025-12-01,Lansing-Westgate (38),-79.41222964417364,43.761840287387486,0,0,0
Basis Ridge (tuned),2024-12-01,0.013305392433761935,sha256:bd942a7bcbe33ba673b7fdec9b2ff2b747cb0d530af4522e5d003d78fb3f640b,2025-12-01,Lawrence Park North (105),-79.40643053379212,43.72768097403552,0,0,0
Basis Ridge (tuned),2024-12-01,0.013305392433761935,sha256:bd942a7bcbe33ba673b7fdec9b2ff2b747cb0d530af4522e5d003d78fb3f640b,2025-12-01,Lawrence Park South (103),-79.41020212544387,43.72248127246825,0,0,0
Basis Ridge (tuned),2024-12-01,0.013305392433761935,sha256:bd942a7bcbe33ba673b7fdec9b2ff2b747cb0d530af4522e5d003d78fb3f640b,2025-12-01,Leaside-Bennington (56),-79.36756549485442,43.70630335329757,0,0,0
Basis Ridge (tuned),2024-12-01,0.013305392433761935,sha256:bd942a7bcbe33ba673b7fdec9b2ff2b747cb0d530af4522e5d003d78fb3f640b,2025-12-01,Little Portugal (84),-79.42637552454019,43.64409148964972,1,0.36010912279872015,0.6398908772012799
Basis Ridge (tuned),2024-12-01,0.013305392433761935,sha256:bd942a7bcbe33ba673b7fdec9b2ff2b747cb0d530af4522e5d003d78fb3f640b,2025-12-01,Long Branch (19),-79.53237502113143,43.591006620404656,0,0,0
Basis Ridge (tuned),2024-12-01,0.013305392433761935,sha256:bd942a7bcbe33ba673b7fdec9b2ff2b747cb0d530af4522e5d003d78fb3f640b,2025-12-01,Malvern (132),-79.22095167470565,43.80455499438271,0,0,0
Basis Ridge (tuned),2024-12-01,0.013305392433761935,sha256:bd942a7bcbe33ba673b7fdec9b2ff2b747cb0d530af4522e5d003d78fb3f640b,2025-12-01,Maple Leaf (29),-79.4843756407544,43.718225646439535,0,0,0
Basis Ridge (tuned),2024-12-01,0.013305392433761935,sha256:bd942a7bcbe33ba673b7fdec9b2ff2b747cb0d530af4522e5d003d78fb3f640b,2025-12-01,Markland Wood (12),-79.57650734129277,43.633689780366026,0,0,0
Basis Ridge (tuned),2024-12-01,0.013305392433761935,sha256:bd942a7bcbe33ba673b7fdec9b2ff2b747cb0d530af4522e5d003d78fb3f640b,2025-12-01,Milliken (130),-79.28878321264463,43.82084812422136,0,0,0
Basis Ridge (tuned),2024-12-01,0.013305392433761935,sha256:bd942a7bcbe33ba673b7fdec9b2ff2b747cb0d530af4522e5d003d78fb3f640b,2025-12-01,Mimico (includes Humber Bay Shores) (17),-79.48568571369577,43.62094188018773,3,0.39318737539154475,2.6068126246084553
Basis Ridge (tuned),2024-12-01,0.013305392433761935,sha256:bd942a7bcbe33ba673b7fdec9b2ff2b747cb0d530af4522e5d003d78fb3f640b,2025-12-01,Morningside (135),-79.20335964084892,43.78544794442794,0,0,0
Basis Ridge (tuned),2024-12-01,0.013305392433761935,sha256:bd942a7bcbe33ba673b7fdec9b2ff2b747cb0d530af4522e5d003d78fb3f640b,2025-12-01,Moss Park (73),-79.36913295325593,43.65425609335975,1,1.982057206710735,-0.9820572067107349
Basis Ridge (tuned),2024-12-01,0.013305392433761935,sha256:bd942a7bcbe33ba673b7fdec9b2ff2b747cb0d530af4522e5d003d78fb3f640b,2025-12-01,Mount Dennis (115),-79.48946593742998,43.68565859464735,0,0,0
Basis Ridge (tuned),2024-12-01,0.013305392433761935,sha256:bd942a7bcbe33ba673b7fdec9b2ff2b747cb0d530af4522e5d003d78fb3f640b,2025-12-01,Mount Olive-Silverstone-Jamestown (2),-79.58577617904946,43.74325917379369,1,0,1
Basis Ridge (tuned),2024-12-01,0.013305392433761935,sha256:bd942a7bcbe33ba673b7fdec9b2ff2b747cb0d530af4522e5d003d78fb3f640b,2025-12-01,Mount Pleasant East (99),-79.38525136980005,43.70699758566823,1,0,1
Basis Ridge (tuned),2024-12-01,0.013305392433761935,sha256:bd942a7bcbe33ba673b7fdec9b2ff2b747cb0d530af4522e5d003d78fb3f640b,2025-12-01,Mount Pleasant West (104),-79.39441924813381,43.705281018271585,0,0.5034943472023129,-0.5034943472023129
Basis Ridge (tuned),2024-12-01,0.013305392433761935,sha256:bd942a7bcbe33ba673b7fdec9b2ff2b747cb0d530af4522e5d003d78fb3f640b,2025-12-01,NSA,NA,NA,0,0.002059611456512354,-0.002059611456512354
Basis Ridge (tuned),2024-12-01,0.013305392433761935,sha256:bd942a7bcbe33ba673b7fdec9b2ff2b747cb0d530af4522e5d003d78fb3f640b,2025-12-01,New Toronto (18),-79.50819536860408,43.60067938873378,0,0,0
Basis Ridge (tuned),2024-12-01,0.013305392433761935,sha256:bd942a7bcbe33ba673b7fdec9b2ff2b747cb0d530af4522e5d003d78fb3f640b,2025-12-01,Newtonbrook East (50),-79.4155662486542,43.782773804672864,0,0,0
Basis Ridge (tuned),2024-12-01,0.013305392433761935,sha256:bd942a7bcbe33ba673b7fdec9b2ff2b747cb0d530af4522e5d003d78fb3f640b,2025-12-01,Newtonbrook West (36),-79.42082573006313,43.78444945871987,0,0,0
Basis Ridge (tuned),2024-12-01,0.013305392433761935,sha256:bd942a7bcbe33ba673b7fdec9b2ff2b747cb0d530af4522e5d003d78fb3f640b,2025-12-01,Niagara (82),-79.40825413058062,43.639170480800686,1,2.2906282739707486,-1.2906282739707486
Basis Ridge (tuned),2024-12-01,0.013305392433761935,sha256:bd942a7bcbe33ba673b7fdec9b2ff2b747cb0d530af4522e5d003d78fb3f640b,2025-12-01,North Riverdale (68),-79.34942497640164,43.67320424441098,0,0,0
Basis Ridge (tuned),2024-12-01,0.013305392433761935,sha256:bd942a7bcbe33ba673b7fdec9b2ff2b747cb0d530af4522e5d003d78fb3f640b,2025-12-01,North St.James Town (74),-79.37622315570079,43.66924040879271,3,0.4357987866398852,2.5642012133601146
Basis Ridge (tuned),2024-12-01,0.013305392433761935,sha256:bd942a7bcbe33ba673b7fdec9b2ff2b747cb0d530af4522e5d003d78fb3f640b,2025-12-01,O'Connor-Parkview (54),-79.30295705711893,43.707394189060395,0,0,0
Basis Ridge (tuned),2024-12-01,0.013305392433761935,sha256:bd942a7bcbe33ba673b7fdec9b2ff2b747cb0d530af4522e5d003d78fb3f640b,2025-12-01,Oakridge (121),-79.28580476562132,43.69338422103418,0,0,0
Basis Ridge (tuned),2024-12-01,0.013305392433761935,sha256:bd942a7bcbe33ba673b7fdec9b2ff2b747cb0d530af4522e5d003d78fb3f640b,2025-12-01,Oakwood Village (107),-79.43992214652974,43.693163772618576,0,0,0
Basis Ridge (tuned),2024-12-01,0.013305392433761935,sha256:bd942a7bcbe33ba673b7fdec9b2ff2b747cb0d530af4522e5d003d78fb3f640b,2025-12-01,Old East York (58),-79.33971322725657,43.69468655917457,0,0,0
Basis Ridge (tuned),2024-12-01,0.013305392433761935,sha256:bd942a7bcbe33ba673b7fdec9b2ff2b747cb0d530af4522e5d003d78fb3f640b,2025-12-01,Palmerston-Little Italy (80),-79.41607073008583,43.65977590713319,1,0.4977269214041056,0.5022730785958944
Basis Ridge (tuned),2024-12-01,0.013305392433761935,sha256:bd942a7bcbe33ba673b7fdec9b2ff2b747cb0d530af4522e5d003d78fb3f640b,2025-12-01,Parkwoods-Donalda (45),-79.32857716506125,43.75401452181123,0,0,0
Basis Ridge (tuned),2024-12-01,0.013305392433761935,sha256:bd942a7bcbe33ba673b7fdec9b2ff2b747cb0d530af4522e5d003d78fb3f640b,2025-12-01,Pelmo Park-Humberlea (23),-79.53452633259599,43.71053804014776,0,0,0
Basis Ridge (tuned),2024-12-01,0.013305392433761935,sha256:bd942a7bcbe33ba673b7fdec9b2ff2b747cb0d530af4522e5d003d78fb3f640b,2025-12-01,Playter Estates-Danforth (67),-79.35537498775473,43.678037843577414,0,0,0
Basis Ridge (tuned),2024-12-01,0.013305392433761935,sha256:bd942a7bcbe33ba673b7fdec9b2ff2b747cb0d530af4522e5d003d78fb3f640b,2025-12-01,Pleasant View (46),-79.33169496448295,43.78880674789264,0,0,0
Basis Ridge (tuned),2024-12-01,0.013305392433761935,sha256:bd942a7bcbe33ba673b7fdec9b2ff2b747cb0d530af4522e5d003d78fb3f640b,2025-12-01,Princess-Rosethorn (10),-79.54278218831497,43.6664342839495,0,0,0
Basis Ridge (tuned),2024-12-01,0.013305392433761935,sha256:bd942a7bcbe33ba673b7fdec9b2ff2b747cb0d530af4522e5d003d78fb3f640b,2025-12-01,Regent Park (72),-79.36178286088128,43.65943439853815,1,0.06874704305683997,0.93125295694316
Basis Ridge (tuned),2024-12-01,0.013305392433761935,sha256:bd942a7bcbe33ba673b7fdec9b2ff2b747cb0d530af4522e5d003d78fb3f640b,2025-12-01,Rexdale-Kipling (4),-79.56943957685264,43.726549256380395,0,0,0
Basis Ridge (tuned),2024-12-01,0.013305392433761935,sha256:bd942a7bcbe33ba673b7fdec9b2ff2b747cb0d530af4522e5d003d78fb3f640b,2025-12-01,Rockcliffe-Smythe (111),-79.49193279998173,43.67234248080122,0,0,0
Basis Ridge (tuned),2024-12-01,0.013305392433761935,sha256:bd942a7bcbe33ba673b7fdec9b2ff2b747cb0d530af4522e5d003d78fb3f640b,2025-12-01,Roncesvalles (86),-79.44277811907274,43.64370439603947,0,0.2031231400808486,-0.2031231400808486
Basis Ridge (tuned),2024-12-01,0.013305392433761935,sha256:bd942a7bcbe33ba673b7fdec9b2ff2b747cb0d530af4522e5d003d78fb3f640b,2025-12-01,Rosedale-Moore Park (98),-79.38462305095243,43.67502671420579,0,0.7159545923058337,-0.7159545923058337
Basis Ridge (tuned),2024-12-01,0.013305392433761935,sha256:bd942a7bcbe33ba673b7fdec9b2ff2b747cb0d530af4522e5d003d78fb3f640b,2025-12-01,Rouge (131),-79.13309434834144,43.78938806538385,0,0,0
Basis Ridge (tuned),2024-12-01,0.013305392433761935,sha256:bd942a7bcbe33ba673b7fdec9b2ff2b747cb0d530af4522e5d003d78fb3f640b,2025-12-01,Runnymede-Bloor West Village (89),-79.48480851655415,43.65975616827931,0,0,0
Basis Ridge (tuned),2024-12-01,0.013305392433761935,sha256:bd942a7bcbe33ba673b7fdec9b2ff2b747cb0d530af4522e5d003d78fb3f640b,2025-12-01,Rustic (28),-79.50024894268427,43.70839284643953,0,0,0
Basis Ridge (tuned),2024-12-01,0.013305392433761935,sha256:bd942a7bcbe33ba673b7fdec9b2ff2b747cb0d530af4522e5d003d78fb3f640b,2025-12-01,Scarborough Village (139),-79.22121647737255,43.74178808353859,0,0,0
Basis Ridge (tuned),2024-12-01,0.013305392433761935,sha256:bd942a7bcbe33ba673b7fdec9b2ff2b747cb0d530af4522e5d003d78fb3f640b,2025-12-01,South Parkdale (85),-79.43087572304012,43.63836538756867,2,0.28430979773524473,1.7156902022647553
Basis Ridge (tuned),2024-12-01,0.013305392433761935,sha256:bd942a7bcbe33ba673b7fdec9b2ff2b747cb0d530af4522e5d003d78fb3f640b,2025-12-01,South Riverdale (70),-79.34033408773206,43.66227352160024,2,1.5203353305095655,0.4796646694904345
Basis Ridge (tuned),2024-12-01,0.013305392433761935,sha256:bd942a7bcbe33ba673b7fdec9b2ff2b747cb0d530af4522e5d003d78fb3f640b,2025-12-01,St.Andrew-Windfields (40),-79.39807496057622,43.75295000125709,0,0,0
Basis Ridge (tuned),2024-12-01,0.013305392433761935,sha256:bd942a7bcbe33ba673b7fdec9b2ff2b747cb0d530af4522e5d003d78fb3f640b,2025-12-01,Steeles (116),-79.32254019689177,43.815065444286134,0,0,0
Basis Ridge (tuned),2024-12-01,0.013305392433761935,sha256:bd942a7bcbe33ba673b7fdec9b2ff2b747cb0d530af4522e5d003d78fb3f640b,2025-12-01,Stonegate-Queensway (16),-79.50687874894817,43.63678476785418,0,0,0
Basis Ridge (tuned),2024-12-01,0.013305392433761935,sha256:bd942a7bcbe33ba673b7fdec9b2ff2b747cb0d530af4522e5d003d78fb3f640b,2025-12-01,Tam O'Shanter-Sullivan (118),-79.29346258821549,43.78211963627784,0,0,0
Basis Ridge (tuned),2024-12-01,0.013305392433761935,sha256:bd942a7bcbe33ba673b7fdec9b2ff2b747cb0d530af4522e5d003d78fb3f640b,2025-12-01,Taylor-Massey (61),-79.29495186057909,43.692458919227406,0,0,0
Basis Ridge (tuned),2024-12-01,0.013305392433761935,sha256:bd942a7bcbe33ba673b7fdec9b2ff2b747cb0d530af4522e5d003d78fb3f640b,2025-12-01,The Beaches (63),-79.30297553719052,43.66875560841342,0,0.09298505003447632,-0.09298505003447632
Basis Ridge (tuned),2024-12-01,0.013305392433761935,sha256:bd942a7bcbe33ba673b7fdec9b2ff2b747cb0d530af4522e5d003d78fb3f640b,2025-12-01,Thistletown-Beaumond Heights (3),-79.5659329290065,43.73754827301803,0,0,0
Basis Ridge (tuned),2024-12-01,0.013305392433761935,sha256:bd942a7bcbe33ba673b7fdec9b2ff2b747cb0d530af4522e5d003d78fb3f640b,2025-12-01,Thorncliffe Park (55),-79.35448121100222,43.71036836631147,1,0,1
Basis Ridge (tuned),2024-12-01,0.013305392433761935,sha256:bd942a7bcbe33ba673b7fdec9b2ff2b747cb0d530af4522e5d003d78fb3f640b,2025-12-01,Trinity-Bellwoods (81),-79.41373927922925,43.65087049509186,0,0.5374976442855718,-0.5374976442855718
Basis Ridge (tuned),2024-12-01,0.013305392433761935,sha256:bd942a7bcbe33ba673b7fdec9b2ff2b747cb0d530af4522e5d003d78fb3f640b,2025-12-01,University (79),-79.39982104056267,43.66254295263539,0,1.4260185648881116,-1.4260185648881116
Basis Ridge (tuned),2024-12-01,0.013305392433761935,sha256:bd942a7bcbe33ba673b7fdec9b2ff2b747cb0d530af4522e5d003d78fb3f640b,2025-12-01,Victoria Village (43),-79.3128138518101,43.72684844443762,0,0,0
Basis Ridge (tuned),2024-12-01,0.013305392433761935,sha256:bd942a7bcbe33ba673b7fdec9b2ff2b747cb0d530af4522e5d003d78fb3f640b,2025-12-01,Waterfront Communities-The Island (77),-79.38919773860151,43.64473008383375,10,7.2251511378160505,2.7748488621839495
Basis Ridge (tuned),2024-12-01,0.013305392433761935,sha256:bd942a7bcbe33ba673b7fdec9b2ff2b747cb0d530af4522e5d003d78fb3f640b,2025-12-01,West Hill (136),-79.18284860837016,43.76769079627477,0,0,0
Basis Ridge (tuned),2024-12-01,0.013305392433761935,sha256:bd942a7bcbe33ba673b7fdec9b2ff2b747cb0d530af4522e5d003d78fb3f640b,2025-12-01,West Humber-Clairville (1),-79.60420741329722,43.73006355433667,0,0,0
Basis Ridge (tuned),2024-12-01,0.013305392433761935,sha256:bd942a7bcbe33ba673b7fdec9b2ff2b747cb0d530af4522e5d003d78fb3f640b,2025-12-01,Westminster-Branson (35),-79.44807552904417,43.781743102812335,0,0,0
Basis Ridge (tuned),2024-12-01,0.013305392433761935,sha256:bd942a7bcbe33ba673b7fdec9b2ff2b747cb0d530af4522e5d003d78fb3f640b,2025-12-01,Weston (113),-79.5165855480493,43.702833758307314,0,0,0
Basis Ridge (tuned),2024-12-01,0.013305392433761935,sha256:bd942a7bcbe33ba673b7fdec9b2ff2b747cb0d530af4522e5d003d78fb3f640b,2025-12-01,Weston-Pelham Park (91),-79.45875842314518,43.67071482937652,0,0,0
Basis Ridge (tuned),2024-12-01,0.013305392433761935,sha256:bd942a7bcbe33ba673b7fdec9b2ff2b747cb0d530af4522e5d003d78fb3f640b,2025-12-01,Wexford/Maryvale (119),-79.30050366891615,43.74264083383781,0,0,0
Basis Ridge (tuned),2024-12-01,0.013305392433761935,sha256:bd942a7bcbe33ba673b7fdec9b2ff2b747cb0d530af4522e5d003d78fb3f640b,2025-12-01,Willowdale East (51),-79.410074781475,43.76524478810602,1,0.2161263674081895,0.7838736325918105
Basis Ridge (tuned),2024-12-01,0.013305392433761935,sha256:bd942a7bcbe33ba673b7fdec9b2ff2b747cb0d530af4522e5d003d78fb3f640b,2025-12-01,Willowdale West (37),-79.41563035776022,43.77061463226557,3,0,3
Basis Ridge (tuned),2024-12-01,0.013305392433761935,sha256:bd942a7bcbe33ba673b7fdec9b2ff2b747cb0d530af4522e5d003d78fb3f640b,2025-12-01,Willowridge-Martingrove-Richview (7),-79.55960317676033,43.68486812894035,0,0,0
Basis Ridge (tuned),2024-12-01,0.013305392433761935,sha256:bd942a7bcbe33ba673b7fdec9b2ff2b747cb0d530af4522e5d003d78fb3f640b,2025-12-01,Woburn (137),-79.22656387770975,43.76289989874722,0,0,0
Basis Ridge (tuned),2024-12-01,0.013305392433761935,sha256:bd942a7bcbe33ba673b7fdec9b2ff2b747cb0d530af4522e5d003d78fb3f640b,2025-12-01,Woodbine Corridor (64),-79.31407054230695,43.67581440173363,0,0,0
Basis Ridge (tuned),2024-12-01,0.013305392433761935,sha256:bd942a7bcbe33ba673b7fdec9b2ff2b747cb0d530af4522e5d003d78fb3f640b,2025-12-01,Woodbine-Lumsden (60),-79.31039264658962,43.69145821847367,0,0,0
Basis Ridge (tuned),2024-12-01,0.013305392433761935,sha256:bd942a7bcbe33ba673b7fdec9b2ff2b747cb0d530af4522e5d003d78fb3f640b,2025-12-01,Wychwood (94),-79.42710542937913,43.6784532168336,0,0,0
Basis Ridge (tuned),2024-12-01,0.013305392433761935,sha256:bd942a7bcbe33ba673b7fdec9b2ff2b747cb0d530af4522e5d003d78fb3f640b,2025-12-01,Yonge-Eglinton (100),-79.40102373824469,43.70674080495774,0,0,0
Basis Ridge (tuned),2024-12-01,0.013305392433761935,sha256:bd942a7bcbe33ba673b7fdec9b2ff2b747cb0d530af4522e5d003d78fb3f640b,2025-12-01,Yonge-St.Clair (97),-79.39834065134646,43.689263791751046,0,0,0
Basis Ridge (tuned),2024-12-01,0.013305392433761935,sha256:bd942a7bcbe33ba673b7fdec9b2ff2b747cb0d530af4522e5d003d78fb3f640b,2025-12-01,York University Heights (27),-79.49891755560928,43.76657476817609,0,0,0
Basis Ridge (tuned),2024-12-01,0.013305392433761935,sha256:bd942a7bcbe33ba673b7fdec9b2ff2b747cb0d530af4522e5d003d78fb3f640b,2025-12-01,Yorkdale-Glen Park (31),-79.45130621630454,43.714348256200424,0,0,0
