task_horizon,outer_fold,model,outer_train_end,test_start,test_end,inner_fold,lambda,MAE,RMSE,R2,status,selected
12,1,Basis Ridge (tuned),60,61,72,1,1.0000000000000009e-4,1.582818079329587,4.300286808301396,0.5440713517962097,ok,FALSE
1,1,Basis Ridge (tuned),120,121,121,1,1.0000000000000009e-4,1.582818079329587,4.300286808301396,0.5440713517962097,ok,FALSE
12,1,Basis Ridge (tuned),60,61,72,1,2.259459778615513e-4,1.5842480550680418,4.306399241669513,0.5427743154767803,ok,FALSE
1,1,Basis Ridge (tuned),120,121,121,1,2.259459778615513e-4,1.5842480550680418,4.306399241669513,0.5427743154767803,ok,FALSE
12,1,Basis Ridge (tuned),60,61,72,1,5.105158491181259e-4,1.5869897160846802,4.318018930228622,0.5403035795406186,ok,FALSE
1,1,Basis Ridge (tuned),120,121,121,1,5.105158491181259e-4,1.5869897160846802,4.318018930228622,0.5403035795406186,ok,FALSE
12,1,Basis Ridge (tuned),60,61,72,1,0.00115349002742815,1.5908869195356896,4.334499190959903,0.5367879052430153,ok,TRUE
1,1,Basis Ridge (tuned),120,121,121,1,0.00115349002742815,1.5908869195356896,4.334499190959903,0.5367879052430153,ok,FALSE
12,1,Basis Ridge (tuned),60,61,72,1,0.002606264322008008,1.5996377512472282,4.371393271283125,0.528868874565494,ok,FALSE
1,1,Basis Ridge (tuned),120,121,121,1,0.002606264322008008,1.5996377512472282,4.371393271283125,0.528868874565494,ok,FALSE
12,1,Basis Ridge (tuned),60,61,72,1,0.005888749408017718,1.6168675511145691,4.441957362247706,0.5135358850801155,ok,FALSE
1,1,Basis Ridge (tuned),120,121,121,1,0.005888749408017718,1.6168675511145691,4.441957362247706,0.5135358850801155,ok,FALSE
12,1,Basis Ridge (tuned),60,61,72,1,0.013305392433761935,1.6604072457784667,4.603189247956525,0.4775801160409382,ok,FALSE
1,1,Basis Ridge (tuned),120,121,121,1,0.013305392433761935,1.6604072457784667,4.603189247956525,0.4775801160409382,ok,TRUE
12,1,Basis Ridge (tuned),60,61,72,1,0.030062999042780234,1.7514127802496517,4.910207552699873,0.4055686058474197,ok,FALSE
1,1,Basis Ridge (tuned),120,121,121,1,0.030062999042780234,1.7514127802496517,4.910207552699873,0.4055686058474197,ok,FALSE
12,1,Basis Ridge (tuned),60,61,72,1,0.06792613716171855,1.8925994133354527,5.365604565735103,0.29019449397371055,ok,FALSE
1,1,Basis Ridge (tuned),120,121,121,1,0.06792613716171855,1.8925994133354527,5.365604565735103,0.29019449397371055,ok,FALSE
12,1,Basis Ridge (tuned),60,61,72,1,0.1534763748336234,2.040852921544482,5.8393919574001885,0.15930726798451678,ok,FALSE
1,1,Basis Ridge (tuned),120,121,121,1,0.1534763748336234,2.040852921544482,5.8393919574001885,0.15930726798451678,ok,FALSE
12,1,Basis Ridge (tuned),60,61,72,1,0.34677369590428986,2.1434843073493393,6.172479984841076,0.06066302272379753,ok,FALSE
1,1,Basis Ridge (tuned),120,121,121,1,0.34677369590428986,2.1434843073493393,6.172479984841076,0.06066302272379753,ok,FALSE
12,1,Basis Ridge (tuned),60,61,72,1,0.7835212181775894,2.198776652902988,6.341940117627568,0.008377637705677787,ok,FALSE
1,1,Basis Ridge (tuned),120,121,121,1,0.7835212181775894,2.198776652902988,6.341940117627568,0.008377637705677787,ok,FALSE
12,1,Basis Ridge (tuned),60,61,72,1,1.7703346781640914,2.2293334697377203,6.413008971795307,-0.01397146447079578,ok,FALSE
1,1,Basis Ridge (tuned),120,121,121,1,1.7703346781640914,2.2293334697377203,6.413008971795307,-0.01397146447079578,ok,FALSE
12,1,Basis Ridge (tuned),60,61,72,1,4,2.253956345887773,6.443440688870071,-0.02361751537421486,ok,FALSE
1,1,Basis Ridge (tuned),120,121,121,1,4,2.253956345887773,6.443440688870071,-0.02361751537421486,ok,FALSE
1,1,Basis Ridge (tuned),120,121,121,2,1.0000000000000009e-4,1.4370033979882035,3.8437616707851565,0.5637830036939913,ok,FALSE
1,1,Basis Ridge (tuned),120,121,121,2,2.259459778615513e-4,1.4381608117709783,3.848217192464795,0.5627711299598198,ok,FALSE
1,1,Basis Ridge (tuned),120,121,121,2,5.105158491181259e-4,1.4399856805996076,3.8553347004548812,0.5611522723346818,ok,FALSE
1,1,Basis Ridge (tuned),120,121,121,2,0.00115349002742815,1.4426125636429488,3.865279350873101,0.5588853792198092,ok,FALSE
1,1,Basis Ridge (tuned),120,121,121,2,0.002606264322008008,1.4481089594896936,3.886088948755441,0.5541229148440598,ok,FALSE
1,1,Basis Ridge (tuned),120,121,121,2,0.005888749408017718,1.4583720953950534,3.925010169025216,0.545146802570158,ok,FALSE
1,1,Basis Ridge (tuned),120,121,121,2,0.013305392433761935,1.4826910883062165,4.01225450755221,0.5247012997249669,ok,TRUE
1,1,Basis Ridge (tuned),120,121,121,2,0.030062999042780234,1.53193700527753,4.176895627626465,0.4848936236506485,ok,FALSE
1,1,Basis Ridge (tuned),120,121,121,2,0.06792613716171855,1.6129036432781445,4.438245328520095,0.41841621615600977,ok,FALSE
1,1,Basis Ridge (tuned),120,121,121,2,0.1534763748336234,1.7156799138746337,4.766580811215368,0.3291837104948302,ok,FALSE
1,1,Basis Ridge (tuned),120,121,121,2,0.34677369590428986,1.8111123389352186,5.079167815121878,0.23831605123407085,ok,FALSE
1,1,Basis Ridge (tuned),120,121,121,2,0.7835212181775894,1.8830310404764632,5.326876550513999,0.16221044062220913,ok,FALSE
1,1,Basis Ridge (tuned),120,121,121,2,1.7703346781640914,1.9460801170243498,5.520614616619519,0.1001615608894052,ok,FALSE
1,1,Basis Ridge (tuned),120,121,121,2,4,2.025027930096261,5.679252029620745,0.047703993156890334,ok,FALSE
1,1,Basis Ridge (tuned),120,121,121,3,1.0000000000000009e-4,2.006929633547946,3.586805902809831,0.46759365205828796,ok,FALSE
1,1,Basis Ridge (tuned),120,121,121,3,2.259459778615513e-4,2.0021749754244897,3.577497160737059,0.47035354616694125,ok,FALSE
1,1,Basis Ridge (tuned),120,121,121,3,5.105158491181259e-4,1.9949009837911553,3.56312483361148,0.4746006278150816,ok,FALSE
1,1,Basis Ridge (tuned),120,121,121,3,0.00115349002742815,1.9847790936111518,3.542811525389086,0.48057413575486985,ok,FALSE
1,1,Basis Ridge (tuned),120,121,121,3,0.002606264322008008,1.963964264467464,3.501310203625789,0.4926722102498631,ok,FALSE
1,1,Basis Ridge (tuned),120,121,121,3,0.005888749408017718,1.924810706606404,3.4241125782174158,0.5147969263342229,ok,FALSE
1,1,Basis Ridge (tuned),120,121,121,3,0.013305392433761935,1.8483254876006177,3.276424883661592,0.5557495211105441,ok,TRUE
1,1,Basis Ridge (tuned),120,121,121,3,0.030062999042780234,1.7214646635949897,3.0468010251880764,0.6158368892016106,ok,FALSE
1,1,Basis Ridge (tuned),120,121,121,3,0.06792613716171855,1.5747428904368967,2.829129563280118,0.6687673438379933,ok,FALSE
1,1,Basis Ridge (tuned),120,121,121,3,0.1534763748336234,1.5112963933990806,2.881018878025528,0.6565055839595977,ok,FALSE
1,1,Basis Ridge (tuned),120,121,121,3,0.34677369590428986,1.5562561926355092,3.3018485376092075,0.548828385439321,ok,FALSE
1,1,Basis Ridge (tuned),120,121,121,3,0.7835212181775894,1.6836428358146196,3.854168345277101,0.3852637355640244,ok,FALSE
1,1,Basis Ridge (tuned),120,121,121,3,1.7703346781640914,1.8476458009447256,4.330744707061702,0.22383752900237086,ok,FALSE
1,1,Basis Ridge (tuned),120,121,121,3,4,2.0066646194448428,4.668682369327554,0.09798007821200017,ok,FALSE
1,1,Basis Ridge (tuned),120,121,121,4,1.0000000000000009e-4,1.3302521000532395,3.1962583594120124,0.49979247759082257,ok,FALSE
1,1,Basis Ridge (tuned),120,121,121,4,2.259459778615513e-4,1.3303182141105057,3.1965069544986218,0.4997146653778415,ok,FALSE
1,1,Basis Ridge (tuned),120,121,121,4,5.105158491181259e-4,1.3303243258211161,3.196623538918546,0.4996781714549441,ok,FALSE
1,1,Basis Ridge (tuned),120,121,121,4,0.00115349002742815,1.3302603496219572,3.196677854829835,0.4996611687227793,ok,FALSE
1,1,Basis Ridge (tuned),120,121,121,4,0.002606264322008008,1.329998670967307,3.196399447510683,0.4997483166514044,ok,FALSE
1,1,Basis Ridge (tuned),120,121,121,4,0.005888749408017718,1.3291857114180037,3.1950818319485594,0.5001606578240217,ok,FALSE
1,1,Basis Ridge (tuned),120,121,121,4,0.013305392433761935,1.3273127930746205,3.1920809149618052,0.5010991451867697,ok,TRUE
1,1,Basis Ridge (tuned),120,121,121,4,0.030062999042780234,1.3236443687049795,3.1860755767080176,0.5029745676340067,ok,FALSE
1,1,Basis Ridge (tuned),120,121,121,4,0.06792613716171855,1.3184922257448755,3.1825373056767683,0.5040778899760068,ok,FALSE
1,1,Basis Ridge (tuned),120,121,121,4,0.1534763748336234,1.3179789086633131,3.2108614360756897,0.49521133642868875,ok,FALSE
1,1,Basis Ridge (tuned),120,121,121,4,0.34677369590428986,1.3415326971403139,3.331659589938806,0.4565148183400429,ok,FALSE
1,1,Basis Ridge (tuned),120,121,121,4,0.7835212181775894,1.41119330059307,3.584725047768042,0.37081528194898883,ok,FALSE
1,1,Basis Ridge (tuned),120,121,121,4,1.7703346781640914,1.527490592492645,3.9121051743955486,0.2506451735683538,ok,FALSE
1,1,Basis Ridge (tuned),120,121,121,4,4,1.6537741643818031,4.201383385266275,0.13572670872665615,ok,FALSE
1,1,Basis Ridge (tuned),120,121,121,5,1.0000000000000009e-4,1.1628320554491676,2.983163509897393,0.6243397562908283,ok,FALSE
1,1,Basis Ridge (tuned),120,121,121,5,2.259459778615513e-4,1.1630947151351307,2.9846237837824705,0.6239718910331069,ok,FALSE
1,1,Basis Ridge (tuned),120,121,121,5,5.105158491181259e-4,1.1635007145520868,2.9868887174678735,0.6234009635407375,ok,FALSE
1,1,Basis Ridge (tuned),120,121,121,5,0.00115349002742815,1.16414559278671,2.9904244664188653,0.6225088327013729,ok,FALSE
1,1,Basis Ridge (tuned),120,121,121,5,0.002606264322008008,1.165435814849666,2.997509777452259,0.6207179090905213,ok,FALSE
1,1,Basis Ridge (tuned),120,121,121,5,0.005888749408017718,1.1682589731813104,3.0129931733927098,0.6167894869131549,ok,FALSE
1,1,Basis Ridge (tuned),120,121,121,5,0.013305392433761935,1.174133112692623,3.044597063349031,0.6087081808894867,ok,TRUE
1,1,Basis Ridge (tuned),120,121,121,5,0.030062999042780234,1.1858420851895841,3.1071796262566345,0.5924566219796553,ok,FALSE
1,1,Basis Ridge (tuned),120,121,121,5,0.06792613716171855,1.2070557904174073,3.2184289884811763,0.5627508415318294,ok,FALSE
1,1,Basis Ridge (tuned),120,121,121,5,0.1534763748336234,1.2414599560413961,3.394420911476798,0.5136235839255388,ok,FALSE
1,1,Basis Ridge (tuned),120,121,121,5,0.34677369590428986,1.2943621280467186,3.6416795668301325,0.4401849388586001,ok,FALSE
1,1,Basis Ridge (tuned),120,121,121,5,0.7835212181775894,1.379227625082352,3.9536052883291304,0.3401765629889245,ok,FALSE
1,1,Basis Ridge (tuned),120,121,121,5,1.7703346781640914,1.4964947993026225,4.283292689200736,0.22554422311709432,ok,FALSE
1,1,Basis Ridge (tuned),120,121,121,5,4,1.6209309683104536,4.556314730362458,0.12366824142432187,ok,FALSE
1,1,Basis Ridge (tuned),120,121,121,6,1.0000000000000009e-4,1.2286255117199854,2.0792934764070803,0.7794594633805534,ok,FALSE
1,1,Basis Ridge (tuned),120,121,121,6,2.259459778615513e-4,1.2274702127333625,2.077965119699107,0.7797411580300925,ok,FALSE
1,1,Basis Ridge (tuned),120,121,121,6,5.105158491181259e-4,1.2257039592559589,2.0759595838420806,0.7801661159192037,ok,FALSE
1,1,Basis Ridge (tuned),120,121,121,6,0.00115349002742815,1.223190583860025,2.0731282293566715,0.780765359951751,ok,FALSE
1,1,Basis Ridge (tuned),120,121,121,6,0.002606264322008008,1.2183991773937604,2.0678436399613354,0.7818816328329932,ok,FALSE
1,1,Basis Ridge (tuned),120,121,121,6,0.005888749408017718,1.2087764798090965,2.0575751782113105,0.7840425109921922,ok,FALSE
1,1,Basis Ridge (tuned),120,121,121,6,0.013305392433761935,1.1918840439660972,2.042970375725193,0.7870973911234979,ok,TRUE
1,1,Basis Ridge (tuned),120,121,121,6,0.030062999042780234,1.162749232843952,2.038762026275543,0.7879736111383042,ok,FALSE
1,1,Basis Ridge (tuned),120,121,121,6,0.06792613716171855,1.1321945072295965,2.1043938160855142,0.7741027839157699,ok,FALSE
1,1,Basis Ridge (tuned),120,121,121,6,0.1534763748336234,1.12700471188497,2.339070407693842,0.7209105408158656,ok,FALSE
1,1,Basis Ridge (tuned),120,121,121,6,0.34677369590428986,1.1831650495285555,2.763840692005838,0.6103426628960704,ok,FALSE
1,1,Basis Ridge (tuned),120,121,121,6,0.7835212181775894,1.3015208775433613,3.273323020859866,0.45344411533652584,ok,FALSE
1,1,Basis Ridge (tuned),120,121,121,6,1.7703346781640914,1.4472505706547916,3.737584863211057,0.2874112371717651,ok,FALSE
1,1,Basis Ridge (tuned),120,121,121,6,4,1.580070636334733,4.0779706800586055,0.15170864159509645,ok,FALSE
12,2,Basis Ridge (tuned),72,73,84,1,1.0000000000000009e-4,1.582818079329587,4.300286808301396,0.5440713517962097,ok,FALSE
1,2,Basis Ridge (tuned),121,122,122,1,1.0000000000000009e-4,1.582818079329587,4.300286808301396,0.5440713517962097,ok,FALSE
12,2,Basis Ridge (tuned),72,73,84,1,2.259459778615513e-4,1.5842480550680418,4.306399241669513,0.5427743154767803,ok,FALSE
1,2,Basis Ridge (tuned),121,122,122,1,2.259459778615513e-4,1.5842480550680418,4.306399241669513,0.5427743154767803,ok,FALSE
12,2,Basis Ridge (tuned),72,73,84,1,5.105158491181259e-4,1.5869897160846802,4.318018930228622,0.5403035795406186,ok,FALSE
1,2,Basis Ridge (tuned),121,122,122,1,5.105158491181259e-4,1.5869897160846802,4.318018930228622,0.5403035795406186,ok,FALSE
12,2,Basis Ridge (tuned),72,73,84,1,0.00115349002742815,1.5908869195356896,4.334499190959903,0.5367879052430153,ok,TRUE
1,2,Basis Ridge (tuned),121,122,122,1,0.00115349002742815,1.5908869195356896,4.334499190959903,0.5367879052430153,ok,FALSE
12,2,Basis Ridge (tuned),72,73,84,1,0.002606264322008008,1.5996377512472282,4.371393271283125,0.528868874565494,ok,FALSE
1,2,Basis Ridge (tuned),121,122,122,1,0.002606264322008008,1.5996377512472282,4.371393271283125,0.528868874565494,ok,FALSE
12,2,Basis Ridge (tuned),72,73,84,1,0.005888749408017718,1.6168675511145691,4.441957362247706,0.5135358850801155,ok,FALSE
1,2,Basis Ridge (tuned),121,122,122,1,0.005888749408017718,1.6168675511145691,4.441957362247706,0.5135358850801155,ok,FALSE
12,2,Basis Ridge (tuned),72,73,84,1,0.013305392433761935,1.6604072457784667,4.603189247956525,0.4775801160409382,ok,FALSE
1,2,Basis Ridge (tuned),121,122,122,1,0.013305392433761935,1.6604072457784667,4.603189247956525,0.4775801160409382,ok,TRUE
12,2,Basis Ridge (tuned),72,73,84,1,0.030062999042780234,1.7514127802496517,4.910207552699873,0.4055686058474197,ok,FALSE
1,2,Basis Ridge (tuned),121,122,122,1,0.030062999042780234,1.7514127802496517,4.910207552699873,0.4055686058474197,ok,FALSE
12,2,Basis Ridge (tuned),72,73,84,1,0.06792613716171855,1.8925994133354527,5.365604565735103,0.29019449397371055,ok,FALSE
1,2,Basis Ridge (tuned),121,122,122,1,0.06792613716171855,1.8925994133354527,5.365604565735103,0.29019449397371055,ok,FALSE
12,2,Basis Ridge (tuned),72,73,84,1,0.1534763748336234,2.040852921544482,5.8393919574001885,0.15930726798451678,ok,FALSE
1,2,Basis Ridge (tuned),121,122,122,1,0.1534763748336234,2.040852921544482,5.8393919574001885,0.15930726798451678,ok,FALSE
12,2,Basis Ridge (tuned),72,73,84,1,0.34677369590428986,2.1434843073493393,6.172479984841076,0.06066302272379753,ok,FALSE
1,2,Basis Ridge (tuned),121,122,122,1,0.34677369590428986,2.1434843073493393,6.172479984841076,0.06066302272379753,ok,FALSE
12,2,Basis Ridge (tuned),72,73,84,1,0.7835212181775894,2.198776652902988,6.341940117627568,0.008377637705677787,ok,FALSE
1,2,Basis Ridge (tuned),121,122,122,1,0.7835212181775894,2.198776652902988,6.341940117627568,0.008377637705677787,ok,FALSE
12,2,Basis Ridge (tuned),72,73,84,1,1.7703346781640914,2.2293334697377203,6.413008971795307,-0.01397146447079578,ok,FALSE
1,2,Basis Ridge (tuned),121,122,122,1,1.7703346781640914,2.2293334697377203,6.413008971795307,-0.01397146447079578,ok,FALSE
12,2,Basis Ridge (tuned),72,73,84,1,4,2.253956345887773,6.443440688870071,-0.02361751537421486,ok,FALSE
1,2,Basis Ridge (tuned),121,122,122,1,4,2.253956345887773,6.443440688870071,-0.02361751537421486,ok,FALSE
12,2,Basis Ridge (tuned),72,73,84,2,1.0000000000000009e-4,1.4370033979882035,3.8437616707851565,0.5637830036939913,ok,FALSE
1,2,Basis Ridge (tuned),121,122,122,2,1.0000000000000009e-4,1.4370033979882035,3.8437616707851565,0.5637830036939913,ok,FALSE
12,2,Basis Ridge (tuned),72,73,84,2,2.259459778615513e-4,1.4381608117709783,3.848217192464795,0.5627711299598198,ok,FALSE
1,2,Basis Ridge (tuned),121,122,122,2,2.259459778615513e-4,1.4381608117709783,3.848217192464795,0.5627711299598198,ok,FALSE
12,2,Basis Ridge (tuned),72,73,84,2,5.105158491181259e-4,1.4399856805996076,3.8553347004548812,0.5611522723346818,ok,FALSE
1,2,Basis Ridge (tuned),121,122,122,2,5.105158491181259e-4,1.4399856805996076,3.8553347004548812,0.5611522723346818,ok,FALSE
12,2,Basis Ridge (tuned),72,73,84,2,0.00115349002742815,1.4426125636429488,3.865279350873101,0.5588853792198092,ok,TRUE
1,2,Basis Ridge (tuned),121,122,122,2,0.00115349002742815,1.4426125636429488,3.865279350873101,0.5588853792198092,ok,FALSE
12,2,Basis Ridge (tuned),72,73,84,2,0.002606264322008008,1.4481089594896936,3.886088948755441,0.5541229148440598,ok,FALSE
1,2,Basis Ridge (tuned),121,122,122,2,0.002606264322008008,1.4481089594896936,3.886088948755441,0.5541229148440598,ok,FALSE
12,2,Basis Ridge (tuned),72,73,84,2,0.005888749408017718,1.4583720953950534,3.925010169025216,0.545146802570158,ok,FALSE
1,2,Basis Ridge (tuned),121,122,122,2,0.005888749408017718,1.4583720953950534,3.925010169025216,0.545146802570158,ok,FALSE
12,2,Basis Ridge (tuned),72,73,84,2,0.013305392433761935,1.4826910883062165,4.01225450755221,0.5247012997249669,ok,FALSE
1,2,Basis Ridge (tuned),121,122,122,2,0.013305392433761935,1.4826910883062165,4.01225450755221,0.5247012997249669,ok,TRUE
12,2,Basis Ridge (tuned),72,73,84,2,0.030062999042780234,1.53193700527753,4.176895627626465,0.4848936236506485,ok,FALSE
1,2,Basis Ridge (tuned),121,122,122,2,0.030062999042780234,1.53193700527753,4.176895627626465,0.4848936236506485,ok,FALSE
12,2,Basis Ridge (tuned),72,73,84,2,0.06792613716171855,1.6129036432781445,4.438245328520095,0.41841621615600977,ok,FALSE
1,2,Basis Ridge (tuned),121,122,122,2,0.06792613716171855,1.6129036432781445,4.438245328520095,0.41841621615600977,ok,FALSE
12,2,Basis Ridge (tuned),72,73,84,2,0.1534763748336234,1.7156799138746337,4.766580811215368,0.3291837104948302,ok,FALSE
1,2,Basis Ridge (tuned),121,122,122,2,0.1534763748336234,1.7156799138746337,4.766580811215368,0.3291837104948302,ok,FALSE
12,2,Basis Ridge (tuned),72,73,84,2,0.34677369590428986,1.8111123389352186,5.079167815121878,0.23831605123407085,ok,FALSE
1,2,Basis Ridge (tuned),121,122,122,2,0.34677369590428986,1.8111123389352186,5.079167815121878,0.23831605123407085,ok,FALSE
12,2,Basis Ridge (tuned),72,73,84,2,0.7835212181775894,1.8830310404764632,5.326876550513999,0.16221044062220913,ok,FALSE
1,2,Basis Ridge (tuned),121,122,122,2,0.7835212181775894,1.8830310404764632,5.326876550513999,0.16221044062220913,ok,FALSE
12,2,Basis Ridge (tuned),72,73,84,2,1.7703346781640914,1.9460801170243498,5.520614616619519,0.1001615608894052,ok,FALSE
1,2,Basis Ridge (tuned),121,122,122,2,1.7703346781640914,1.9460801170243498,5.520614616619519,0.1001615608894052,ok,FALSE
12,2,Basis Ridge (tuned),72,73,84,2,4,2.025027930096261,5.679252029620745,0.047703993156890334,ok,FALSE
1,2,Basis Ridge (tuned),121,122,122,2,4,2.025027930096261,5.679252029620745,0.047703993156890334,ok,FALSE
1,2,Basis Ridge (tuned),121,122,122,3,1.0000000000000009e-4,2.006929633547946,3.586805902809831,0.46759365205828796,ok,FALSE
1,2,Basis Ridge (tuned),121,122,122,3,2.259459778615513e-4,2.0021749754244897,3.577497160737059,0.47035354616694125,ok,FALSE
1,2,Basis Ridge (tuned),121,122,122,3,5.105158491181259e-4,1.9949009837911553,3.56312483361148,0.4746006278150816,ok,FALSE
1,2,Basis Ridge (tuned),121,122,122,3,0.00115349002742815,1.9847790936111518,3.542811525389086,0.48057413575486985,ok,FALSE
1,2,Basis Ridge (tuned),121,122,122,3,0.002606264322008008,1.963964264467464,3.501310203625789,0.4926722102498631,ok,FALSE
1,2,Basis Ridge (tuned),121,122,122,3,0.005888749408017718,1.924810706606404,3.4241125782174158,0.5147969263342229,ok,FALSE
1,2,Basis Ridge (tuned),121,122,122,3,0.013305392433761935,1.8483254876006177,3.276424883661592,0.5557495211105441,ok,TRUE
1,2,Basis Ridge (tuned),121,122,122,3,0.030062999042780234,1.7214646635949897,3.0468010251880764,0.6158368892016106,ok,FALSE
1,2,Basis Ridge (tuned),121,122,122,3,0.06792613716171855,1.5747428904368967,2.829129563280118,0.6687673438379933,ok,FALSE
1,2,Basis Ridge (tuned),121,122,122,3,0.1534763748336234,1.5112963933990806,2.881018878025528,0.6565055839595977,ok,FALSE
1,2,Basis Ridge (tuned),121,122,122,3,0.34677369590428986,1.5562561926355092,3.3018485376092075,0.548828385439321,ok,FALSE
1,2,Basis Ridge (tuned),121,122,122,3,0.7835212181775894,1.6836428358146196,3.854168345277101,0.3852637355640244,ok,FALSE
1,2,Basis Ridge (tuned),121,122,122,3,1.7703346781640914,1.8476458009447256,4.330744707061702,0.22383752900237086,ok,FALSE
1,2,Basis Ridge (tuned),121,122,122,3,4,2.0066646194448428,4.668682369327554,0.09798007821200017,ok,FALSE
1,2,Basis Ridge (tuned),121,122,122,4,1.0000000000000009e-4,1.3302521000532395,3.1962583594120124,0.49979247759082257,ok,FALSE
1,2,Basis Ridge (tuned),121,122,122,4,2.259459778615513e-4,1.3303182141105057,3.1965069544986218,0.4997146653778415,ok,FALSE
1,2,Basis Ridge (tuned),121,122,122,4,5.105158491181259e-4,1.3303243258211161,3.196623538918546,0.4996781714549441,ok,FALSE
1,2,Basis Ridge (tuned),121,122,122,4,0.00115349002742815,1.3302603496219572,3.196677854829835,0.4996611687227793,ok,FALSE
1,2,Basis Ridge (tuned),121,122,122,4,0.002606264322008008,1.329998670967307,3.196399447510683,0.4997483166514044,ok,FALSE
1,2,Basis Ridge (tuned),121,122,122,4,0.005888749408017718,1.3291857114180037,3.1950818319485594,0.5001606578240217,ok,FALSE
1,2,Basis Ridge (tuned),121,122,122,4,0.013305392433761935,1.3273127930746205,3.1920809149618052,0.5010991451867697,ok,TRUE
1,2,Basis Ridge (tuned),121,122,122,4,0.030062999042780234,1.3236443687049795,3.1860755767080176,0.5029745676340067,ok,FALSE
1,2,Basis Ridge (tuned),121,122,122,4,0.06792613716171855,1.3184922257448755,3.1825373056767683,0.5040778899760068,ok,FALSE
1,2,Basis Ridge (tuned),121,122,122,4,0.1534763748336234,1.3179789086633131,3.2108614360756897,0.49521133642868875,ok,FALSE
1,2,Basis Ridge (tuned),121,122,122,4,0.34677369590428986,1.3415326971403139,3.331659589938806,0.4565148183400429,ok,FALSE
1,2,Basis Ridge (tuned),121,122,122,4,0.7835212181775894,1.41119330059307,3.584725047768042,0.37081528194898883,ok,FALSE
1,2,Basis Ridge (tuned),121,122,122,4,1.7703346781640914,1.527490592492645,3.9121051743955486,0.2506451735683538,ok,FALSE
1,2,Basis Ridge (tuned),121,122,122,4,4,1.6537741643818031,4.201383385266275,0.13572670872665615,ok,FALSE
1,2,Basis Ridge (tuned),121,122,122,5,1.0000000000000009e-4,1.1628320554491676,2.983163509897393,0.6243397562908283,ok,FALSE
1,2,Basis Ridge (tuned),121,122,122,5,2.259459778615513e-4,1.1630947151351307,2.9846237837824705,0.6239718910331069,ok,FALSE
1,2,Basis Ridge (tuned),121,122,122,5,5.105158491181259e-4,1.1635007145520868,2.9868887174678735,0.6234009635407375,ok,FALSE
1,2,Basis Ridge (tuned),121,122,122,5,0.00115349002742815,1.16414559278671,2.9904244664188653,0.6225088327013729,ok,FALSE
1,2,Basis Ridge (tuned),121,122,122,5,0.002606264322008008,1.165435814849666,2.997509777452259,0.6207179090905213,ok,FALSE
1,2,Basis Ridge (tuned),121,122,122,5,0.005888749408017718,1.1682589731813104,3.0129931733927098,0.6167894869131549,ok,FALSE
1,2,Basis Ridge (tuned),121,122,122,5,0.013305392433761935,1.174133112692623,3.044597063349031,0.6087081808894867,ok,TRUE
1,2,Basis Ridge (tuned),121,122,122,5,0.030062999042780234,1.1858420851895841,3.1071796262566345,0.5924566219796553,ok,FALSE
1,2,Basis Ridge (tuned),121,122,122,5,0.06792613716171855,1.2070557904174073,3.2184289884811763,0.5627508415318294,ok,FALSE
1,2,Basis Ridge (tuned),121,122,122,5,0.1534763748336234,1.2414599560413961,3.394420911476798,0.5136235839255388,ok,FALSE
1,2,Basis Ridge (tuned),121,122,122,5,0.34677369590428986,1.2943621280467186,3.6416795668301325,0.4401849388586001,ok,FALSE
1,2,Basis Ridge (tuned),121,122,122,5,0.7835212181775894,1.379227625082352,3.9536052883291304,0.3401765629889245,ok,FALSE
1,2,Basis Ridge (tuned),121,122,122,5,1.7703346781640914,1.4964947993026225,4.283292689200736,0.22554422311709432,ok,FALSE
1,2,Basis Ridge (tuned),121,122,122,5,4,1.6209309683104536,4.556314730362458,0.12366824142432187,ok,FALSE
1,2,Basis Ridge (tuned),121,122,122,6,1.0000000000000009e-4,1.2286255117199854,2.0792934764070803,0.7794594633805534,ok,FALSE
1,2,Basis Ridge (tuned),121,122,122,6,2.259459778615513e-4,1.2274702127333625,2.077965119699107,0.7797411580300925,ok,FALSE
1,2,Basis Ridge (tuned),121,122,122,6,5.105158491181259e-4,1.2257039592559589,2.0759595838420806,0.7801661159192037,ok,FALSE
1,2,Basis Ridge (tuned),121,122,122,6,0.00115349002742815,1.223190583860025,2.0731282293566715,0.780765359951751,ok,FALSE
1,2,Basis Ridge (tuned),121,122,122,6,0.002606264322008008,1.2183991773937604,2.0678436399613354,0.7818816328329932,ok,FALSE
1,2,Basis Ridge (tuned),121,122,122,6,0.005888749408017718,1.2087764798090965,2.0575751782113105,0.7840425109921922,ok,FALSE
1,2,Basis Ridge (tuned),121,122,122,6,0.013305392433761935,1.1918840439660972,2.042970375725193,0.7870973911234979,ok,TRUE
1,2,Basis Ridge (tuned),121,122,122,6,0.030062999042780234,1.162749232843952,2.038762026275543,0.7879736111383042,ok,FALSE
1,2,Basis Ridge (tuned),121,122,122,6,0.06792613716171855,1.1321945072295965,2.1043938160855142,0.7741027839157699,ok,FALSE
1,2,Basis Ridge (tuned),121,122,122,6,0.1534763748336234,1.12700471188497,2.339070407693842,0.7209105408158656,ok,FALSE
1,2,Basis Ridge (tuned),121,122,122,6,0.34677369590428986,1.1831650495285555,2.763840692005838,0.6103426628960704,ok,FALSE
1,2,Basis Ridge (tuned),121,122,122,6,0.7835212181775894,1.3015208775433613,3.273323020859866,0.45344411533652584,ok,FALSE
1,2,Basis Ridge (tuned),121,122,122,6,1.7703346781640914,1.4472505706547916,3.737584863211057,0.2874112371717651,ok,FALSE
1,2,Basis Ridge (tuned),121,122,122,6,4,1.580070636334733,4.0779706800586055,0.15170864159509645,ok,FALSE
12,3,Basis Ridge (tuned),84,85,96,1,1.0000000000000009e-4,1.582818079329587,4.300286808301396,0.5440713517962097,ok,FALSE
1,3,Basis Ridge (tuned),122,123,123,1,1.0000000000000009e-4,1.582818079329587,4.300286808301396,0.5440713517962097,ok,FALSE
12,3,Basis Ridge (tuned),84,85,96,1,2.259459778615513e-4,1.5842480550680418,4.306399241669513,0.5427743154767803,ok,FALSE
1,3,Basis Ridge (tuned),122,123,123,1,2.259459778615513e-4,1.5842480550680418,4.306399241669513,0.5427743154767803,ok,FALSE
12,3,Basis Ridge (tuned),84,85,96,1,5.105158491181259e-4,1.5869897160846802,4.318018930228622,0.5403035795406186,ok,FALSE
1,3,Basis Ridge (tuned),122,123,123,1,5.105158491181259e-4,1.5869897160846802,4.318018930228622,0.5403035795406186,ok,FALSE
12,3,Basis Ridge (tuned),84,85,96,1,0.00115349002742815,1.5908869195356896,4.334499190959903,0.5367879052430153,ok,FALSE
1,3,Basis Ridge (tuned),122,123,123,1,0.00115349002742815,1.5908869195356896,4.334499190959903,0.5367879052430153,ok,FALSE
12,3,Basis Ridge (tuned),84,85,96,1,0.002606264322008008,1.5996377512472282,4.371393271283125,0.528868874565494,ok,FALSE
1,3,Basis Ridge (tuned),122,123,123,1,0.002606264322008008,1.5996377512472282,4.371393271283125,0.528868874565494,ok,FALSE
12,3,Basis Ridge (tuned),84,85,96,1,0.005888749408017718,1.6168675511145691,4.441957362247706,0.5135358850801155,ok,TRUE
1,3,Basis Ridge (tuned),122,123,123,1,0.005888749408017718,1.6168675511145691,4.441957362247706,0.5135358850801155,ok,FALSE
12,3,Basis Ridge (tuned),84,85,96,1,0.013305392433761935,1.6604072457784667,4.603189247956525,0.4775801160409382,ok,FALSE
1,3,Basis Ridge (tuned),122,123,123,1,0.013305392433761935,1.6604072457784667,4.603189247956525,0.4775801160409382,ok,TRUE
12,3,Basis Ridge (tuned),84,85,96,1,0.030062999042780234,1.7514127802496517,4.910207552699873,0.4055686058474197,ok,FALSE
1,3,Basis Ridge (tuned),122,123,123,1,0.030062999042780234,1.7514127802496517,4.910207552699873,0.4055686058474197,ok,FALSE
12,3,Basis Ridge (tuned),84,85,96,1,0.06792613716171855,1.8925994133354527,5.365604565735103,0.29019449397371055,ok,FALSE
1,3,Basis Ridge (tuned),122,123,123,1,0.06792613716171855,1.8925994133354527,5.365604565735103,0.29019449397371055,ok,FALSE
12,3,Basis Ridge (tuned),84,85,96,1,0.1534763748336234,2.040852921544482,5.8393919574001885,0.15930726798451678,ok,FALSE
1,3,Basis Ridge (tuned),122,123,123,1,0.1534763748336234,2.040852921544482,5.8393919574001885,0.15930726798451678,ok,FALSE
12,3,Basis Ridge (tuned),84,85,96,1,0.34677369590428986,2.1434843073493393,6.172479984841076,0.06066302272379753,ok,FALSE
1,3,Basis Ridge (tuned),122,123,123,1,0.34677369590428986,2.1434843073493393,6.172479984841076,0.06066302272379753,ok,FALSE
12,3,Basis Ridge (tuned),84,85,96,1,0.7835212181775894,2.198776652902988,6.341940117627568,0.008377637705677787,ok,FALSE
1,3,Basis Ridge (tuned),122,123,123,1,0.7835212181775894,2.198776652902988,6.341940117627568,0.008377637705677787,ok,FALSE
12,3,Basis Ridge (tuned),84,85,96,1,1.7703346781640914,2.2293334697377203,6.413008971795307,-0.01397146447079578,ok,FALSE
1,3,Basis Ridge (tuned),122,123,123,1,1.7703346781640914,2.2293334697377203,6.413008971795307,-0.01397146447079578,ok,FALSE
12,3,Basis Ridge (tuned),84,85,96,1,4,2.253956345887773,6.443440688870071,-0.02361751537421486,ok,FALSE
1,3,Basis Ridge (tuned),122,123,123,1,4,2.253956345887773,6.443440688870071,-0.02361751537421486,ok,FALSE
12,3,Basis Ridge (tuned),84,85,96,2,1.0000000000000009e-4,1.4370033979882035,3.8437616707851565,0.5637830036939913,ok,FALSE
1,3,Basis Ridge (tuned),122,123,123,2,1.0000000000000009e-4,1.4370033979882035,3.8437616707851565,0.5637830036939913,ok,FALSE
12,3,Basis Ridge (tuned),84,85,96,2,2.259459778615513e-4,1.4381608117709783,3.848217192464795,0.5627711299598198,ok,FALSE
1,3,Basis Ridge (tuned),122,123,123,2,2.259459778615513e-4,1.4381608117709783,3.848217192464795,0.5627711299598198,ok,FALSE
12,3,Basis Ridge (tuned),84,85,96,2,5.105158491181259e-4,1.4399856805996076,3.8553347004548812,0.5611522723346818,ok,FALSE
1,3,Basis Ridge (tuned),122,123,123,2,5.105158491181259e-4,1.4399856805996076,3.8553347004548812,0.5611522723346818,ok,FALSE
12,3,Basis Ridge (tuned),84,85,96,2,0.00115349002742815,1.4426125636429488,3.865279350873101,0.5588853792198092,ok,FALSE
1,3,Basis Ridge (tuned),122,123,123,2,0.00115349002742815,1.4426125636429488,3.865279350873101,0.5588853792198092,ok,FALSE
12,3,Basis Ridge (tuned),84,85,96,2,0.002606264322008008,1.4481089594896936,3.886088948755441,0.5541229148440598,ok,FALSE
1,3,Basis Ridge (tuned),122,123,123,2,0.002606264322008008,1.4481089594896936,3.886088948755441,0.5541229148440598,ok,FALSE
12,3,Basis Ridge (tuned),84,85,96,2,0.005888749408017718,1.4583720953950534,3.925010169025216,0.545146802570158,ok,TRUE
1,3,Basis Ridge (tuned),122,123,123,2,0.005888749408017718,1.4583720953950534,3.925010169025216,0.545146802570158,ok,FALSE
12,3,Basis Ridge (tuned),84,85,96,2,0.013305392433761935,1.4826910883062165,4.01225450755221,0.5247012997249669,ok,FALSE
1,3,Basis Ridge (tuned),122,123,123,2,0.013305392433761935,1.4826910883062165,4.01225450755221,0.5247012997249669,ok,TRUE
12,3,Basis Ridge (tuned),84,85,96,2,0.030062999042780234,1.53193700527753,4.176895627626465,0.4848936236506485,ok,FALSE
1,3,Basis Ridge (tuned),122,123,123,2,0.030062999042780234,1.53193700527753,4.176895627626465,0.4848936236506485,ok,FALSE
12,3,Basis Ridge (tuned),84,85,96,2,0.06792613716171855,1.6129036432781445,4.438245328520095,0.41841621615600977,ok,FALSE
1,3,Basis Ridge (tuned),122,123,123,2,0.06792613716171855,1.6129036432781445,4.438245328520095,0.41841621615600977,ok,FALSE
12,3,Basis Ridge (tuned),84,85,96,2,0.1534763748336234,1.7156799138746337,4.766580811215368,0.3291837104948302,ok,FALSE
1,3,Basis Ridge (tuned),122,123,123,2,0.1534763748336234,1.7156799138746337,4.766580811215368,0.3291837104948302,ok,FALSE
12,3,Basis Ridge (tuned),84,85,96,2,0.34677369590428986,1.8111123389352186,5.079167815121878,0.23831605123407085,ok,FALSE
1,3,Basis Ridge (tuned),122,123,123,2,0.34677369590428986,1.8111123389352186,5.079167815121878,0.23831605123407085,ok,FALSE
12,3,Basis Ridge (tuned),84,85,96,2,0.7835212181775894,1.8830310404764632,5.326876550513999,0.16221044062220913,ok,FALSE
1,3,Basis Ridge (tuned),122,123,123,2,0.7835212181775894,1.8830310404764632,5.326876550513999,0.16221044062220913,ok,FALSE
12,3,Basis Ridge (tuned),84,85,96,2,1.7703346781640914,1.9460801170243498,5.520614616619519,0.1001615608894052,ok,FALSE
1,3,Basis Ridge (tuned),122,123,123,2,1.7703346781640914,1.9460801170243498,5.520614616619519,0.1001615608894052,ok,FALSE
12,3,Basis Ridge (tuned),84,85,96,2,4,2.025027930096261,5.679252029620745,0.047703993156890334,ok,FALSE
1,3,Basis Ridge (tuned),122,123,123,2,4,2.025027930096261,5.679252029620745,0.047703993156890334,ok,FALSE
12,3,Basis Ridge (tuned),84,85,96,3,1.0000000000000009e-4,2.006929633547946,3.586805902809831,0.46759365205828796,ok,FALSE
1,3,Basis Ridge (tuned),122,123,123,3,1.0000000000000009e-4,2.006929633547946,3.586805902809831,0.46759365205828796,ok,FALSE
12,3,Basis Ridge (tuned),84,85,96,3,2.259459778615513e-4,2.0021749754244897,3.577497160737059,0.47035354616694125,ok,FALSE
1,3,Basis Ridge (tuned),122,123,123,3,2.259459778615513e-4,2.0021749754244897,3.577497160737059,0.47035354616694125,ok,FALSE
12,3,Basis Ridge (tuned),84,85,96,3,5.105158491181259e-4,1.9949009837911553,3.56312483361148,0.4746006278150816,ok,FALSE
1,3,Basis Ridge (tuned),122,123,123,3,5.105158491181259e-4,1.9949009837911553,3.56312483361148,0.4746006278150816,ok,FALSE
12,3,Basis Ridge (tuned),84,85,96,3,0.00115349002742815,1.9847790936111518,3.542811525389086,0.48057413575486985,ok,FALSE
1,3,Basis Ridge (tuned),122,123,123,3,0.00115349002742815,1.9847790936111518,3.542811525389086,0.48057413575486985,ok,FALSE
12,3,Basis Ridge (tuned),84,85,96,3,0.002606264322008008,1.963964264467464,3.501310203625789,0.4926722102498631,ok,FALSE
1,3,Basis Ridge (tuned),122,123,123,3,0.002606264322008008,1.963964264467464,3.501310203625789,0.4926722102498631,ok,FALSE
12,3,Basis Ridge (tuned),84,85,96,3,0.005888749408017718,1.924810706606404,3.4241125782174158,0.5147969263342229,ok,TRUE
1,3,Basis Ridge (tuned),122,123,123,3,0.005888749408017718,1.924810706606404,3.4241125782174158,0.5147969263342229,ok,FALSE
12,3,Basis Ridge (tuned),84,85,96,3,0.013305392433761935,1.8483254876006177,3.276424883661592,0.5557495211105441,ok,FALSE
1,3,Basis Ridge (tuned),122,123,123,3,0.013305392433761935,1.8483254876006177,3.276424883661592,0.5557495211105441,ok,TRUE
12,3,Basis Ridge (tuned),84,85,96,3,0.030062999042780234,1.7214646635949897,3.0468010251880764,0.6158368892016106,ok,FALSE
1,3,Basis Ridge (tuned),122,123,123,3,0.030062999042780234,1.7214646635949897,3.0468010251880764,0.6158368892016106,ok,FALSE
12,3,Basis Ridge (tuned),84,85,96,3,0.06792613716171855,1.5747428904368967,2.829129563280118,0.6687673438379933,ok,FALSE
1,3,Basis Ridge (tuned),122,123,123,3,0.06792613716171855,1.5747428904368967,2.829129563280118,0.6687673438379933,ok,FALSE
12,3,Basis Ridge (tuned),84,85,96,3,0.1534763748336234,1.5112963933990806,2.881018878025528,0.6565055839595977,ok,FALSE
1,3,Basis Ridge (tuned),122,123,123,3,0.1534763748336234,1.5112963933990806,2.881018878025528,0.6565055839595977,ok,FALSE
12,3,Basis Ridge (tuned),84,85,96,3,0.34677369590428986,1.5562561926355092,3.3018485376092075,0.548828385439321,ok,FALSE
1,3,Basis Ridge (tuned),122,123,123,3,0.34677369590428986,1.5562561926355092,3.3018485376092075,0.548828385439321,ok,FALSE
12,3,Basis Ridge (tuned),84,85,96,3,0.7835212181775894,1.6836428358146196,3.854168345277101,0.3852637355640244,ok,FALSE
1,3,Basis Ridge (tuned),122,123,123,3,0.7835212181775894,1.6836428358146196,3.854168345277101,0.3852637355640244,ok,FALSE
12,3,Basis Ridge (tuned),84,85,96,3,1.7703346781640914,1.8476458009447256,4.330744707061702,0.22383752900237086,ok,FALSE
1,3,Basis Ridge (tuned),122,123,123,3,1.7703346781640914,1.8476458009447256,4.330744707061702,0.22383752900237086,ok,FALSE
12,3,Basis Ridge (tuned),84,85,96,3,4,2.0066646194448428,4.668682369327554,0.09798007821200017,ok,FALSE
1,3,Basis Ridge (tuned),122,123,123,3,4,2.0066646194448428,4.668682369327554,0.09798007821200017,ok,FALSE
1,3,Basis Ridge (tuned),122,123,123,4,1.0000000000000009e-4,1.3302521000532395,3.1962583594120124,0.49979247759082257,ok,FALSE
1,3,Basis Ridge (tuned),122,123,123,4,2.259459778615513e-4,1.3303182141105057,3.1965069544986218,0.4997146653778415,ok,FALSE
1,3,Basis Ridge (tuned),122,123,123,4,5.105158491181259e-4,1.3303243258211161,3.196623538918546,0.4996781714549441,ok,FALSE
1,3,Basis Ridge (tuned),122,123,123,4,0.00115349002742815,1.3302603496219572,3.196677854829835,0.4996611687227793,ok,FALSE
1,3,Basis Ridge (tuned),122,123,123,4,0.002606264322008008,1.329998670967307,3.196399447510683,0.4997483166514044,ok,FALSE
1,3,Basis Ridge (tuned),122,123,123,4,0.005888749408017718,1.3291857114180037,3.1950818319485594,0.5001606578240217,ok,FALSE
1,3,Basis Ridge (tuned),122,123,123,4,0.013305392433761935,1.3273127930746205,3.1920809149618052,0.5010991451867697,ok,TRUE
1,3,Basis Ridge (tuned),122,123,123,4,0.030062999042780234,1.3236443687049795,3.1860755767080176,0.5029745676340067,ok,FALSE
1,3,Basis Ridge (tuned),122,123,123,4,0.06792613716171855,1.3184922257448755,3.1825373056767683,0.5040778899760068,ok,FALSE
1,3,Basis Ridge (tuned),122,123,123,4,0.1534763748336234,1.3179789086633131,3.2108614360756897,0.49521133642868875,ok,FALSE
1,3,Basis Ridge (tuned),122,123,123,4,0.34677369590428986,1.3415326971403139,3.331659589938806,0.4565148183400429,ok,FALSE
1,3,Basis Ridge (tuned),122,123,123,4,0.7835212181775894,1.41119330059307,3.584725047768042,0.37081528194898883,ok,FALSE
1,3,Basis Ridge (tuned),122,123,123,4,1.7703346781640914,1.527490592492645,3.9121051743955486,0.2506451735683538,ok,FALSE
1,3,Basis Ridge (tuned),122,123,123,4,4,1.6537741643818031,4.201383385266275,0.13572670872665615,ok,FALSE
1,3,Basis Ridge (tuned),122,123,123,5,1.0000000000000009e-4,1.1628320554491676,2.983163509897393,0.6243397562908283,ok,FALSE
1,3,Basis Ridge (tuned),122,123,123,5,2.259459778615513e-4,1.1630947151351307,2.9846237837824705,0.6239718910331069,ok,FALSE
1,3,Basis Ridge (tuned),122,123,123,5,5.105158491181259e-4,1.1635007145520868,2.9868887174678735,0.6234009635407375,ok,FALSE
1,3,Basis Ridge (tuned),122,123,123,5,0.00115349002742815,1.16414559278671,2.9904244664188653,0.6225088327013729,ok,FALSE
1,3,Basis Ridge (tuned),122,123,123,5,0.002606264322008008,1.165435814849666,2.997509777452259,0.6207179090905213,ok,FALSE
1,3,Basis Ridge (tuned),122,123,123,5,0.005888749408017718,1.1682589731813104,3.0129931733927098,0.6167894869131549,ok,FALSE
1,3,Basis Ridge (tuned),122,123,123,5,0.013305392433761935,1.174133112692623,3.044597063349031,0.6087081808894867,ok,TRUE
1,3,Basis Ridge (tuned),122,123,123,5,0.030062999042780234,1.1858420851895841,3.1071796262566345,0.5924566219796553,ok,FALSE
1,3,Basis Ridge (tuned),122,123,123,5,0.06792613716171855,1.2070557904174073,3.2184289884811763,0.5627508415318294,ok,FALSE
1,3,Basis Ridge (tuned),122,123,123,5,0.1534763748336234,1.2414599560413961,3.394420911476798,0.5136235839255388,ok,FALSE
1,3,Basis Ridge (tuned),122,123,123,5,0.34677369590428986,1.2943621280467186,3.6416795668301325,0.4401849388586001,ok,FALSE
1,3,Basis Ridge (tuned),122,123,123,5,0.7835212181775894,1.379227625082352,3.9536052883291304,0.3401765629889245,ok,FALSE
1,3,Basis Ridge (tuned),122,123,123,5,1.7703346781640914,1.4964947993026225,4.283292689200736,0.22554422311709432,ok,FALSE
1,3,Basis Ridge (tuned),122,123,123,5,4,1.6209309683104536,4.556314730362458,0.12366824142432187,ok,FALSE
1,3,Basis Ridge (tuned),122,123,123,6,1.0000000000000009e-4,1.2286255117199854,2.0792934764070803,0.7794594633805534,ok,FALSE
1,3,Basis Ridge (tuned),122,123,123,6,2.259459778615513e-4,1.2274702127333625,2.077965119699107,0.7797411580300925,ok,FALSE
1,3,Basis Ridge (tuned),122,123,123,6,5.105158491181259e-4,1.2257039592559589,2.0759595838420806,0.7801661159192037,ok,FALSE
1,3,Basis Ridge (tuned),122,123,123,6,0.00115349002742815,1.223190583860025,2.0731282293566715,0.780765359951751,ok,FALSE
1,3,Basis Ridge (tuned),122,123,123,6,0.002606264322008008,1.2183991773937604,2.0678436399613354,0.7818816328329932,ok,FALSE
1,3,Basis Ridge (tuned),122,123,123,6,0.005888749408017718,1.2087764798090965,2.0575751782113105,0.7840425109921922,ok,FALSE
1,3,Basis Ridge (tuned),122,123,123,6,0.013305392433761935,1.1918840439660972,2.042970375725193,0.7870973911234979,ok,TRUE
1,3,Basis Ridge (tuned),122,123,123,6,0.030062999042780234,1.162749232843952,2.038762026275543,0.7879736111383042,ok,FALSE
1,3,Basis Ridge (tuned),122,123,123,6,0.06792613716171855,1.1321945072295965,2.1043938160855142,0.7741027839157699,ok,FALSE
1,3,Basis Ridge (tuned),122,123,123,6,0.1534763748336234,1.12700471188497,2.339070407693842,0.7209105408158656,ok,FALSE
1,3,Basis Ridge (tuned),122,123,123,6,0.34677369590428986,1.1831650495285555,2.763840692005838,0.6103426628960704,ok,FALSE
1,3,Basis Ridge (tuned),122,123,123,6,0.7835212181775894,1.3015208775433613,3.273323020859866,0.45344411533652584,ok,FALSE
1,3,Basis Ridge (tuned),122,123,123,6,1.7703346781640914,1.4472505706547916,3.737584863211057,0.2874112371717651,ok,FALSE
1,3,Basis Ridge (tuned),122,123,123,6,4,1.580070636334733,4.0779706800586055,0.15170864159509645,ok,FALSE
12,4,Basis Ridge (tuned),96,97,108,1,1.0000000000000009e-4,1.582818079329587,4.300286808301396,0.5440713517962097,ok,FALSE
1,4,Basis Ridge (tuned),123,124,124,1,1.0000000000000009e-4,1.582818079329587,4.300286808301396,0.5440713517962097,ok,FALSE
12,4,Basis Ridge (tuned),96,97,108,1,2.259459778615513e-4,1.5842480550680418,4.306399241669513,0.5427743154767803,ok,FALSE
1,4,Basis Ridge (tuned),123,124,124,1,2.259459778615513e-4,1.5842480550680418,4.306399241669513,0.5427743154767803,ok,FALSE
12,4,Basis Ridge (tuned),96,97,108,1,5.105158491181259e-4,1.5869897160846802,4.318018930228622,0.5403035795406186,ok,FALSE
1,4,Basis Ridge (tuned),123,124,124,1,5.105158491181259e-4,1.5869897160846802,4.318018930228622,0.5403035795406186,ok,FALSE
12,4,Basis Ridge (tuned),96,97,108,1,0.00115349002742815,1.5908869195356896,4.334499190959903,0.5367879052430153,ok,FALSE
1,4,Basis Ridge (tuned),123,124,124,1,0.00115349002742815,1.5908869195356896,4.334499190959903,0.5367879052430153,ok,FALSE
12,4,Basis Ridge (tuned),96,97,108,1,0.002606264322008008,1.5996377512472282,4.371393271283125,0.528868874565494,ok,FALSE
1,4,Basis Ridge (tuned),123,124,124,1,0.002606264322008008,1.5996377512472282,4.371393271283125,0.528868874565494,ok,FALSE
12,4,Basis Ridge (tuned),96,97,108,1,0.005888749408017718,1.6168675511145691,4.441957362247706,0.5135358850801155,ok,TRUE
1,4,Basis Ridge (tuned),123,124,124,1,0.005888749408017718,1.6168675511145691,4.441957362247706,0.5135358850801155,ok,FALSE
12,4,Basis Ridge (tuned),96,97,108,1,0.013305392433761935,1.6604072457784667,4.603189247956525,0.4775801160409382,ok,FALSE
1,4,Basis Ridge (tuned),123,124,124,1,0.013305392433761935,1.6604072457784667,4.603189247956525,0.4775801160409382,ok,TRUE
12,4,Basis Ridge (tuned),96,97,108,1,0.030062999042780234,1.7514127802496517,4.910207552699873,0.4055686058474197,ok,FALSE
1,4,Basis Ridge (tuned),123,124,124,1,0.030062999042780234,1.7514127802496517,4.910207552699873,0.4055686058474197,ok,FALSE
12,4,Basis Ridge (tuned),96,97,108,1,0.06792613716171855,1.8925994133354527,5.365604565735103,0.29019449397371055,ok,FALSE
1,4,Basis Ridge (tuned),123,124,124,1,0.06792613716171855,1.8925994133354527,5.365604565735103,0.29019449397371055,ok,FALSE
12,4,Basis Ridge (tuned),96,97,108,1,0.1534763748336234,2.040852921544482,5.8393919574001885,0.15930726798451678,ok,FALSE
1,4,Basis Ridge (tuned),123,124,124,1,0.1534763748336234,2.040852921544482,5.8393919574001885,0.15930726798451678,ok,FALSE
12,4,Basis Ridge (tuned),96,97,108,1,0.34677369590428986,2.1434843073493393,6.172479984841076,0.06066302272379753,ok,FALSE
1,4,Basis Ridge (tuned),123,124,124,1,0.34677369590428986,2.1434843073493393,6.172479984841076,0.06066302272379753,ok,FALSE
12,4,Basis Ridge (tuned),96,97,108,1,0.7835212181775894,2.198776652902988,6.341940117627568,0.008377637705677787,ok,FALSE
1,4,Basis Ridge (tuned),123,124,124,1,0.7835212181775894,2.198776652902988,6.341940117627568,0.008377637705677787,ok,FALSE
12,4,Basis Ridge (tuned),96,97,108,1,1.7703346781640914,2.2293334697377203,6.413008971795307,-0.01397146447079578,ok,FALSE
1,4,Basis Ridge (tuned),123,124,124,1,1.7703346781640914,2.2293334697377203,6.413008971795307,-0.01397146447079578,ok,FALSE
12,4,Basis Ridge (tuned),96,97,108,1,4,2.253956345887773,6.443440688870071,-0.02361751537421486,ok,FALSE
1,4,Basis Ridge (tuned),123,124,124,1,4,2.253956345887773,6.443440688870071,-0.02361751537421486,ok,FALSE
12,4,Basis Ridge (tuned),96,97,108,2,1.0000000000000009e-4,1.4370033979882035,3.8437616707851565,0.5637830036939913,ok,FALSE
1,4,Basis Ridge (tuned),123,124,124,2,1.0000000000000009e-4,1.4370033979882035,3.8437616707851565,0.5637830036939913,ok,FALSE
12,4,Basis Ridge (tuned),96,97,108,2,2.259459778615513e-4,1.4381608117709783,3.848217192464795,0.5627711299598198,ok,FALSE
1,4,Basis Ridge (tuned),123,124,124,2,2.259459778615513e-4,1.4381608117709783,3.848217192464795,0.5627711299598198,ok,FALSE
12,4,Basis Ridge (tuned),96,97,108,2,5.105158491181259e-4,1.4399856805996076,3.8553347004548812,0.5611522723346818,ok,FALSE
1,4,Basis Ridge (tuned),123,124,124,2,5.105158491181259e-4,1.4399856805996076,3.8553347004548812,0.5611522723346818,ok,FALSE
12,4,Basis Ridge (tuned),96,97,108,2,0.00115349002742815,1.4426125636429488,3.865279350873101,0.5588853792198092,ok,FALSE
1,4,Basis Ridge (tuned),123,124,124,2,0.00115349002742815,1.4426125636429488,3.865279350873101,0.5588853792198092,ok,FALSE
12,4,Basis Ridge (tuned),96,97,108,2,0.002606264322008008,1.4481089594896936,3.886088948755441,0.5541229148440598,ok,FALSE
1,4,Basis Ridge (tuned),123,124,124,2,0.002606264322008008,1.4481089594896936,3.886088948755441,0.5541229148440598,ok,FALSE
12,4,Basis Ridge (tuned),96,97,108,2,0.005888749408017718,1.4583720953950534,3.925010169025216,0.545146802570158,ok,TRUE
1,4,Basis Ridge (tuned),123,124,124,2,0.005888749408017718,1.4583720953950534,3.925010169025216,0.545146802570158,ok,FALSE
12,4,Basis Ridge (tuned),96,97,108,2,0.013305392433761935,1.4826910883062165,4.01225450755221,0.5247012997249669,ok,FALSE
1,4,Basis Ridge (tuned),123,124,124,2,0.013305392433761935,1.4826910883062165,4.01225450755221,0.5247012997249669,ok,TRUE
12,4,Basis Ridge (tuned),96,97,108,2,0.030062999042780234,1.53193700527753,4.176895627626465,0.4848936236506485,ok,FALSE
1,4,Basis Ridge (tuned),123,124,124,2,0.030062999042780234,1.53193700527753,4.176895627626465,0.4848936236506485,ok,FALSE
12,4,Basis Ridge (tuned),96,97,108,2,0.06792613716171855,1.6129036432781445,4.438245328520095,0.41841621615600977,ok,FALSE
1,4,Basis Ridge (tuned),123,124,124,2,0.06792613716171855,1.6129036432781445,4.438245328520095,0.41841621615600977,ok,FALSE
12,4,Basis Ridge (tuned),96,97,108,2,0.1534763748336234,1.7156799138746337,4.766580811215368,0.3291837104948302,ok,FALSE
1,4,Basis Ridge (tuned),123,124,124,2,0.1534763748336234,1.7156799138746337,4.766580811215368,0.3291837104948302,ok,FALSE
12,4,Basis Ridge (tuned),96,97,108,2,0.34677369590428986,1.8111123389352186,5.079167815121878,0.23831605123407085,ok,FALSE
1,4,Basis Ridge (tuned),123,124,124,2,0.34677369590428986,1.8111123389352186,5.079167815121878,0.23831605123407085,ok,FALSE
12,4,Basis Ridge (tuned),96,97,108,2,0.7835212181775894,1.8830310404764632,5.326876550513999,0.16221044062220913,ok,FALSE
1,4,Basis Ridge (tuned),123,124,124,2,0.7835212181775894,1.8830310404764632,5.326876550513999,0.16221044062220913,ok,FALSE
12,4,Basis Ridge (tuned),96,97,108,2,1.7703346781640914,1.9460801170243498,5.520614616619519,0.1001615608894052,ok,FALSE
1,4,Basis Ridge (tuned),123,124,124,2,1.7703346781640914,1.9460801170243498,5.520614616619519,0.1001615608894052,ok,FALSE
12,4,Basis Ridge (tuned),96,97,108,2,4,2.025027930096261,5.679252029620745,0.047703993156890334,ok,FALSE
1,4,Basis Ridge (tuned),123,124,124,2,4,2.025027930096261,5.679252029620745,0.047703993156890334,ok,FALSE
12,4,Basis Ridge (tuned),96,97,108,3,1.0000000000000009e-4,2.006929633547946,3.586805902809831,0.46759365205828796,ok,FALSE
1,4,Basis Ridge (tuned),123,124,124,3,1.0000000000000009e-4,2.006929633547946,3.586805902809831,0.46759365205828796,ok,FALSE
12,4,Basis Ridge (tuned),96,97,108,3,2.259459778615513e-4,2.0021749754244897,3.577497160737059,0.47035354616694125,ok,FALSE
1,4,Basis Ridge (tuned),123,124,124,3,2.259459778615513e-4,2.0021749754244897,3.577497160737059,0.47035354616694125,ok,FALSE
12,4,Basis Ridge (tuned),96,97,108,3,5.105158491181259e-4,1.9949009837911553,3.56312483361148,0.4746006278150816,ok,FALSE
1,4,Basis Ridge (tuned),123,124,124,3,5.105158491181259e-4,1.9949009837911553,3.56312483361148,0.4746006278150816,ok,FALSE
12,4,Basis Ridge (tuned),96,97,108,3,0.00115349002742815,1.9847790936111518,3.542811525389086,0.48057413575486985,ok,FALSE
1,4,Basis Ridge (tuned),123,124,124,3,0.00115349002742815,1.9847790936111518,3.542811525389086,0.48057413575486985,ok,FALSE
12,4,Basis Ridge (tuned),96,97,108,3,0.002606264322008008,1.963964264467464,3.501310203625789,0.4926722102498631,ok,FALSE
1,4,Basis Ridge (tuned),123,124,124,3,0.002606264322008008,1.963964264467464,3.501310203625789,0.4926722102498631,ok,FALSE
12,4,Basis Ridge (tuned),96,97,108,3,0.005888749408017718,1.924810706606404,3.4241125782174158,0.5147969263342229,ok,TRUE
1,4,Basis Ridge (tuned),123,124,124,3,0.005888749408017718,1.924810706606404,3.4241125782174158,0.5147969263342229,ok,FALSE
12,4,Basis Ridge (tuned),96,97,108,3,0.013305392433761935,1.8483254876006177,3.276424883661592,0.5557495211105441,ok,FALSE
1,4,Basis Ridge (tuned),123,124,124,3,0.013305392433761935,1.8483254876006177,3.276424883661592,0.5557495211105441,ok,TRUE
12,4,Basis Ridge (tuned),96,97,108,3,0.030062999042780234,1.7214646635949897,3.0468010251880764,0.6158368892016106,ok,FALSE
1,4,Basis Ridge (tuned),123,124,124,3,0.030062999042780234,1.7214646635949897,3.0468010251880764,0.6158368892016106,ok,FALSE
12,4,Basis Ridge (tuned),96,97,108,3,0.06792613716171855,1.5747428904368967,2.829129563280118,0.6687673438379933,ok,FALSE
1,4,Basis Ridge (tuned),123,124,124,3,0.06792613716171855,1.5747428904368967,2.829129563280118,0.6687673438379933,ok,FALSE
12,4,Basis Ridge (tuned),96,97,108,3,0.1534763748336234,1.5112963933990806,2.881018878025528,0.6565055839595977,ok,FALSE
1,4,Basis Ridge (tuned),123,124,124,3,0.1534763748336234,1.5112963933990806,2.881018878025528,0.6565055839595977,ok,FALSE
12,4,Basis Ridge (tuned),96,97,108,3,0.34677369590428986,1.5562561926355092,3.3018485376092075,0.548828385439321,ok,FALSE
1,4,Basis Ridge (tuned),123,124,124,3,0.34677369590428986,1.5562561926355092,3.3018485376092075,0.548828385439321,ok,FALSE
12,4,Basis Ridge (tuned),96,97,108,3,0.7835212181775894,1.6836428358146196,3.854168345277101,0.3852637355640244,ok,FALSE
1,4,Basis Ridge (tuned),123,124,124,3,0.7835212181775894,1.6836428358146196,3.854168345277101,0.3852637355640244,ok,FALSE
12,4,Basis Ridge (tuned),96,97,108,3,1.7703346781640914,1.8476458009447256,4.330744707061702,0.22383752900237086,ok,FALSE
1,4,Basis Ridge (tuned),123,124,124,3,1.7703346781640914,1.8476458009447256,4.330744707061702,0.22383752900237086,ok,FALSE
12,4,Basis Ridge (tuned),96,97,108,3,4,2.0066646194448428,4.668682369327554,0.09798007821200017,ok,FALSE
1,4,Basis Ridge (tuned),123,124,124,3,4,2.0066646194448428,4.668682369327554,0.09798007821200017,ok,FALSE
12,4,Basis Ridge (tuned),96,97,108,4,1.0000000000000009e-4,1.3302521000532395,3.1962583594120124,0.49979247759082257,ok,FALSE
1,4,Basis Ridge (tuned),123,124,124,4,1.0000000000000009e-4,1.3302521000532395,3.1962583594120124,0.49979247759082257,ok,FALSE
12,4,Basis Ridge (tuned),96,97,108,4,2.259459778615513e-4,1.3303182141105057,3.1965069544986218,0.4997146653778415,ok,FALSE
1,4,Basis Ridge (tuned),123,124,124,4,2.259459778615513e-4,1.3303182141105057,3.1965069544986218,0.4997146653778415,ok,FALSE
12,4,Basis Ridge (tuned),96,97,108,4,5.105158491181259e-4,1.3303243258211161,3.196623538918546,0.4996781714549441,ok,FALSE
1,4,Basis Ridge (tuned),123,124,124,4,5.105158491181259e-4,1.3303243258211161,3.196623538918546,0.4996781714549441,ok,FALSE
12,4,Basis Ridge (tuned),96,97,108,4,0.00115349002742815,1.3302603496219572,3.196677854829835,0.4996611687227793,ok,FALSE
1,4,Basis Ridge (tuned),123,124,124,4,0.00115349002742815,1.3302603496219572,3.196677854829835,0.4996611687227793,ok,FALSE
12,4,Basis Ridge (tuned),96,97,108,4,0.002606264322008008,1.329998670967307,3.196399447510683,0.4997483166514044,ok,FALSE
1,4,Basis Ridge (tuned),123,124,124,4,0.002606264322008008,1.329998670967307,3.196399447510683,0.4997483166514044,ok,FALSE
12,4,Basis Ridge (tuned),96,97,108,4,0.005888749408017718,1.3291857114180037,3.1950818319485594,0.5001606578240217,ok,TRUE
1,4,Basis Ridge (tuned),123,124,124,4,0.005888749408017718,1.3291857114180037,3.1950818319485594,0.5001606578240217,ok,FALSE
12,4,Basis Ridge (tuned),96,97,108,4,0.013305392433761935,1.3273127930746205,3.1920809149618052,0.5010991451867697,ok,FALSE
1,4,Basis Ridge (tuned),123,124,124,4,0.013305392433761935,1.3273127930746205,3.1920809149618052,0.5010991451867697,ok,TRUE
12,4,Basis Ridge (tuned),96,97,108,4,0.030062999042780234,1.3236443687049795,3.1860755767080176,0.5029745676340067,ok,FALSE
1,4,Basis Ridge (tuned),123,124,124,4,0.030062999042780234,1.3236443687049795,3.1860755767080176,0.5029745676340067,ok,FALSE
12,4,Basis Ridge (tuned),96,97,108,4,0.06792613716171855,1.3184922257448755,3.1825373056767683,0.5040778899760068,ok,FALSE
1,4,Basis Ridge (tuned),123,124,124,4,0.06792613716171855,1.3184922257448755,3.1825373056767683,0.5040778899760068,ok,FALSE
12,4,Basis Ridge (tuned),96,97,108,4,0.1534763748336234,1.3179789086633131,3.2108614360756897,0.49521133642868875,ok,FALSE
1,4,Basis Ridge (tuned),123,124,124,4,0.1534763748336234,1.3179789086633131,3.2108614360756897,0.49521133642868875,ok,FALSE
12,4,Basis Ridge (tuned),96,97,108,4,0.34677369590428986,1.3415326971403139,3.331659589938806,0.4565148183400429,ok,FALSE
1,4,Basis Ridge (tuned),123,124,124,4,0.34677369590428986,1.3415326971403139,3.331659589938806,0.4565148183400429,ok,FALSE
12,4,Basis Ridge (tuned),96,97,108,4,0.7835212181775894,1.41119330059307,3.584725047768042,0.37081528194898883,ok,FALSE
1,4,Basis Ridge (tuned),123,124,124,4,0.7835212181775894,1.41119330059307,3.584725047768042,0.37081528194898883,ok,FALSE
12,4,Basis Ridge (tuned),96,97,108,4,1.7703346781640914,1.527490592492645,3.9121051743955486,0.2506451735683538,ok,FALSE
1,4,Basis Ridge (tuned),123,124,124,4,1.7703346781640914,1.527490592492645,3.9121051743955486,0.2506451735683538,ok,FALSE
12,4,Basis Ridge (tuned),96,97,108,4,4,1.6537741643818031,4.201383385266275,0.13572670872665615,ok,FALSE
1,4,Basis Ridge (tuned),123,124,124,4,4,1.6537741643818031,4.201383385266275,0.13572670872665615,ok,FALSE
1,4,Basis Ridge (tuned),123,124,124,5,1.0000000000000009e-4,1.1628320554491676,2.983163509897393,0.6243397562908283,ok,FALSE
1,4,Basis Ridge (tuned),123,124,124,5,2.259459778615513e-4,1.1630947151351307,2.9846237837824705,0.6239718910331069,ok,FALSE
1,4,Basis Ridge (tuned),123,124,124,5,5.105158491181259e-4,1.1635007145520868,2.9868887174678735,0.6234009635407375,ok,FALSE
1,4,Basis Ridge (tuned),123,124,124,5,0.00115349002742815,1.16414559278671,2.9904244664188653,0.6225088327013729,ok,FALSE
1,4,Basis Ridge (tuned),123,124,124,5,0.002606264322008008,1.165435814849666,2.997509777452259,0.6207179090905213,ok,FALSE
1,4,Basis Ridge (tuned),123,124,124,5,0.005888749408017718,1.1682589731813104,3.0129931733927098,0.6167894869131549,ok,FALSE
1,4,Basis Ridge (tuned),123,124,124,5,0.013305392433761935,1.174133112692623,3.044597063349031,0.6087081808894867,ok,TRUE
1,4,Basis Ridge (tuned),123,124,124,5,0.030062999042780234,1.1858420851895841,3.1071796262566345,0.5924566219796553,ok,FALSE
1,4,Basis Ridge (tuned),123,124,124,5,0.06792613716171855,1.2070557904174073,3.2184289884811763,0.5627508415318294,ok,FALSE
1,4,Basis Ridge (tuned),123,124,124,5,0.1534763748336234,1.2414599560413961,3.394420911476798,0.5136235839255388,ok,FALSE
1,4,Basis Ridge (tuned),123,124,124,5,0.34677369590428986,1.2943621280467186,3.6416795668301325,0.4401849388586001,ok,FALSE
1,4,Basis Ridge (tuned),123,124,124,5,0.7835212181775894,1.379227625082352,3.9536052883291304,0.3401765629889245,ok,FALSE
1,4,Basis Ridge (tuned),123,124,124,5,1.7703346781640914,1.4964947993026225,4.283292689200736,0.22554422311709432,ok,FALSE
1,4,Basis Ridge (tuned),123,124,124,5,4,1.6209309683104536,4.556314730362458,0.12366824142432187,ok,FALSE
1,4,Basis Ridge (tuned),123,124,124,6,1.0000000000000009e-4,1.2286255117199854,2.0792934764070803,0.7794594633805534,ok,FALSE
1,4,Basis Ridge (tuned),123,124,124,6,2.259459778615513e-4,1.2274702127333625,2.077965119699107,0.7797411580300925,ok,FALSE
1,4,Basis Ridge (tuned),123,124,124,6,5.105158491181259e-4,1.2257039592559589,2.0759595838420806,0.7801661159192037,ok,FALSE
1,4,Basis Ridge (tuned),123,124,124,6,0.00115349002742815,1.223190583860025,2.0731282293566715,0.780765359951751,ok,FALSE
1,4,Basis Ridge (tuned),123,124,124,6,0.002606264322008008,1.2183991773937604,2.0678436399613354,0.7818816328329932,ok,FALSE
1,4,Basis Ridge (tuned),123,124,124,6,0.005888749408017718,1.2087764798090965,2.0575751782113105,0.7840425109921922,ok,FALSE
1,4,Basis Ridge (tuned),123,124,124,6,0.013305392433761935,1.1918840439660972,2.042970375725193,0.7870973911234979,ok,TRUE
1,4,Basis Ridge (tuned),123,124,124,6,0.030062999042780234,1.162749232843952,2.038762026275543,0.7879736111383042,ok,FALSE
1,4,Basis Ridge (tuned),123,124,124,6,0.06792613716171855,1.1321945072295965,2.1043938160855142,0.7741027839157699,ok,FALSE
1,4,Basis Ridge (tuned),123,124,124,6,0.1534763748336234,1.12700471188497,2.339070407693842,0.7209105408158656,ok,FALSE
1,4,Basis Ridge (tuned),123,124,124,6,0.34677369590428986,1.1831650495285555,2.763840692005838,0.6103426628960704,ok,FALSE
1,4,Basis Ridge (tuned),123,124,124,6,0.7835212181775894,1.3015208775433613,3.273323020859866,0.45344411533652584,ok,FALSE
1,4,Basis Ridge (tuned),123,124,124,6,1.7703346781640914,1.4472505706547916,3.737584863211057,0.2874112371717651,ok,FALSE
1,4,Basis Ridge (tuned),123,124,124,6,4,1.580070636334733,4.0779706800586055,0.15170864159509645,ok,FALSE
12,5,Basis Ridge (tuned),108,109,120,1,1.0000000000000009e-4,1.582818079329587,4.300286808301396,0.5440713517962097,ok,FALSE
1,5,Basis Ridge (tuned),124,125,125,1,1.0000000000000009e-4,1.582818079329587,4.300286808301396,0.5440713517962097,ok,FALSE
12,5,Basis Ridge (tuned),108,109,120,1,2.259459778615513e-4,1.5842480550680418,4.306399241669513,0.5427743154767803,ok,FALSE
1,5,Basis Ridge (tuned),124,125,125,1,2.259459778615513e-4,1.5842480550680418,4.306399241669513,0.5427743154767803,ok,FALSE
12,5,Basis Ridge (tuned),108,109,120,1,5.105158491181259e-4,1.5869897160846802,4.318018930228622,0.5403035795406186,ok,FALSE
1,5,Basis Ridge (tuned),124,125,125,1,5.105158491181259e-4,1.5869897160846802,4.318018930228622,0.5403035795406186,ok,FALSE
12,5,Basis Ridge (tuned),108,109,120,1,0.00115349002742815,1.5908869195356896,4.334499190959903,0.5367879052430153,ok,FALSE
1,5,Basis Ridge (tuned),124,125,125,1,0.00115349002742815,1.5908869195356896,4.334499190959903,0.5367879052430153,ok,FALSE
12,5,Basis Ridge (tuned),108,109,120,1,0.002606264322008008,1.5996377512472282,4.371393271283125,0.528868874565494,ok,FALSE
1,5,Basis Ridge (tuned),124,125,125,1,0.002606264322008008,1.5996377512472282,4.371393271283125,0.528868874565494,ok,FALSE
12,5,Basis Ridge (tuned),108,109,120,1,0.005888749408017718,1.6168675511145691,4.441957362247706,0.5135358850801155,ok,TRUE
1,5,Basis Ridge (tuned),124,125,125,1,0.005888749408017718,1.6168675511145691,4.441957362247706,0.5135358850801155,ok,FALSE
12,5,Basis Ridge (tuned),108,109,120,1,0.013305392433761935,1.6604072457784667,4.603189247956525,0.4775801160409382,ok,FALSE
1,5,Basis Ridge (tuned),124,125,125,1,0.013305392433761935,1.6604072457784667,4.603189247956525,0.4775801160409382,ok,TRUE
12,5,Basis Ridge (tuned),108,109,120,1,0.030062999042780234,1.7514127802496517,4.910207552699873,0.4055686058474197,ok,FALSE
1,5,Basis Ridge (tuned),124,125,125,1,0.030062999042780234,1.7514127802496517,4.910207552699873,0.4055686058474197,ok,FALSE
12,5,Basis Ridge (tuned),108,109,120,1,0.06792613716171855,1.8925994133354527,5.365604565735103,0.29019449397371055,ok,FALSE
1,5,Basis Ridge (tuned),124,125,125,1,0.06792613716171855,1.8925994133354527,5.365604565735103,0.29019449397371055,ok,FALSE
12,5,Basis Ridge (tuned),108,109,120,1,0.1534763748336234,2.040852921544482,5.8393919574001885,0.15930726798451678,ok,FALSE
1,5,Basis Ridge (tuned),124,125,125,1,0.1534763748336234,2.040852921544482,5.8393919574001885,0.15930726798451678,ok,FALSE
12,5,Basis Ridge (tuned),108,109,120,1,0.34677369590428986,2.1434843073493393,6.172479984841076,0.06066302272379753,ok,FALSE
1,5,Basis Ridge (tuned),124,125,125,1,0.34677369590428986,2.1434843073493393,6.172479984841076,0.06066302272379753,ok,FALSE
12,5,Basis Ridge (tuned),108,109,120,1,0.7835212181775894,2.198776652902988,6.341940117627568,0.008377637705677787,ok,FALSE
1,5,Basis Ridge (tuned),124,125,125,1,0.7835212181775894,2.198776652902988,6.341940117627568,0.008377637705677787,ok,FALSE
12,5,Basis Ridge (tuned),108,109,120,1,1.7703346781640914,2.2293334697377203,6.413008971795307,-0.01397146447079578,ok,FALSE
1,5,Basis Ridge (tuned),124,125,125,1,1.7703346781640914,2.2293334697377203,6.413008971795307,-0.01397146447079578,ok,FALSE
12,5,Basis Ridge (tuned),108,109,120,1,4,2.253956345887773,6.443440688870071,-0.02361751537421486,ok,FALSE
1,5,Basis Ridge (tuned),124,125,125,1,4,2.253956345887773,6.443440688870071,-0.02361751537421486,ok,FALSE
12,5,Basis Ridge (tuned),108,109,120,2,1.0000000000000009e-4,1.4370033979882035,3.8437616707851565,0.5637830036939913,ok,FALSE
1,5,Basis Ridge (tuned),124,125,125,2,1.0000000000000009e-4,1.4370033979882035,3.8437616707851565,0.5637830036939913,ok,FALSE
12,5,Basis Ridge (tuned),108,109,120,2,2.259459778615513e-4,1.4381608117709783,3.848217192464795,0.5627711299598198,ok,FALSE
1,5,Basis Ridge (tuned),124,125,125,2,2.259459778615513e-4,1.4381608117709783,3.848217192464795,0.5627711299598198,ok,FALSE
12,5,Basis Ridge (tuned),108,109,120,2,5.105158491181259e-4,1.4399856805996076,3.8553347004548812,0.5611522723346818,ok,FALSE
1,5,Basis Ridge (tuned),124,125,125,2,5.105158491181259e-4,1.4399856805996076,3.8553347004548812,0.5611522723346818,ok,FALSE
12,5,Basis Ridge (tuned),108,109,120,2,0.00115349002742815,1.4426125636429488,3.865279350873101,0.5588853792198092,ok,FALSE
1,5,Basis Ridge (tuned),124,125,125,2,0.00115349002742815,1.4426125636429488,3.865279350873101,0.5588853792198092,ok,FALSE
12,5,Basis Ridge (tuned),108,109,120,2,0.002606264322008008,1.4481089594896936,3.886088948755441,0.5541229148440598,ok,FALSE
1,5,Basis Ridge (tuned),124,125,125,2,0.002606264322008008,1.4481089594896936,3.886088948755441,0.5541229148440598,ok,FALSE
12,5,Basis Ridge (tuned),108,109,120,2,0.005888749408017718,1.4583720953950534,3.925010169025216,0.545146802570158,ok,TRUE
1,5,Basis Ridge (tuned),124,125,125,2,0.005888749408017718,1.4583720953950534,3.925010169025216,0.545146802570158,ok,FALSE
12,5,Basis Ridge (tuned),108,109,120,2,0.013305392433761935,1.4826910883062165,4.01225450755221,0.5247012997249669,ok,FALSE
1,5,Basis Ridge (tuned),124,125,125,2,0.013305392433761935,1.4826910883062165,4.01225450755221,0.5247012997249669,ok,TRUE
12,5,Basis Ridge (tuned),108,109,120,2,0.030062999042780234,1.53193700527753,4.176895627626465,0.4848936236506485,ok,FALSE
1,5,Basis Ridge (tuned),124,125,125,2,0.030062999042780234,1.53193700527753,4.176895627626465,0.4848936236506485,ok,FALSE
12,5,Basis Ridge (tuned),108,109,120,2,0.06792613716171855,1.6129036432781445,4.438245328520095,0.41841621615600977,ok,FALSE
1,5,Basis Ridge (tuned),124,125,125,2,0.06792613716171855,1.6129036432781445,4.438245328520095,0.41841621615600977,ok,FALSE
12,5,Basis Ridge (tuned),108,109,120,2,0.1534763748336234,1.7156799138746337,4.766580811215368,0.3291837104948302,ok,FALSE
1,5,Basis Ridge (tuned),124,125,125,2,0.1534763748336234,1.7156799138746337,4.766580811215368,0.3291837104948302,ok,FALSE
12,5,Basis Ridge (tuned),108,109,120,2,0.34677369590428986,1.8111123389352186,5.079167815121878,0.23831605123407085,ok,FALSE
1,5,Basis Ridge (tuned),124,125,125,2,0.34677369590428986,1.8111123389352186,5.079167815121878,0.23831605123407085,ok,FALSE
12,5,Basis Ridge (tuned),108,109,120,2,0.7835212181775894,1.8830310404764632,5.326876550513999,0.16221044062220913,ok,FALSE
1,5,Basis Ridge (tuned),124,125,125,2,0.7835212181775894,1.8830310404764632,5.326876550513999,0.16221044062220913,ok,FALSE
12,5,Basis Ridge (tuned),108,109,120,2,1.7703346781640914,1.9460801170243498,5.520614616619519,0.1001615608894052,ok,FALSE
1,5,Basis Ridge (tuned),124,125,125,2,1.7703346781640914,1.9460801170243498,5.520614616619519,0.1001615608894052,ok,FALSE
12,5,Basis Ridge (tuned),108,109,120,2,4,2.025027930096261,5.679252029620745,0.047703993156890334,ok,FALSE
1,5,Basis Ridge (tuned),124,125,125,2,4,2.025027930096261,5.679252029620745,0.047703993156890334,ok,FALSE
12,5,Basis Ridge (tuned),108,109,120,3,1.0000000000000009e-4,2.006929633547946,3.586805902809831,0.46759365205828796,ok,FALSE
1,5,Basis Ridge (tuned),124,125,125,3,1.0000000000000009e-4,2.006929633547946,3.586805902809831,0.46759365205828796,ok,FALSE
12,5,Basis Ridge (tuned),108,109,120,3,2.259459778615513e-4,2.0021749754244897,3.577497160737059,0.47035354616694125,ok,FALSE
1,5,Basis Ridge (tuned),124,125,125,3,2.259459778615513e-4,2.0021749754244897,3.577497160737059,0.47035354616694125,ok,FALSE
12,5,Basis Ridge (tuned),108,109,120,3,5.105158491181259e-4,1.9949009837911553,3.56312483361148,0.4746006278150816,ok,FALSE
1,5,Basis Ridge (tuned),124,125,125,3,5.105158491181259e-4,1.9949009837911553,3.56312483361148,0.4746006278150816,ok,FALSE
12,5,Basis Ridge (tuned),108,109,120,3,0.00115349002742815,1.9847790936111518,3.542811525389086,0.48057413575486985,ok,FALSE
1,5,Basis Ridge (tuned),124,125,125,3,0.00115349002742815,1.9847790936111518,3.542811525389086,0.48057413575486985,ok,FALSE
12,5,Basis Ridge (tuned),108,109,120,3,0.002606264322008008,1.963964264467464,3.501310203625789,0.4926722102498631,ok,FALSE
1,5,Basis Ridge (tuned),124,125,125,3,0.002606264322008008,1.963964264467464,3.501310203625789,0.4926722102498631,ok,FALSE
12,5,Basis Ridge (tuned),108,109,120,3,0.005888749408017718,1.924810706606404,3.4241125782174158,0.5147969263342229,ok,TRUE
1,5,Basis Ridge (tuned),124,125,125,3,0.005888749408017718,1.924810706606404,3.4241125782174158,0.5147969263342229,ok,FALSE
12,5,Basis Ridge (tuned),108,109,120,3,0.013305392433761935,1.8483254876006177,3.276424883661592,0.5557495211105441,ok,FALSE
1,5,Basis Ridge (tuned),124,125,125,3,0.013305392433761935,1.8483254876006177,3.276424883661592,0.5557495211105441,ok,TRUE
12,5,Basis Ridge (tuned),108,109,120,3,0.030062999042780234,1.7214646635949897,3.0468010251880764,0.6158368892016106,ok,FALSE
1,5,Basis Ridge (tuned),124,125,125,3,0.030062999042780234,1.7214646635949897,3.0468010251880764,0.6158368892016106,ok,FALSE
12,5,Basis Ridge (tuned),108,109,120,3,0.06792613716171855,1.5747428904368967,2.829129563280118,0.6687673438379933,ok,FALSE
1,5,Basis Ridge (tuned),124,125,125,3,0.06792613716171855,1.5747428904368967,2.829129563280118,0.6687673438379933,ok,FALSE
12,5,Basis Ridge (tuned),108,109,120,3,0.1534763748336234,1.5112963933990806,2.881018878025528,0.6565055839595977,ok,FALSE
1,5,Basis Ridge (tuned),124,125,125,3,0.1534763748336234,1.5112963933990806,2.881018878025528,0.6565055839595977,ok,FALSE
12,5,Basis Ridge (tuned),108,109,120,3,0.34677369590428986,1.5562561926355092,3.3018485376092075,0.548828385439321,ok,FALSE
1,5,Basis Ridge (tuned),124,125,125,3,0.34677369590428986,1.5562561926355092,3.3018485376092075,0.548828385439321,ok,FALSE
12,5,Basis Ridge (tuned),108,109,120,3,0.7835212181775894,1.6836428358146196,3.854168345277101,0.3852637355640244,ok,FALSE
1,5,Basis Ridge (tuned),124,125,125,3,0.7835212181775894,1.6836428358146196,3.854168345277101,0.3852637355640244,ok,FALSE
12,5,Basis Ridge (tuned),108,109,120,3,1.7703346781640914,1.8476458009447256,4.330744707061702,0.22383752900237086,ok,FALSE
1,5,Basis Ridge (tuned),124,125,125,3,1.7703346781640914,1.8476458009447256,4.330744707061702,0.22383752900237086,ok,FALSE
12,5,Basis Ridge (tuned),108,109,120,3,4,2.0066646194448428,4.668682369327554,0.09798007821200017,ok,FALSE
1,5,Basis Ridge (tuned),124,125,125,3,4,2.0066646194448428,4.668682369327554,0.09798007821200017,ok,FALSE
12,5,Basis Ridge (tuned),108,109,120,4,1.0000000000000009e-4,1.3302521000532395,3.1962583594120124,0.49979247759082257,ok,FALSE
1,5,Basis Ridge (tuned),124,125,125,4,1.0000000000000009e-4,1.3302521000532395,3.1962583594120124,0.49979247759082257,ok,FALSE
12,5,Basis Ridge (tuned),108,109,120,4,2.259459778615513e-4,1.3303182141105057,3.1965069544986218,0.4997146653778415,ok,FALSE
1,5,Basis Ridge (tuned),124,125,125,4,2.259459778615513e-4,1.3303182141105057,3.1965069544986218,0.4997146653778415,ok,FALSE
12,5,Basis Ridge (tuned),108,109,120,4,5.105158491181259e-4,1.3303243258211161,3.196623538918546,0.4996781714549441,ok,FALSE
1,5,Basis Ridge (tuned),124,125,125,4,5.105158491181259e-4,1.3303243258211161,3.196623538918546,0.4996781714549441,ok,FALSE
12,5,Basis Ridge (tuned),108,109,120,4,0.00115349002742815,1.3302603496219572,3.196677854829835,0.4996611687227793,ok,FALSE
1,5,Basis Ridge (tuned),124,125,125,4,0.00115349002742815,1.3302603496219572,3.196677854829835,0.4996611687227793,ok,FALSE
12,5,Basis Ridge (tuned),108,109,120,4,0.002606264322008008,1.329998670967307,3.196399447510683,0.4997483166514044,ok,FALSE
1,5,Basis Ridge (tuned),124,125,125,4,0.002606264322008008,1.329998670967307,3.196399447510683,0.4997483166514044,ok,FALSE
12,5,Basis Ridge (tuned),108,109,120,4,0.005888749408017718,1.3291857114180037,3.1950818319485594,0.5001606578240217,ok,TRUE
1,5,Basis Ridge (tuned),124,125,125,4,0.005888749408017718,1.3291857114180037,3.1950818319485594,0.5001606578240217,ok,FALSE
12,5,Basis Ridge (tuned),108,109,120,4,0.013305392433761935,1.3273127930746205,3.1920809149618052,0.5010991451867697,ok,FALSE
1,5,Basis Ridge (tuned),124,125,125,4,0.013305392433761935,1.3273127930746205,3.1920809149618052,0.5010991451867697,ok,TRUE
12,5,Basis Ridge (tuned),108,109,120,4,0.030062999042780234,1.3236443687049795,3.1860755767080176,0.5029745676340067,ok,FALSE
1,5,Basis Ridge (tuned),124,125,125,4,0.030062999042780234,1.3236443687049795,3.1860755767080176,0.5029745676340067,ok,FALSE
12,5,Basis Ridge (tuned),108,109,120,4,0.06792613716171855,1.3184922257448755,3.1825373056767683,0.5040778899760068,ok,FALSE
1,5,Basis Ridge (tuned),124,125,125,4,0.06792613716171855,1.3184922257448755,3.1825373056767683,0.5040778899760068,ok,FALSE
12,5,Basis Ridge (tuned),108,109,120,4,0.1534763748336234,1.3179789086633131,3.2108614360756897,0.49521133642868875,ok,FALSE
1,5,Basis Ridge (tuned),124,125,125,4,0.1534763748336234,1.3179789086633131,3.2108614360756897,0.49521133642868875,ok,FALSE
12,5,Basis Ridge (tuned),108,109,120,4,0.34677369590428986,1.3415326971403139,3.331659589938806,0.4565148183400429,ok,FALSE
1,5,Basis Ridge (tuned),124,125,125,4,0.34677369590428986,1.3415326971403139,3.331659589938806,0.4565148183400429,ok,FALSE
12,5,Basis Ridge (tuned),108,109,120,4,0.7835212181775894,1.41119330059307,3.584725047768042,0.37081528194898883,ok,FALSE
1,5,Basis Ridge (tuned),124,125,125,4,0.7835212181775894,1.41119330059307,3.584725047768042,0.37081528194898883,ok,FALSE
12,5,Basis Ridge (tuned),108,109,120,4,1.7703346781640914,1.527490592492645,3.9121051743955486,0.2506451735683538,ok,FALSE
1,5,Basis Ridge (tuned),124,125,125,4,1.7703346781640914,1.527490592492645,3.9121051743955486,0.2506451735683538,ok,FALSE
12,5,Basis Ridge (tuned),108,109,120,4,4,1.6537741643818031,4.201383385266275,0.13572670872665615,ok,FALSE
1,5,Basis Ridge (tuned),124,125,125,4,4,1.6537741643818031,4.201383385266275,0.13572670872665615,ok,FALSE
12,5,Basis Ridge (tuned),108,109,120,5,1.0000000000000009e-4,1.1628320554491676,2.983163509897393,0.6243397562908283,ok,FALSE
1,5,Basis Ridge (tuned),124,125,125,5,1.0000000000000009e-4,1.1628320554491676,2.983163509897393,0.6243397562908283,ok,FALSE
12,5,Basis Ridge (tuned),108,109,120,5,2.259459778615513e-4,1.1630947151351307,2.9846237837824705,0.6239718910331069,ok,FALSE
1,5,Basis Ridge (tuned),124,125,125,5,2.259459778615513e-4,1.1630947151351307,2.9846237837824705,0.6239718910331069,ok,FALSE
12,5,Basis Ridge (tuned),108,109,120,5,5.105158491181259e-4,1.1635007145520868,2.9868887174678735,0.6234009635407375,ok,FALSE
1,5,Basis Ridge (tuned),124,125,125,5,5.105158491181259e-4,1.1635007145520868,2.9868887174678735,0.6234009635407375,ok,FALSE
12,5,Basis Ridge (tuned),108,109,120,5,0.00115349002742815,1.16414559278671,2.9904244664188653,0.6225088327013729,ok,FALSE
1,5,Basis Ridge (tuned),124,125,125,5,0.00115349002742815,1.16414559278671,2.9904244664188653,0.6225088327013729,ok,FALSE
12,5,Basis Ridge (tuned),108,109,120,5,0.002606264322008008,1.165435814849666,2.997509777452259,0.6207179090905213,ok,FALSE
1,5,Basis Ridge (tuned),124,125,125,5,0.002606264322008008,1.165435814849666,2.997509777452259,0.6207179090905213,ok,FALSE
12,5,Basis Ridge (tuned),108,109,120,5,0.005888749408017718,1.1682589731813104,3.0129931733927098,0.6167894869131549,ok,TRUE
1,5,Basis Ridge (tuned),124,125,125,5,0.005888749408017718,1.1682589731813104,3.0129931733927098,0.6167894869131549,ok,FALSE
12,5,Basis Ridge (tuned),108,109,120,5,0.013305392433761935,1.174133112692623,3.044597063349031,0.6087081808894867,ok,FALSE
1,5,Basis Ridge (tuned),124,125,125,5,0.013305392433761935,1.174133112692623,3.044597063349031,0.6087081808894867,ok,TRUE
12,5,Basis Ridge (tuned),108,109,120,5,0.030062999042780234,1.1858420851895841,3.1071796262566345,0.5924566219796553,ok,FALSE
1,5,Basis Ridge (tuned),124,125,125,5,0.030062999042780234,1.1858420851895841,3.1071796262566345,0.5924566219796553,ok,FALSE
12,5,Basis Ridge (tuned),108,109,120,5,0.06792613716171855,1.2070557904174073,3.2184289884811763,0.5627508415318294,ok,FALSE
1,5,Basis Ridge (tuned),124,125,125,5,0.06792613716171855,1.2070557904174073,3.2184289884811763,0.5627508415318294,ok,FALSE
12,5,Basis Ridge (tuned),108,109,120,5,0.1534763748336234,1.2414599560413961,3.394420911476798,0.5136235839255388,ok,FALSE
1,5,Basis Ridge (tuned),124,125,125,5,0.1534763748336234,1.2414599560413961,3.394420911476798,0.5136235839255388,ok,FALSE
12,5,Basis Ridge (tuned),108,109,120,5,0.34677369590428986,1.2943621280467186,3.6416795668301325,0.4401849388586001,ok,FALSE
1,5,Basis Ridge (tuned),124,125,125,5,0.34677369590428986,1.2943621280467186,3.6416795668301325,0.4401849388586001,ok,FALSE
12,5,Basis Ridge (tuned),108,109,120,5,0.7835212181775894,1.379227625082352,3.9536052883291304,0.3401765629889245,ok,FALSE
1,5,Basis Ridge (tuned),124,125,125,5,0.7835212181775894,1.379227625082352,3.9536052883291304,0.3401765629889245,ok,FALSE
12,5,Basis Ridge (tuned),108,109,120,5,1.7703346781640914,1.4964947993026225,4.283292689200736,0.22554422311709432,ok,FALSE
1,5,Basis Ridge (tuned),124,125,125,5,1.7703346781640914,1.4964947993026225,4.283292689200736,0.22554422311709432,ok,FALSE
12,5,Basis Ridge (tuned),108,109,120,5,4,1.6209309683104536,4.556314730362458,0.12366824142432187,ok,FALSE
1,5,Basis Ridge (tuned),124,125,125,5,4,1.6209309683104536,4.556314730362458,0.12366824142432187,ok,FALSE
1,5,Basis Ridge (tuned),124,125,125,6,1.0000000000000009e-4,1.2286255117199854,2.0792934764070803,0.7794594633805534,ok,FALSE
1,5,Basis Ridge (tuned),124,125,125,6,2.259459778615513e-4,1.2274702127333625,2.077965119699107,0.7797411580300925,ok,FALSE
1,5,Basis Ridge (tuned),124,125,125,6,5.105158491181259e-4,1.2257039592559589,2.0759595838420806,0.7801661159192037,ok,FALSE
1,5,Basis Ridge (tuned),124,125,125,6,0.00115349002742815,1.223190583860025,2.0731282293566715,0.780765359951751,ok,FALSE
1,5,Basis Ridge (tuned),124,125,125,6,0.002606264322008008,1.2183991773937604,2.0678436399613354,0.7818816328329932,ok,FALSE
1,5,Basis Ridge (tuned),124,125,125,6,0.005888749408017718,1.2087764798090965,2.0575751782113105,0.7840425109921922,ok,FALSE
1,5,Basis Ridge (tuned),124,125,125,6,0.013305392433761935,1.1918840439660972,2.042970375725193,0.7870973911234979,ok,TRUE
1,5,Basis Ridge (tuned),124,125,125,6,0.030062999042780234,1.162749232843952,2.038762026275543,0.7879736111383042,ok,FALSE
1,5,Basis Ridge (tuned),124,125,125,6,0.06792613716171855,1.1321945072295965,2.1043938160855142,0.7741027839157699,ok,FALSE
1,5,Basis Ridge (tuned),124,125,125,6,0.1534763748336234,1.12700471188497,2.339070407693842,0.7209105408158656,ok,FALSE
1,5,Basis Ridge (tuned),124,125,125,6,0.34677369590428986,1.1831650495285555,2.763840692005838,0.6103426628960704,ok,FALSE
1,5,Basis Ridge (tuned),124,125,125,6,0.7835212181775894,1.3015208775433613,3.273323020859866,0.45344411533652584,ok,FALSE
1,5,Basis Ridge (tuned),124,125,125,6,1.7703346781640914,1.4472505706547916,3.737584863211057,0.2874112371717651,ok,FALSE
1,5,Basis Ridge (tuned),124,125,125,6,4,1.580070636334733,4.0779706800586055,0.15170864159509645,ok,FALSE
12,6,Basis Ridge (tuned),120,121,132,1,1.0000000000000009e-4,1.582818079329587,4.300286808301396,0.5440713517962097,ok,FALSE
1,6,Basis Ridge (tuned),125,126,126,1,1.0000000000000009e-4,1.582818079329587,4.300286808301396,0.5440713517962097,ok,FALSE
12,6,Basis Ridge (tuned),120,121,132,1,2.259459778615513e-4,1.5842480550680418,4.306399241669513,0.5427743154767803,ok,FALSE
1,6,Basis Ridge (tuned),125,126,126,1,2.259459778615513e-4,1.5842480550680418,4.306399241669513,0.5427743154767803,ok,FALSE
12,6,Basis Ridge (tuned),120,121,132,1,5.105158491181259e-4,1.5869897160846802,4.318018930228622,0.5403035795406186,ok,FALSE
1,6,Basis Ridge (tuned),125,126,126,1,5.105158491181259e-4,1.5869897160846802,4.318018930228622,0.5403035795406186,ok,FALSE
12,6,Basis Ridge (tuned),120,121,132,1,0.00115349002742815,1.5908869195356896,4.334499190959903,0.5367879052430153,ok,FALSE
1,6,Basis Ridge (tuned),125,126,126,1,0.00115349002742815,1.5908869195356896,4.334499190959903,0.5367879052430153,ok,FALSE
12,6,Basis Ridge (tuned),120,121,132,1,0.002606264322008008,1.5996377512472282,4.371393271283125,0.528868874565494,ok,FALSE
1,6,Basis Ridge (tuned),125,126,126,1,0.002606264322008008,1.5996377512472282,4.371393271283125,0.528868874565494,ok,FALSE
12,6,Basis Ridge (tuned),120,121,132,1,0.005888749408017718,1.6168675511145691,4.441957362247706,0.5135358850801155,ok,FALSE
1,6,Basis Ridge (tuned),125,126,126,1,0.005888749408017718,1.6168675511145691,4.441957362247706,0.5135358850801155,ok,FALSE
12,6,Basis Ridge (tuned),120,121,132,1,0.013305392433761935,1.6604072457784667,4.603189247956525,0.4775801160409382,ok,TRUE
1,6,Basis Ridge (tuned),125,126,126,1,0.013305392433761935,1.6604072457784667,4.603189247956525,0.4775801160409382,ok,TRUE
12,6,Basis Ridge (tuned),120,121,132,1,0.030062999042780234,1.7514127802496517,4.910207552699873,0.4055686058474197,ok,FALSE
1,6,Basis Ridge (tuned),125,126,126,1,0.030062999042780234,1.7514127802496517,4.910207552699873,0.4055686058474197,ok,FALSE
12,6,Basis Ridge (tuned),120,121,132,1,0.06792613716171855,1.8925994133354527,5.365604565735103,0.29019449397371055,ok,FALSE
1,6,Basis Ridge (tuned),125,126,126,1,0.06792613716171855,1.8925994133354527,5.365604565735103,0.29019449397371055,ok,FALSE
12,6,Basis Ridge (tuned),120,121,132,1,0.1534763748336234,2.040852921544482,5.8393919574001885,0.15930726798451678,ok,FALSE
1,6,Basis Ridge (tuned),125,126,126,1,0.1534763748336234,2.040852921544482,5.8393919574001885,0.15930726798451678,ok,FALSE
12,6,Basis Ridge (tuned),120,121,132,1,0.34677369590428986,2.1434843073493393,6.172479984841076,0.06066302272379753,ok,FALSE
1,6,Basis Ridge (tuned),125,126,126,1,0.34677369590428986,2.1434843073493393,6.172479984841076,0.06066302272379753,ok,FALSE
12,6,Basis Ridge (tuned),120,121,132,1,0.7835212181775894,2.198776652902988,6.341940117627568,0.008377637705677787,ok,FALSE
1,6,Basis Ridge (tuned),125,126,126,1,0.7835212181775894,2.198776652902988,6.341940117627568,0.008377637705677787,ok,FALSE
12,6,Basis Ridge (tuned),120,121,132,1,1.7703346781640914,2.2293334697377203,6.413008971795307,-0.01397146447079578,ok,FALSE
1,6,Basis Ridge (tuned),125,126,126,1,1.7703346781640914,2.2293334697377203,6.413008971795307,-0.01397146447079578,ok,FALSE
12,6,Basis Ridge (tuned),120,121,132,1,4,2.253956345887773,6.443440688870071,-0.02361751537421486,ok,FALSE
1,6,Basis Ridge (tuned),125,126,126,1,4,2.253956345887773,6.443440688870071,-0.02361751537421486,ok,FALSE
12,6,Basis Ridge (tuned),120,121,132,2,1.0000000000000009e-4,1.4370033979882035,3.8437616707851565,0.5637830036939913,ok,FALSE
1,6,Basis Ridge (tuned),125,126,126,2,1.0000000000000009e-4,1.4370033979882035,3.8437616707851565,0.5637830036939913,ok,FALSE
12,6,Basis Ridge (tuned),120,121,132,2,2.259459778615513e-4,1.4381608117709783,3.848217192464795,0.5627711299598198,ok,FALSE
1,6,Basis Ridge (tuned),125,126,126,2,2.259459778615513e-4,1.4381608117709783,3.848217192464795,0.5627711299598198,ok,FALSE
12,6,Basis Ridge (tuned),120,121,132,2,5.105158491181259e-4,1.4399856805996076,3.8553347004548812,0.5611522723346818,ok,FALSE
1,6,Basis Ridge (tuned),125,126,126,2,5.105158491181259e-4,1.4399856805996076,3.8553347004548812,0.5611522723346818,ok,FALSE
12,6,Basis Ridge (tuned),120,121,132,2,0.00115349002742815,1.4426125636429488,3.865279350873101,0.5588853792198092,ok,FALSE
1,6,Basis Ridge (tuned),125,126,126,2,0.00115349002742815,1.4426125636429488,3.865279350873101,0.5588853792198092,ok,FALSE
12,6,Basis Ridge (tuned),120,121,132,2,0.002606264322008008,1.4481089594896936,3.886088948755441,0.5541229148440598,ok,FALSE
1,6,Basis Ridge (tuned),125,126,126,2,0.002606264322008008,1.4481089594896936,3.886088948755441,0.5541229148440598,ok,FALSE
12,6,Basis Ridge (tuned),120,121,132,2,0.005888749408017718,1.4583720953950534,3.925010169025216,0.545146802570158,ok,FALSE
1,6,Basis Ridge (tuned),125,126,126,2,0.005888749408017718,1.4583720953950534,3.925010169025216,0.545146802570158,ok,FALSE
12,6,Basis Ridge (tuned),120,121,132,2,0.013305392433761935,1.4826910883062165,4.01225450755221,0.5247012997249669,ok,TRUE
1,6,Basis Ridge (tuned),125,126,126,2,0.013305392433761935,1.4826910883062165,4.01225450755221,0.5247012997249669,ok,TRUE
12,6,Basis Ridge (tuned),120,121,132,2,0.030062999042780234,1.53193700527753,4.176895627626465,0.4848936236506485,ok,FALSE
1,6,Basis Ridge (tuned),125,126,126,2,0.030062999042780234,1.53193700527753,4.176895627626465,0.4848936236506485,ok,FALSE
12,6,Basis Ridge (tuned),120,121,132,2,0.06792613716171855,1.6129036432781445,4.438245328520095,0.41841621615600977,ok,FALSE
1,6,Basis Ridge (tuned),125,126,126,2,0.06792613716171855,1.6129036432781445,4.438245328520095,0.41841621615600977,ok,FALSE
12,6,Basis Ridge (tuned),120,121,132,2,0.1534763748336234,1.7156799138746337,4.766580811215368,0.3291837104948302,ok,FALSE
1,6,Basis Ridge (tuned),125,126,126,2,0.1534763748336234,1.7156799138746337,4.766580811215368,0.3291837104948302,ok,FALSE
12,6,Basis Ridge (tuned),120,121,132,2,0.34677369590428986,1.8111123389352186,5.079167815121878,0.23831605123407085,ok,FALSE
1,6,Basis Ridge (tuned),125,126,126,2,0.34677369590428986,1.8111123389352186,5.079167815121878,0.23831605123407085,ok,FALSE
12,6,Basis Ridge (tuned),120,121,132,2,0.7835212181775894,1.8830310404764632,5.326876550513999,0.16221044062220913,ok,FALSE
1,6,Basis Ridge (tuned),125,126,126,2,0.7835212181775894,1.8830310404764632,5.326876550513999,0.16221044062220913,ok,FALSE
12,6,Basis Ridge (tuned),120,121,132,2,1.7703346781640914,1.9460801170243498,5.520614616619519,0.1001615608894052,ok,FALSE
1,6,Basis Ridge (tuned),125,126,126,2,1.7703346781640914,1.9460801170243498,5.520614616619519,0.1001615608894052,ok,FALSE
12,6,Basis Ridge (tuned),120,121,132,2,4,2.025027930096261,5.679252029620745,0.047703993156890334,ok,FALSE
1,6,Basis Ridge (tuned),125,126,126,2,4,2.025027930096261,5.679252029620745,0.047703993156890334,ok,FALSE
12,6,Basis Ridge (tuned),120,121,132,3,1.0000000000000009e-4,2.006929633547946,3.586805902809831,0.46759365205828796,ok,FALSE
1,6,Basis Ridge (tuned),125,126,126,3,1.0000000000000009e-4,2.006929633547946,3.586805902809831,0.46759365205828796,ok,FALSE
12,6,Basis Ridge (tuned),120,121,132,3,2.259459778615513e-4,2.0021749754244897,3.577497160737059,0.47035354616694125,ok,FALSE
1,6,Basis Ridge (tuned),125,126,126,3,2.259459778615513e-4,2.0021749754244897,3.577497160737059,0.47035354616694125,ok,FALSE
12,6,Basis Ridge (tuned),120,121,132,3,5.105158491181259e-4,1.9949009837911553,3.56312483361148,0.4746006278150816,ok,FALSE
1,6,Basis Ridge (tuned),125,126,126,3,5.105158491181259e-4,1.9949009837911553,3.56312483361148,0.4746006278150816,ok,FALSE
12,6,Basis Ridge (tuned),120,121,132,3,0.00115349002742815,1.9847790936111518,3.542811525389086,0.48057413575486985,ok,FALSE
1,6,Basis Ridge (tuned),125,126,126,3,0.00115349002742815,1.9847790936111518,3.542811525389086,0.48057413575486985,ok,FALSE
12,6,Basis Ridge (tuned),120,121,132,3,0.002606264322008008,1.963964264467464,3.501310203625789,0.4926722102498631,ok,FALSE
1,6,Basis Ridge (tuned),125,126,126,3,0.002606264322008008,1.963964264467464,3.501310203625789,0.4926722102498631,ok,FALSE
12,6,Basis Ridge (tuned),120,121,132,3,0.005888749408017718,1.924810706606404,3.4241125782174158,0.5147969263342229,ok,FALSE
1,6,Basis Ridge (tuned),125,126,126,3,0.005888749408017718,1.924810706606404,3.4241125782174158,0.5147969263342229,ok,FALSE
12,6,Basis Ridge (tuned),120,121,132,3,0.013305392433761935,1.8483254876006177,3.276424883661592,0.5557495211105441,ok,TRUE
1,6,Basis Ridge (tuned),125,126,126,3,0.013305392433761935,1.8483254876006177,3.276424883661592,0.5557495211105441,ok,TRUE
12,6,Basis Ridge (tuned),120,121,132,3,0.030062999042780234,1.7214646635949897,3.0468010251880764,0.6158368892016106,ok,FALSE
1,6,Basis Ridge (tuned),125,126,126,3,0.030062999042780234,1.7214646635949897,3.0468010251880764,0.6158368892016106,ok,FALSE
12,6,Basis Ridge (tuned),120,121,132,3,0.06792613716171855,1.5747428904368967,2.829129563280118,0.6687673438379933,ok,FALSE
1,6,Basis Ridge (tuned),125,126,126,3,0.06792613716171855,1.5747428904368967,2.829129563280118,0.6687673438379933,ok,FALSE
12,6,Basis Ridge (tuned),120,121,132,3,0.1534763748336234,1.5112963933990806,2.881018878025528,0.6565055839595977,ok,FALSE
1,6,Basis Ridge (tuned),125,126,126,3,0.1534763748336234,1.5112963933990806,2.881018878025528,0.6565055839595977,ok,FALSE
12,6,Basis Ridge (tuned),120,121,132,3,0.34677369590428986,1.5562561926355092,3.3018485376092075,0.548828385439321,ok,FALSE
1,6,Basis Ridge (tuned),125,126,126,3,0.34677369590428986,1.5562561926355092,3.3018485376092075,0.548828385439321,ok,FALSE
12,6,Basis Ridge (tuned),120,121,132,3,0.7835212181775894,1.6836428358146196,3.854168345277101,0.3852637355640244,ok,FALSE
1,6,Basis Ridge (tuned),125,126,126,3,0.7835212181775894,1.6836428358146196,3.854168345277101,0.3852637355640244,ok,FALSE
12,6,Basis Ridge (tuned),120,121,132,3,1.7703346781640914,1.8476458009447256,4.330744707061702,0.22383752900237086,ok,FALSE
1,6,Basis Ridge (tuned),125,126,126,3,1.7703346781640914,1.8476458009447256,4.330744707061702,0.22383752900237086,ok,FALSE
12,6,Basis Ridge (tuned),120,121,132,3,4,2.0066646194448428,4.668682369327554,0.09798007821200017,ok,FALSE
1,6,Basis Ridge (tuned),125,126,126,3,4,2.0066646194448428,4.668682369327554,0.09798007821200017,ok,FALSE
12,6,Basis Ridge (tuned),120,121,132,4,1.0000000000000009e-4,1.3302521000532395,3.1962583594120124,0.49979247759082257,ok,FALSE
1,6,Basis Ridge (tuned),125,126,126,4,1.0000000000000009e-4,1.3302521000532395,3.1962583594120124,0.49979247759082257,ok,FALSE
12,6,Basis Ridge (tuned),120,121,132,4,2.259459778615513e-4,1.3303182141105057,3.1965069544986218,0.4997146653778415,ok,FALSE
1,6,Basis Ridge (tuned),125,126,126,4,2.259459778615513e-4,1.3303182141105057,3.1965069544986218,0.4997146653778415,ok,FALSE
12,6,Basis Ridge (tuned),120,121,132,4,5.105158491181259e-4,1.3303243258211161,3.196623538918546,0.4996781714549441,ok,FALSE
1,6,Basis Ridge (tuned),125,126,126,4,5.105158491181259e-4,1.3303243258211161,3.196623538918546,0.4996781714549441,ok,FALSE
12,6,Basis Ridge (tuned),120,121,132,4,0.00115349002742815,1.3302603496219572,3.196677854829835,0.4996611687227793,ok,FALSE
1,6,Basis Ridge (tuned),125,126,126,4,0.00115349002742815,1.3302603496219572,3.196677854829835,0.4996611687227793,ok,FALSE
12,6,Basis Ridge (tuned),120,121,132,4,0.002606264322008008,1.329998670967307,3.196399447510683,0.4997483166514044,ok,FALSE
1,6,Basis Ridge (tuned),125,126,126,4,0.002606264322008008,1.329998670967307,3.196399447510683,0.4997483166514044,ok,FALSE
12,6,Basis Ridge (tuned),120,121,132,4,0.005888749408017718,1.3291857114180037,3.1950818319485594,0.5001606578240217,ok,FALSE
1,6,Basis Ridge (tuned),125,126,126,4,0.005888749408017718,1.3291857114180037,3.1950818319485594,0.5001606578240217,ok,FALSE
12,6,Basis Ridge (tuned),120,121,132,4,0.013305392433761935,1.3273127930746205,3.1920809149618052,0.5010991451867697,ok,TRUE
1,6,Basis Ridge (tuned),125,126,126,4,0.013305392433761935,1.3273127930746205,3.1920809149618052,0.5010991451867697,ok,TRUE
12,6,Basis Ridge (tuned),120,121,132,4,0.030062999042780234,1.3236443687049795,3.1860755767080176,0.5029745676340067,ok,FALSE
1,6,Basis Ridge (tuned),125,126,126,4,0.030062999042780234,1.3236443687049795,3.1860755767080176,0.5029745676340067,ok,FALSE
12,6,Basis Ridge (tuned),120,121,132,4,0.06792613716171855,1.3184922257448755,3.1825373056767683,0.5040778899760068,ok,FALSE
1,6,Basis Ridge (tuned),125,126,126,4,0.06792613716171855,1.3184922257448755,3.1825373056767683,0.5040778899760068,ok,FALSE
12,6,Basis Ridge (tuned),120,121,132,4,0.1534763748336234,1.3179789086633131,3.2108614360756897,0.49521133642868875,ok,FALSE
1,6,Basis Ridge (tuned),125,126,126,4,0.1534763748336234,1.3179789086633131,3.2108614360756897,0.49521133642868875,ok,FALSE
12,6,Basis Ridge (tuned),120,121,132,4,0.34677369590428986,1.3415326971403139,3.331659589938806,0.4565148183400429,ok,FALSE
1,6,Basis Ridge (tuned),125,126,126,4,0.34677369590428986,1.3415326971403139,3.331659589938806,0.4565148183400429,ok,FALSE
12,6,Basis Ridge (tuned),120,121,132,4,0.7835212181775894,1.41119330059307,3.584725047768042,0.37081528194898883,ok,FALSE
1,6,Basis Ridge (tuned),125,126,126,4,0.7835212181775894,1.41119330059307,3.584725047768042,0.37081528194898883,ok,FALSE
12,6,Basis Ridge (tuned),120,121,132,4,1.7703346781640914,1.527490592492645,3.9121051743955486,0.2506451735683538,ok,FALSE
1,6,Basis Ridge (tuned),125,126,126,4,1.7703346781640914,1.527490592492645,3.9121051743955486,0.2506451735683538,ok,FALSE
12,6,Basis Ridge (tuned),120,121,132,4,4,1.6537741643818031,4.201383385266275,0.13572670872665615,ok,FALSE
1,6,Basis Ridge (tuned),125,126,126,4,4,1.6537741643818031,4.201383385266275,0.13572670872665615,ok,FALSE
12,6,Basis Ridge (tuned),120,121,132,5,1.0000000000000009e-4,1.1628320554491676,2.983163509897393,0.6243397562908283,ok,FALSE
1,6,Basis Ridge (tuned),125,126,126,5,1.0000000000000009e-4,1.1628320554491676,2.983163509897393,0.6243397562908283,ok,FALSE
12,6,Basis Ridge (tuned),120,121,132,5,2.259459778615513e-4,1.1630947151351307,2.9846237837824705,0.6239718910331069,ok,FALSE
1,6,Basis Ridge (tuned),125,126,126,5,2.259459778615513e-4,1.1630947151351307,2.9846237837824705,0.6239718910331069,ok,FALSE
12,6,Basis Ridge (tuned),120,121,132,5,5.105158491181259e-4,1.1635007145520868,2.9868887174678735,0.6234009635407375,ok,FALSE
1,6,Basis Ridge (tuned),125,126,126,5,5.105158491181259e-4,1.1635007145520868,2.9868887174678735,0.6234009635407375,ok,FALSE
12,6,Basis Ridge (tuned),120,121,132,5,0.00115349002742815,1.16414559278671,2.9904244664188653,0.6225088327013729,ok,FALSE
1,6,Basis Ridge (tuned),125,126,126,5,0.00115349002742815,1.16414559278671,2.9904244664188653,0.6225088327013729,ok,FALSE
12,6,Basis Ridge (tuned),120,121,132,5,0.002606264322008008,1.165435814849666,2.997509777452259,0.6207179090905213,ok,FALSE
1,6,Basis Ridge (tuned),125,126,126,5,0.002606264322008008,1.165435814849666,2.997509777452259,0.6207179090905213,ok,FALSE
12,6,Basis Ridge (tuned),120,121,132,5,0.005888749408017718,1.1682589731813104,3.0129931733927098,0.6167894869131549,ok,FALSE
1,6,Basis Ridge (tuned),125,126,126,5,0.005888749408017718,1.1682589731813104,3.0129931733927098,0.6167894869131549,ok,FALSE
12,6,Basis Ridge (tuned),120,121,132,5,0.013305392433761935,1.174133112692623,3.044597063349031,0.6087081808894867,ok,TRUE
1,6,Basis Ridge (tuned),125,126,126,5,0.013305392433761935,1.174133112692623,3.044597063349031,0.6087081808894867,ok,TRUE
12,6,Basis Ridge (tuned),120,121,132,5,0.030062999042780234,1.1858420851895841,3.1071796262566345,0.5924566219796553,ok,FALSE
1,6,Basis Ridge (tuned),125,126,126,5,0.030062999042780234,1.1858420851895841,3.1071796262566345,0.5924566219796553,ok,FALSE
12,6,Basis Ridge (tuned),120,121,132,5,0.06792613716171855,1.2070557904174073,3.2184289884811763,0.5627508415318294,ok,FALSE
1,6,Basis Ridge (tuned),125,126,126,5,0.06792613716171855,1.2070557904174073,3.2184289884811763,0.5627508415318294,ok,FALSE
12,6,Basis Ridge (tuned),120,121,132,5,0.1534763748336234,1.2414599560413961,3.394420911476798,0.5136235839255388,ok,FALSE
1,6,Basis Ridge (tuned),125,126,126,5,0.1534763748336234,1.2414599560413961,3.394420911476798,0.5136235839255388,ok,FALSE
12,6,Basis Ridge (tuned),120,121,132,5,0.34677369590428986,1.2943621280467186,3.6416795668301325,0.4401849388586001,ok,FALSE
1,6,Basis Ridge (tuned),125,126,126,5,0.34677369590428986,1.2943621280467186,3.6416795668301325,0.4401849388586001,ok,FALSE
12,6,Basis Ridge (tuned),120,121,132,5,0.7835212181775894,1.379227625082352,3.9536052883291304,0.3401765629889245,ok,FALSE
1,6,Basis Ridge (tuned),125,126,126,5,0.7835212181775894,1.379227625082352,3.9536052883291304,0.3401765629889245,ok,FALSE
12,6,Basis Ridge (tuned),120,121,132,5,1.7703346781640914,1.4964947993026225,4.283292689200736,0.22554422311709432,ok,FALSE
1,6,Basis Ridge (tuned),125,126,126,5,1.7703346781640914,1.4964947993026225,4.283292689200736,0.22554422311709432,ok,FALSE
12,6,Basis Ridge (tuned),120,121,132,5,4,1.6209309683104536,4.556314730362458,0.12366824142432187,ok,FALSE
1,6,Basis Ridge (tuned),125,126,126,5,4,1.6209309683104536,4.556314730362458,0.12366824142432187,ok,FALSE
12,6,Basis Ridge (tuned),120,121,132,6,1.0000000000000009e-4,1.2286255117199854,2.0792934764070803,0.7794594633805534,ok,FALSE
1,6,Basis Ridge (tuned),125,126,126,6,1.0000000000000009e-4,1.2286255117199854,2.0792934764070803,0.7794594633805534,ok,FALSE
12,6,Basis Ridge (tuned),120,121,132,6,2.259459778615513e-4,1.2274702127333625,2.077965119699107,0.7797411580300925,ok,FALSE
1,6,Basis Ridge (tuned),125,126,126,6,2.259459778615513e-4,1.2274702127333625,2.077965119699107,0.7797411580300925,ok,FALSE
12,6,Basis Ridge (tuned),120,121,132,6,5.105158491181259e-4,1.2257039592559589,2.0759595838420806,0.7801661159192037,ok,FALSE
1,6,Basis Ridge (tuned),125,126,126,6,5.105158491181259e-4,1.2257039592559589,2.0759595838420806,0.7801661159192037,ok,FALSE
12,6,Basis Ridge (tuned),120,121,132,6,0.00115349002742815,1.223190583860025,2.0731282293566715,0.780765359951751,ok,FALSE
1,6,Basis Ridge (tuned),125,126,126,6,0.00115349002742815,1.223190583860025,2.0731282293566715,0.780765359951751,ok,FALSE
12,6,Basis Ridge (tuned),120,121,132,6,0.002606264322008008,1.2183991773937604,2.0678436399613354,0.7818816328329932,ok,FALSE
1,6,Basis Ridge (tuned),125,126,126,6,0.002606264322008008,1.2183991773937604,2.0678436399613354,0.7818816328329932,ok,FALSE
12,6,Basis Ridge (tuned),120,121,132,6,0.005888749408017718,1.2087764798090965,2.0575751782113105,0.7840425109921922,ok,FALSE
1,6,Basis Ridge (tuned),125,126,126,6,0.005888749408017718,1.2087764798090965,2.0575751782113105,0.7840425109921922,ok,FALSE
12,6,Basis Ridge (tuned),120,121,132,6,0.013305392433761935,1.1918840439660972,2.042970375725193,0.7870973911234979,ok,TRUE
1,6,Basis Ridge (tuned),125,126,126,6,0.013305392433761935,1.1918840439660972,2.042970375725193,0.7870973911234979,ok,TRUE
12,6,Basis Ridge (tuned),120,121,132,6,0.030062999042780234,1.162749232843952,2.038762026275543,0.7879736111383042,ok,FALSE
1,6,Basis Ridge (tuned),125,126,126,6,0.030062999042780234,1.162749232843952,2.038762026275543,0.7879736111383042,ok,FALSE
12,6,Basis Ridge (tuned),120,121,132,6,0.06792613716171855,1.1321945072295965,2.1043938160855142,0.7741027839157699,ok,FALSE
1,6,Basis Ridge (tuned),125,126,126,6,0.06792613716171855,1.1321945072295965,2.1043938160855142,0.7741027839157699,ok,FALSE
12,6,Basis Ridge (tuned),120,121,132,6,0.1534763748336234,1.12700471188497,2.339070407693842,0.7209105408158656,ok,FALSE
1,6,Basis Ridge (tuned),125,126,126,6,0.1534763748336234,1.12700471188497,2.339070407693842,0.7209105408158656,ok,FALSE
12,6,Basis Ridge (tuned),120,121,132,6,0.34677369590428986,1.1831650495285555,2.763840692005838,0.6103426628960704,ok,FALSE
1,6,Basis Ridge (tuned),125,126,126,6,0.34677369590428986,1.1831650495285555,2.763840692005838,0.6103426628960704,ok,FALSE
12,6,Basis Ridge (tuned),120,121,132,6,0.7835212181775894,1.3015208775433613,3.273323020859866,0.45344411533652584,ok,FALSE
1,6,Basis Ridge (tuned),125,126,126,6,0.7835212181775894,1.3015208775433613,3.273323020859866,0.45344411533652584,ok,FALSE
12,6,Basis Ridge (tuned),120,121,132,6,1.7703346781640914,1.4472505706547916,3.737584863211057,0.2874112371717651,ok,FALSE
1,6,Basis Ridge (tuned),125,126,126,6,1.7703346781640914,1.4472505706547916,3.737584863211057,0.2874112371717651,ok,FALSE
12,6,Basis Ridge (tuned),120,121,132,6,4,1.580070636334733,4.0779706800586055,0.15170864159509645,ok,FALSE
1,6,Basis Ridge (tuned),125,126,126,6,4,1.580070636334733,4.0779706800586055,0.15170864159509645,ok,FALSE
1,7,Basis Ridge (tuned),126,127,127,1,1.0000000000000009e-4,1.582818079329587,4.300286808301396,0.5440713517962097,ok,FALSE
1,7,Basis Ridge (tuned),126,127,127,1,2.259459778615513e-4,1.5842480550680418,4.306399241669513,0.5427743154767803,ok,FALSE
1,7,Basis Ridge (tuned),126,127,127,1,5.105158491181259e-4,1.5869897160846802,4.318018930228622,0.5403035795406186,ok,FALSE
1,7,Basis Ridge (tuned),126,127,127,1,0.00115349002742815,1.5908869195356896,4.334499190959903,0.5367879052430153,ok,FALSE
1,7,Basis Ridge (tuned),126,127,127,1,0.002606264322008008,1.5996377512472282,4.371393271283125,0.528868874565494,ok,FALSE
1,7,Basis Ridge (tuned),126,127,127,1,0.005888749408017718,1.6168675511145691,4.441957362247706,0.5135358850801155,ok,FALSE
1,7,Basis Ridge (tuned),126,127,127,1,0.013305392433761935,1.6604072457784667,4.603189247956525,0.4775801160409382,ok,TRUE
1,7,Basis Ridge (tuned),126,127,127,1,0.030062999042780234,1.7514127802496517,4.910207552699873,0.4055686058474197,ok,FALSE
1,7,Basis Ridge (tuned),126,127,127,1,0.06792613716171855,1.8925994133354527,5.365604565735103,0.29019449397371055,ok,FALSE
1,7,Basis Ridge (tuned),126,127,127,1,0.1534763748336234,2.040852921544482,5.8393919574001885,0.15930726798451678,ok,FALSE
1,7,Basis Ridge (tuned),126,127,127,1,0.34677369590428986,2.1434843073493393,6.172479984841076,0.06066302272379753,ok,FALSE
1,7,Basis Ridge (tuned),126,127,127,1,0.7835212181775894,2.198776652902988,6.341940117627568,0.008377637705677787,ok,FALSE
1,7,Basis Ridge (tuned),126,127,127,1,1.7703346781640914,2.2293334697377203,6.413008971795307,-0.01397146447079578,ok,FALSE
1,7,Basis Ridge (tuned),126,127,127,1,4,2.253956345887773,6.443440688870071,-0.02361751537421486,ok,FALSE
1,7,Basis Ridge (tuned),126,127,127,2,1.0000000000000009e-4,1.4370033979882035,3.8437616707851565,0.5637830036939913,ok,FALSE
1,7,Basis Ridge (tuned),126,127,127,2,2.259459778615513e-4,1.4381608117709783,3.848217192464795,0.5627711299598198,ok,FALSE
1,7,Basis Ridge (tuned),126,127,127,2,5.105158491181259e-4,1.4399856805996076,3.8553347004548812,0.5611522723346818,ok,FALSE
1,7,Basis Ridge (tuned),126,127,127,2,0.00115349002742815,1.4426125636429488,3.865279350873101,0.5588853792198092,ok,FALSE
1,7,Basis Ridge (tuned),126,127,127,2,0.002606264322008008,1.4481089594896936,3.886088948755441,0.5541229148440598,ok,FALSE
1,7,Basis Ridge (tuned),126,127,127,2,0.005888749408017718,1.4583720953950534,3.925010169025216,0.545146802570158,ok,FALSE
1,7,Basis Ridge (tuned),126,127,127,2,0.013305392433761935,1.4826910883062165,4.01225450755221,0.5247012997249669,ok,TRUE
1,7,Basis Ridge (tuned),126,127,127,2,0.030062999042780234,1.53193700527753,4.176895627626465,0.4848936236506485,ok,FALSE
1,7,Basis Ridge (tuned),126,127,127,2,0.06792613716171855,1.6129036432781445,4.438245328520095,0.41841621615600977,ok,FALSE
1,7,Basis Ridge (tuned),126,127,127,2,0.1534763748336234,1.7156799138746337,4.766580811215368,0.3291837104948302,ok,FALSE
1,7,Basis Ridge (tuned),126,127,127,2,0.34677369590428986,1.8111123389352186,5.079167815121878,0.23831605123407085,ok,FALSE
1,7,Basis Ridge (tuned),126,127,127,2,0.7835212181775894,1.8830310404764632,5.326876550513999,0.16221044062220913,ok,FALSE
1,7,Basis Ridge (tuned),126,127,127,2,1.7703346781640914,1.9460801170243498,5.520614616619519,0.1001615608894052,ok,FALSE
1,7,Basis Ridge (tuned),126,127,127,2,4,2.025027930096261,5.679252029620745,0.047703993156890334,ok,FALSE
1,7,Basis Ridge (tuned),126,127,127,3,1.0000000000000009e-4,2.006929633547946,3.586805902809831,0.46759365205828796,ok,FALSE
1,7,Basis Ridge (tuned),126,127,127,3,2.259459778615513e-4,2.0021749754244897,3.577497160737059,0.47035354616694125,ok,FALSE
1,7,Basis Ridge (tuned),126,127,127,3,5.105158491181259e-4,1.9949009837911553,3.56312483361148,0.4746006278150816,ok,FALSE
1,7,Basis Ridge (tuned),126,127,127,3,0.00115349002742815,1.9847790936111518,3.542811525389086,0.48057413575486985,ok,FALSE
1,7,Basis Ridge (tuned),126,127,127,3,0.002606264322008008,1.963964264467464,3.501310203625789,0.4926722102498631,ok,FALSE
1,7,Basis Ridge (tuned),126,127,127,3,0.005888749408017718,1.924810706606404,3.4241125782174158,0.5147969263342229,ok,FALSE
1,7,Basis Ridge (tuned),126,127,127,3,0.013305392433761935,1.8483254876006177,3.276424883661592,0.5557495211105441,ok,TRUE
1,7,Basis Ridge (tuned),126,127,127,3,0.030062999042780234,1.7214646635949897,3.0468010251880764,0.6158368892016106,ok,FALSE
1,7,Basis Ridge (tuned),126,127,127,3,0.06792613716171855,1.5747428904368967,2.829129563280118,0.6687673438379933,ok,FALSE
1,7,Basis Ridge (tuned),126,127,127,3,0.1534763748336234,1.5112963933990806,2.881018878025528,0.6565055839595977,ok,FALSE
1,7,Basis Ridge (tuned),126,127,127,3,0.34677369590428986,1.5562561926355092,3.3018485376092075,0.548828385439321,ok,FALSE
1,7,Basis Ridge (tuned),126,127,127,3,0.7835212181775894,1.6836428358146196,3.854168345277101,0.3852637355640244,ok,FALSE
1,7,Basis Ridge (tuned),126,127,127,3,1.7703346781640914,1.8476458009447256,4.330744707061702,0.22383752900237086,ok,FALSE
1,7,Basis Ridge (tuned),126,127,127,3,4,2.0066646194448428,4.668682369327554,0.09798007821200017,ok,FALSE
1,7,Basis Ridge (tuned),126,127,127,4,1.0000000000000009e-4,1.3302521000532395,3.1962583594120124,0.49979247759082257,ok,FALSE
1,7,Basis Ridge (tuned),126,127,127,4,2.259459778615513e-4,1.3303182141105057,3.1965069544986218,0.4997146653778415,ok,FALSE
1,7,Basis Ridge (tuned),126,127,127,4,5.105158491181259e-4,1.3303243258211161,3.196623538918546,0.4996781714549441,ok,FALSE
1,7,Basis Ridge (tuned),126,127,127,4,0.00115349002742815,1.3302603496219572,3.196677854829835,0.4996611687227793,ok,FALSE
1,7,Basis Ridge (tuned),126,127,127,4,0.002606264322008008,1.329998670967307,3.196399447510683,0.4997483166514044,ok,FALSE
1,7,Basis Ridge (tuned),126,127,127,4,0.005888749408017718,1.3291857114180037,3.1950818319485594,0.5001606578240217,ok,FALSE
1,7,Basis Ridge (tuned),126,127,127,4,0.013305392433761935,1.3273127930746205,3.1920809149618052,0.5010991451867697,ok,TRUE
1,7,Basis Ridge (tuned),126,127,127,4,0.030062999042780234,1.3236443687049795,3.1860755767080176,0.5029745676340067,ok,FALSE
1,7,Basis Ridge (tuned),126,127,127,4,0.06792613716171855,1.3184922257448755,3.1825373056767683,0.5040778899760068,ok,FALSE
1,7,Basis Ridge (tuned),126,127,127,4,0.1534763748336234,1.3179789086633131,3.2108614360756897,0.49521133642868875,ok,FALSE
1,7,Basis Ridge (tuned),126,127,127,4,0.34677369590428986,1.3415326971403139,3.331659589938806,0.4565148183400429,ok,FALSE
1,7,Basis Ridge (tuned),126,127,127,4,0.7835212181775894,1.41119330059307,3.584725047768042,0.37081528194898883,ok,FALSE
1,7,Basis Ridge (tuned),126,127,127,4,1.7703346781640914,1.527490592492645,3.9121051743955486,0.2506451735683538,ok,FALSE
1,7,Basis Ridge (tuned),126,127,127,4,4,1.6537741643818031,4.201383385266275,0.13572670872665615,ok,FALSE
1,7,Basis Ridge (tuned),126,127,127,5,1.0000000000000009e-4,1.1628320554491676,2.983163509897393,0.6243397562908283,ok,FALSE
1,7,Basis Ridge (tuned),126,127,127,5,2.259459778615513e-4,1.1630947151351307,2.9846237837824705,0.6239718910331069,ok,FALSE
1,7,Basis Ridge (tuned),126,127,127,5,5.105158491181259e-4,1.1635007145520868,2.9868887174678735,0.6234009635407375,ok,FALSE
1,7,Basis Ridge (tuned),126,127,127,5,0.00115349002742815,1.16414559278671,2.9904244664188653,0.6225088327013729,ok,FALSE
1,7,Basis Ridge (tuned),126,127,127,5,0.002606264322008008,1.165435814849666,2.997509777452259,0.6207179090905213,ok,FALSE
1,7,Basis Ridge (tuned),126,127,127,5,0.005888749408017718,1.1682589731813104,3.0129931733927098,0.6167894869131549,ok,FALSE
1,7,Basis Ridge (tuned),126,127,127,5,0.013305392433761935,1.174133112692623,3.044597063349031,0.6087081808894867,ok,TRUE
1,7,Basis Ridge (tuned),126,127,127,5,0.030062999042780234,1.1858420851895841,3.1071796262566345,0.5924566219796553,ok,FALSE
1,7,Basis Ridge (tuned),126,127,127,5,0.06792613716171855,1.2070557904174073,3.2184289884811763,0.5627508415318294,ok,FALSE
1,7,Basis Ridge (tuned),126,127,127,5,0.1534763748336234,1.2414599560413961,3.394420911476798,0.5136235839255388,ok,FALSE
1,7,Basis Ridge (tuned),126,127,127,5,0.34677369590428986,1.2943621280467186,3.6416795668301325,0.4401849388586001,ok,FALSE
1,7,Basis Ridge (tuned),126,127,127,5,0.7835212181775894,1.379227625082352,3.9536052883291304,0.3401765629889245,ok,FALSE
1,7,Basis Ridge (tuned),126,127,127,5,1.7703346781640914,1.4964947993026225,4.283292689200736,0.22554422311709432,ok,FALSE
1,7,Basis Ridge (tuned),126,127,127,5,4,1.6209309683104536,4.556314730362458,0.12366824142432187,ok,FALSE
1,7,Basis Ridge (tuned),126,127,127,6,1.0000000000000009e-4,1.2286255117199854,2.0792934764070803,0.7794594633805534,ok,FALSE
1,7,Basis Ridge (tuned),126,127,127,6,2.259459778615513e-4,1.2274702127333625,2.077965119699107,0.7797411580300925,ok,FALSE
1,7,Basis Ridge (tuned),126,127,127,6,5.105158491181259e-4,1.2257039592559589,2.0759595838420806,0.7801661159192037,ok,FALSE
1,7,Basis Ridge (tuned),126,127,127,6,0.00115349002742815,1.223190583860025,2.0731282293566715,0.780765359951751,ok,FALSE
1,7,Basis Ridge (tuned),126,127,127,6,0.002606264322008008,1.2183991773937604,2.0678436399613354,0.7818816328329932,ok,FALSE
1,7,Basis Ridge (tuned),126,127,127,6,0.005888749408017718,1.2087764798090965,2.0575751782113105,0.7840425109921922,ok,FALSE
1,7,Basis Ridge (tuned),126,127,127,6,0.013305392433761935,1.1918840439660972,2.042970375725193,0.7870973911234979,ok,TRUE
1,7,Basis Ridge (tuned),126,127,127,6,0.030062999042780234,1.162749232843952,2.038762026275543,0.7879736111383042,ok,FALSE
1,7,Basis Ridge (tuned),126,127,127,6,0.06792613716171855,1.1321945072295965,2.1043938160855142,0.7741027839157699,ok,FALSE
1,7,Basis Ridge (tuned),126,127,127,6,0.1534763748336234,1.12700471188497,2.339070407693842,0.7209105408158656,ok,FALSE
1,7,Basis Ridge (tuned),126,127,127,6,0.34677369590428986,1.1831650495285555,2.763840692005838,0.6103426628960704,ok,FALSE
1,7,Basis Ridge (tuned),126,127,127,6,0.7835212181775894,1.3015208775433613,3.273323020859866,0.45344411533652584,ok,FALSE
1,7,Basis Ridge (tuned),126,127,127,6,1.7703346781640914,1.4472505706547916,3.737584863211057,0.2874112371717651,ok,FALSE
1,7,Basis Ridge (tuned),126,127,127,6,4,1.580070636334733,4.0779706800586055,0.15170864159509645,ok,FALSE
1,8,Basis Ridge (tuned),127,128,128,1,1.0000000000000009e-4,1.582818079329587,4.300286808301396,0.5440713517962097,ok,FALSE
1,8,Basis Ridge (tuned),127,128,128,1,2.259459778615513e-4,1.5842480550680418,4.306399241669513,0.5427743154767803,ok,FALSE
1,8,Basis Ridge (tuned),127,128,128,1,5.105158491181259e-4,1.5869897160846802,4.318018930228622,0.5403035795406186,ok,FALSE
1,8,Basis Ridge (tuned),127,128,128,1,0.00115349002742815,1.5908869195356896,4.334499190959903,0.5367879052430153,ok,FALSE
1,8,Basis Ridge (tuned),127,128,128,1,0.002606264322008008,1.5996377512472282,4.371393271283125,0.528868874565494,ok,FALSE
1,8,Basis Ridge (tuned),127,128,128,1,0.005888749408017718,1.6168675511145691,4.441957362247706,0.5135358850801155,ok,FALSE
1,8,Basis Ridge (tuned),127,128,128,1,0.013305392433761935,1.6604072457784667,4.603189247956525,0.4775801160409382,ok,TRUE
1,8,Basis Ridge (tuned),127,128,128,1,0.030062999042780234,1.7514127802496517,4.910207552699873,0.4055686058474197,ok,FALSE
1,8,Basis Ridge (tuned),127,128,128,1,0.06792613716171855,1.8925994133354527,5.365604565735103,0.29019449397371055,ok,FALSE
1,8,Basis Ridge (tuned),127,128,128,1,0.1534763748336234,2.040852921544482,5.8393919574001885,0.15930726798451678,ok,FALSE
1,8,Basis Ridge (tuned),127,128,128,1,0.34677369590428986,2.1434843073493393,6.172479984841076,0.06066302272379753,ok,FALSE
1,8,Basis Ridge (tuned),127,128,128,1,0.7835212181775894,2.198776652902988,6.341940117627568,0.008377637705677787,ok,FALSE
1,8,Basis Ridge (tuned),127,128,128,1,1.7703346781640914,2.2293334697377203,6.413008971795307,-0.01397146447079578,ok,FALSE
1,8,Basis Ridge (tuned),127,128,128,1,4,2.253956345887773,6.443440688870071,-0.02361751537421486,ok,FALSE
1,8,Basis Ridge (tuned),127,128,128,2,1.0000000000000009e-4,1.4370033979882035,3.8437616707851565,0.5637830036939913,ok,FALSE
1,8,Basis Ridge (tuned),127,128,128,2,2.259459778615513e-4,1.4381608117709783,3.848217192464795,0.5627711299598198,ok,FALSE
1,8,Basis Ridge (tuned),127,128,128,2,5.105158491181259e-4,1.4399856805996076,3.8553347004548812,0.5611522723346818,ok,FALSE
1,8,Basis Ridge (tuned),127,128,128,2,0.00115349002742815,1.4426125636429488,3.865279350873101,0.5588853792198092,ok,FALSE
1,8,Basis Ridge (tuned),127,128,128,2,0.002606264322008008,1.4481089594896936,3.886088948755441,0.5541229148440598,ok,FALSE
1,8,Basis Ridge (tuned),127,128,128,2,0.005888749408017718,1.4583720953950534,3.925010169025216,0.545146802570158,ok,FALSE
1,8,Basis Ridge (tuned),127,128,128,2,0.013305392433761935,1.4826910883062165,4.01225450755221,0.5247012997249669,ok,TRUE
1,8,Basis Ridge (tuned),127,128,128,2,0.030062999042780234,1.53193700527753,4.176895627626465,0.4848936236506485,ok,FALSE
1,8,Basis Ridge (tuned),127,128,128,2,0.06792613716171855,1.6129036432781445,4.438245328520095,0.41841621615600977,ok,FALSE
1,8,Basis Ridge (tuned),127,128,128,2,0.1534763748336234,1.7156799138746337,4.766580811215368,0.3291837104948302,ok,FALSE
1,8,Basis Ridge (tuned),127,128,128,2,0.34677369590428986,1.8111123389352186,5.079167815121878,0.23831605123407085,ok,FALSE
1,8,Basis Ridge (tuned),127,128,128,2,0.7835212181775894,1.8830310404764632,5.326876550513999,0.16221044062220913,ok,FALSE
1,8,Basis Ridge (tuned),127,128,128,2,1.7703346781640914,1.9460801170243498,5.520614616619519,0.1001615608894052,ok,FALSE
1,8,Basis Ridge (tuned),127,128,128,2,4,2.025027930096261,5.679252029620745,0.047703993156890334,ok,FALSE
1,8,Basis Ridge (tuned),127,128,128,3,1.0000000000000009e-4,2.006929633547946,3.586805902809831,0.46759365205828796,ok,FALSE
1,8,Basis Ridge (tuned),127,128,128,3,2.259459778615513e-4,2.0021749754244897,3.577497160737059,0.47035354616694125,ok,FALSE
1,8,Basis Ridge (tuned),127,128,128,3,5.105158491181259e-4,1.9949009837911553,3.56312483361148,0.4746006278150816,ok,FALSE
1,8,Basis Ridge (tuned),127,128,128,3,0.00115349002742815,1.9847790936111518,3.542811525389086,0.48057413575486985,ok,FALSE
1,8,Basis Ridge (tuned),127,128,128,3,0.002606264322008008,1.963964264467464,3.501310203625789,0.4926722102498631,ok,FALSE
1,8,Basis Ridge (tuned),127,128,128,3,0.005888749408017718,1.924810706606404,3.4241125782174158,0.5147969263342229,ok,FALSE
1,8,Basis Ridge (tuned),127,128,128,3,0.013305392433761935,1.8483254876006177,3.276424883661592,0.5557495211105441,ok,TRUE
1,8,Basis Ridge (tuned),127,128,128,3,0.030062999042780234,1.7214646635949897,3.0468010251880764,0.6158368892016106,ok,FALSE
1,8,Basis Ridge (tuned),127,128,128,3,0.06792613716171855,1.5747428904368967,2.829129563280118,0.6687673438379933,ok,FALSE
1,8,Basis Ridge (tuned),127,128,128,3,0.1534763748336234,1.5112963933990806,2.881018878025528,0.6565055839595977,ok,FALSE
1,8,Basis Ridge (tuned),127,128,128,3,0.34677369590428986,1.5562561926355092,3.3018485376092075,0.548828385439321,ok,FALSE
1,8,Basis Ridge (tuned),127,128,128,3,0.7835212181775894,1.6836428358146196,3.854168345277101,0.3852637355640244,ok,FALSE
1,8,Basis Ridge (tuned),127,128,128,3,1.7703346781640914,1.8476458009447256,4.330744707061702,0.22383752900237086,ok,FALSE
1,8,Basis Ridge (tuned),127,128,128,3,4,2.0066646194448428,4.668682369327554,0.09798007821200017,ok,FALSE
1,8,Basis Ridge (tuned),127,128,128,4,1.0000000000000009e-4,1.3302521000532395,3.1962583594120124,0.49979247759082257,ok,FALSE
1,8,Basis Ridge (tuned),127,128,128,4,2.259459778615513e-4,1.3303182141105057,3.1965069544986218,0.4997146653778415,ok,FALSE
1,8,Basis Ridge (tuned),127,128,128,4,5.105158491181259e-4,1.3303243258211161,3.196623538918546,0.4996781714549441,ok,FALSE
1,8,Basis Ridge (tuned),127,128,128,4,0.00115349002742815,1.3302603496219572,3.196677854829835,0.4996611687227793,ok,FALSE
1,8,Basis Ridge (tuned),127,128,128,4,0.002606264322008008,1.329998670967307,3.196399447510683,0.4997483166514044,ok,FALSE
1,8,Basis Ridge (tuned),127,128,128,4,0.005888749408017718,1.3291857114180037,3.1950818319485594,0.5001606578240217,ok,FALSE
1,8,Basis Ridge (tuned),127,128,128,4,0.013305392433761935,1.3273127930746205,3.1920809149618052,0.5010991451867697,ok,TRUE
1,8,Basis Ridge (tuned),127,128,128,4,0.030062999042780234,1.3236443687049795,3.1860755767080176,0.5029745676340067,ok,FALSE
1,8,Basis Ridge (tuned),127,128,128,4,0.06792613716171855,1.3184922257448755,3.1825373056767683,0.5040778899760068,ok,FALSE
1,8,Basis Ridge (tuned),127,128,128,4,0.1534763748336234,1.3179789086633131,3.2108614360756897,0.49521133642868875,ok,FALSE
1,8,Basis Ridge (tuned),127,128,128,4,0.34677369590428986,1.3415326971403139,3.331659589938806,0.4565148183400429,ok,FALSE
1,8,Basis Ridge (tuned),127,128,128,4,0.7835212181775894,1.41119330059307,3.584725047768042,0.37081528194898883,ok,FALSE
1,8,Basis Ridge (tuned),127,128,128,4,1.7703346781640914,1.527490592492645,3.9121051743955486,0.2506451735683538,ok,FALSE
1,8,Basis Ridge (tuned),127,128,128,4,4,1.6537741643818031,4.201383385266275,0.13572670872665615,ok,FALSE
1,8,Basis Ridge (tuned),127,128,128,5,1.0000000000000009e-4,1.1628320554491676,2.983163509897393,0.6243397562908283,ok,FALSE
1,8,Basis Ridge (tuned),127,128,128,5,2.259459778615513e-4,1.1630947151351307,2.9846237837824705,0.6239718910331069,ok,FALSE
1,8,Basis Ridge (tuned),127,128,128,5,5.105158491181259e-4,1.1635007145520868,2.9868887174678735,0.6234009635407375,ok,FALSE
1,8,Basis Ridge (tuned),127,128,128,5,0.00115349002742815,1.16414559278671,2.9904244664188653,0.6225088327013729,ok,FALSE
1,8,Basis Ridge (tuned),127,128,128,5,0.002606264322008008,1.165435814849666,2.997509777452259,0.6207179090905213,ok,FALSE
1,8,Basis Ridge (tuned),127,128,128,5,0.005888749408017718,1.1682589731813104,3.0129931733927098,0.6167894869131549,ok,FALSE
1,8,Basis Ridge (tuned),127,128,128,5,0.013305392433761935,1.174133112692623,3.044597063349031,0.6087081808894867,ok,TRUE
1,8,Basis Ridge (tuned),127,128,128,5,0.030062999042780234,1.1858420851895841,3.1071796262566345,0.5924566219796553,ok,FALSE
1,8,Basis Ridge (tuned),127,128,128,5,0.06792613716171855,1.2070557904174073,3.2184289884811763,0.5627508415318294,ok,FALSE
1,8,Basis Ridge (tuned),127,128,128,5,0.1534763748336234,1.2414599560413961,3.394420911476798,0.5136235839255388,ok,FALSE
1,8,Basis Ridge (tuned),127,128,128,5,0.34677369590428986,1.2943621280467186,3.6416795668301325,0.4401849388586001,ok,FALSE
1,8,Basis Ridge (tuned),127,128,128,5,0.7835212181775894,1.379227625082352,3.9536052883291304,0.3401765629889245,ok,FALSE
1,8,Basis Ridge (tuned),127,128,128,5,1.7703346781640914,1.4964947993026225,4.283292689200736,0.22554422311709432,ok,FALSE
1,8,Basis Ridge (tuned),127,128,128,5,4,1.6209309683104536,4.556314730362458,0.12366824142432187,ok,FALSE
1,8,Basis Ridge (tuned),127,128,128,6,1.0000000000000009e-4,1.2286255117199854,2.0792934764070803,0.7794594633805534,ok,FALSE
1,8,Basis Ridge (tuned),127,128,128,6,2.259459778615513e-4,1.2274702127333625,2.077965119699107,0.7797411580300925,ok,FALSE
1,8,Basis Ridge (tuned),127,128,128,6,5.105158491181259e-4,1.2257039592559589,2.0759595838420806,0.7801661159192037,ok,FALSE
1,8,Basis Ridge (tuned),127,128,128,6,0.00115349002742815,1.223190583860025,2.0731282293566715,0.780765359951751,ok,FALSE
1,8,Basis Ridge (tuned),127,128,128,6,0.002606264322008008,1.2183991773937604,2.0678436399613354,0.7818816328329932,ok,FALSE
1,8,Basis Ridge (tuned),127,128,128,6,0.005888749408017718,1.2087764798090965,2.0575751782113105,0.7840425109921922,ok,FALSE
1,8,Basis Ridge (tuned),127,128,128,6,0.013305392433761935,1.1918840439660972,2.042970375725193,0.7870973911234979,ok,TRUE
1,8,Basis Ridge (tuned),127,128,128,6,0.030062999042780234,1.162749232843952,2.038762026275543,0.7879736111383042,ok,FALSE
1,8,Basis Ridge (tuned),127,128,128,6,0.06792613716171855,1.1321945072295965,2.1043938160855142,0.7741027839157699,ok,FALSE
1,8,Basis Ridge (tuned),127,128,128,6,0.1534763748336234,1.12700471188497,2.339070407693842,0.7209105408158656,ok,FALSE
1,8,Basis Ridge (tuned),127,128,128,6,0.34677369590428986,1.1831650495285555,2.763840692005838,0.6103426628960704,ok,FALSE
1,8,Basis Ridge (tuned),127,128,128,6,0.7835212181775894,1.3015208775433613,3.273323020859866,0.45344411533652584,ok,FALSE
1,8,Basis Ridge (tuned),127,128,128,6,1.7703346781640914,1.4472505706547916,3.737584863211057,0.2874112371717651,ok,FALSE
1,8,Basis Ridge (tuned),127,128,128,6,4,1.580070636334733,4.0779706800586055,0.15170864159509645,ok,FALSE
1,9,Basis Ridge (tuned),128,129,129,1,1.0000000000000009e-4,1.582818079329587,4.300286808301396,0.5440713517962097,ok,FALSE
1,9,Basis Ridge (tuned),128,129,129,1,2.259459778615513e-4,1.5842480550680418,4.306399241669513,0.5427743154767803,ok,FALSE
1,9,Basis Ridge (tuned),128,129,129,1,5.105158491181259e-4,1.5869897160846802,4.318018930228622,0.5403035795406186,ok,FALSE
1,9,Basis Ridge (tuned),128,129,129,1,0.00115349002742815,1.5908869195356896,4.334499190959903,0.5367879052430153,ok,FALSE
1,9,Basis Ridge (tuned),128,129,129,1,0.002606264322008008,1.5996377512472282,4.371393271283125,0.528868874565494,ok,FALSE
1,9,Basis Ridge (tuned),128,129,129,1,0.005888749408017718,1.6168675511145691,4.441957362247706,0.5135358850801155,ok,FALSE
1,9,Basis Ridge (tuned),128,129,129,1,0.013305392433761935,1.6604072457784667,4.603189247956525,0.4775801160409382,ok,TRUE
1,9,Basis Ridge (tuned),128,129,129,1,0.030062999042780234,1.7514127802496517,4.910207552699873,0.4055686058474197,ok,FALSE
1,9,Basis Ridge (tuned),128,129,129,1,0.06792613716171855,1.8925994133354527,5.365604565735103,0.29019449397371055,ok,FALSE
1,9,Basis Ridge (tuned),128,129,129,1,0.1534763748336234,2.040852921544482,5.8393919574001885,0.15930726798451678,ok,FALSE
1,9,Basis Ridge (tuned),128,129,129,1,0.34677369590428986,2.1434843073493393,6.172479984841076,0.06066302272379753,ok,FALSE
1,9,Basis Ridge (tuned),128,129,129,1,0.7835212181775894,2.198776652902988,6.341940117627568,0.008377637705677787,ok,FALSE
1,9,Basis Ridge (tuned),128,129,129,1,1.7703346781640914,2.2293334697377203,6.413008971795307,-0.01397146447079578,ok,FALSE
1,9,Basis Ridge (tuned),128,129,129,1,4,2.253956345887773,6.443440688870071,-0.02361751537421486,ok,FALSE
1,9,Basis Ridge (tuned),128,129,129,2,1.0000000000000009e-4,1.4370033979882035,3.8437616707851565,0.5637830036939913,ok,FALSE
1,9,Basis Ridge (tuned),128,129,129,2,2.259459778615513e-4,1.4381608117709783,3.848217192464795,0.5627711299598198,ok,FALSE
1,9,Basis Ridge (tuned),128,129,129,2,5.105158491181259e-4,1.4399856805996076,3.8553347004548812,0.5611522723346818,ok,FALSE
1,9,Basis Ridge (tuned),128,129,129,2,0.00115349002742815,1.4426125636429488,3.865279350873101,0.5588853792198092,ok,FALSE
1,9,Basis Ridge (tuned),128,129,129,2,0.002606264322008008,1.4481089594896936,3.886088948755441,0.5541229148440598,ok,FALSE
1,9,Basis Ridge (tuned),128,129,129,2,0.005888749408017718,1.4583720953950534,3.925010169025216,0.545146802570158,ok,FALSE
1,9,Basis Ridge (tuned),128,129,129,2,0.013305392433761935,1.4826910883062165,4.01225450755221,0.5247012997249669,ok,TRUE
1,9,Basis Ridge (tuned),128,129,129,2,0.030062999042780234,1.53193700527753,4.176895627626465,0.4848936236506485,ok,FALSE
1,9,Basis Ridge (tuned),128,129,129,2,0.06792613716171855,1.6129036432781445,4.438245328520095,0.41841621615600977,ok,FALSE
1,9,Basis Ridge (tuned),128,129,129,2,0.1534763748336234,1.7156799138746337,4.766580811215368,0.3291837104948302,ok,FALSE
1,9,Basis Ridge (tuned),128,129,129,2,0.34677369590428986,1.8111123389352186,5.079167815121878,0.23831605123407085,ok,FALSE
1,9,Basis Ridge (tuned),128,129,129,2,0.7835212181775894,1.8830310404764632,5.326876550513999,0.16221044062220913,ok,FALSE
1,9,Basis Ridge (tuned),128,129,129,2,1.7703346781640914,1.9460801170243498,5.520614616619519,0.1001615608894052,ok,FALSE
1,9,Basis Ridge (tuned),128,129,129,2,4,2.025027930096261,5.679252029620745,0.047703993156890334,ok,FALSE
1,9,Basis Ridge (tuned),128,129,129,3,1.0000000000000009e-4,2.006929633547946,3.586805902809831,0.46759365205828796,ok,FALSE
1,9,Basis Ridge (tuned),128,129,129,3,2.259459778615513e-4,2.0021749754244897,3.577497160737059,0.47035354616694125,ok,FALSE
1,9,Basis Ridge (tuned),128,129,129,3,5.105158491181259e-4,1.9949009837911553,3.56312483361148,0.4746006278150816,ok,FALSE
1,9,Basis Ridge (tuned),128,129,129,3,0.00115349002742815,1.9847790936111518,3.542811525389086,0.48057413575486985,ok,FALSE
1,9,Basis Ridge (tuned),128,129,129,3,0.002606264322008008,1.963964264467464,3.501310203625789,0.4926722102498631,ok,FALSE
1,9,Basis Ridge (tuned),128,129,129,3,0.005888749408017718,1.924810706606404,3.4241125782174158,0.5147969263342229,ok,FALSE
1,9,Basis Ridge (tuned),128,129,129,3,0.013305392433761935,1.8483254876006177,3.276424883661592,0.5557495211105441,ok,TRUE
1,9,Basis Ridge (tuned),128,129,129,3,0.030062999042780234,1.7214646635949897,3.0468010251880764,0.6158368892016106,ok,FALSE
1,9,Basis Ridge (tuned),128,129,129,3,0.06792613716171855,1.5747428904368967,2.829129563280118,0.6687673438379933,ok,FALSE
1,9,Basis Ridge (tuned),128,129,129,3,0.1534763748336234,1.5112963933990806,2.881018878025528,0.6565055839595977,ok,FALSE
1,9,Basis Ridge (tuned),128,129,129,3,0.34677369590428986,1.5562561926355092,3.3018485376092075,0.548828385439321,ok,FALSE
1,9,Basis Ridge (tuned),128,129,129,3,0.7835212181775894,1.6836428358146196,3.854168345277101,0.3852637355640244,ok,FALSE
1,9,Basis Ridge (tuned),128,129,129,3,1.7703346781640914,1.8476458009447256,4.330744707061702,0.22383752900237086,ok,FALSE
1,9,Basis Ridge (tuned),128,129,129,3,4,2.0066646194448428,4.668682369327554,0.09798007821200017,ok,FALSE
1,9,Basis Ridge (tuned),128,129,129,4,1.0000000000000009e-4,1.3302521000532395,3.1962583594120124,0.49979247759082257,ok,FALSE
1,9,Basis Ridge (tuned),128,129,129,4,2.259459778615513e-4,1.3303182141105057,3.1965069544986218,0.4997146653778415,ok,FALSE
1,9,Basis Ridge (tuned),128,129,129,4,5.105158491181259e-4,1.3303243258211161,3.196623538918546,0.4996781714549441,ok,FALSE
1,9,Basis Ridge (tuned),128,129,129,4,0.00115349002742815,1.3302603496219572,3.196677854829835,0.4996611687227793,ok,FALSE
1,9,Basis Ridge (tuned),128,129,129,4,0.002606264322008008,1.329998670967307,3.196399447510683,0.4997483166514044,ok,FALSE
1,9,Basis Ridge (tuned),128,129,129,4,0.005888749408017718,1.3291857114180037,3.1950818319485594,0.5001606578240217,ok,FALSE
1,9,Basis Ridge (tuned),128,129,129,4,0.013305392433761935,1.3273127930746205,3.1920809149618052,0.5010991451867697,ok,TRUE
1,9,Basis Ridge (tuned),128,129,129,4,0.030062999042780234,1.3236443687049795,3.1860755767080176,0.5029745676340067,ok,FALSE
1,9,Basis Ridge (tuned),128,129,129,4,0.06792613716171855,1.3184922257448755,3.1825373056767683,0.5040778899760068,ok,FALSE
1,9,Basis Ridge (tuned),128,129,129,4,0.1534763748336234,1.3179789086633131,3.2108614360756897,0.49521133642868875,ok,FALSE
1,9,Basis Ridge (tuned),128,129,129,4,0.34677369590428986,1.3415326971403139,3.331659589938806,0.4565148183400429,ok,FALSE
1,9,Basis Ridge (tuned),128,129,129,4,0.7835212181775894,1.41119330059307,3.584725047768042,0.37081528194898883,ok,FALSE
1,9,Basis Ridge (tuned),128,129,129,4,1.7703346781640914,1.527490592492645,3.9121051743955486,0.2506451735683538,ok,FALSE
1,9,Basis Ridge (tuned),128,129,129,4,4,1.6537741643818031,4.201383385266275,0.13572670872665615,ok,FALSE
1,9,Basis Ridge (tuned),128,129,129,5,1.0000000000000009e-4,1.1628320554491676,2.983163509897393,0.6243397562908283,ok,FALSE
1,9,Basis Ridge (tuned),128,129,129,5,2.259459778615513e-4,1.1630947151351307,2.9846237837824705,0.6239718910331069,ok,FALSE
1,9,Basis Ridge (tuned),128,129,129,5,5.105158491181259e-4,1.1635007145520868,2.9868887174678735,0.6234009635407375,ok,FALSE
1,9,Basis Ridge (tuned),128,129,129,5,0.00115349002742815,1.16414559278671,2.9904244664188653,0.6225088327013729,ok,FALSE
1,9,Basis Ridge (tuned),128,129,129,5,0.002606264322008008,1.165435814849666,2.997509777452259,0.6207179090905213,ok,FALSE
1,9,Basis Ridge (tuned),128,129,129,5,0.005888749408017718,1.1682589731813104,3.0129931733927098,0.6167894869131549,ok,FALSE
1,9,Basis Ridge (tuned),128,129,129,5,0.013305392433761935,1.174133112692623,3.044597063349031,0.6087081808894867,ok,TRUE
1,9,Basis Ridge (tuned),128,129,129,5,0.030062999042780234,1.1858420851895841,3.1071796262566345,0.5924566219796553,ok,FALSE
1,9,Basis Ridge (tuned),128,129,129,5,0.06792613716171855,1.2070557904174073,3.2184289884811763,0.5627508415318294,ok,FALSE
1,9,Basis Ridge (tuned),128,129,129,5,0.1534763748336234,1.2414599560413961,3.394420911476798,0.5136235839255388,ok,FALSE
1,9,Basis Ridge (tuned),128,129,129,5,0.34677369590428986,1.2943621280467186,3.6416795668301325,0.4401849388586001,ok,FALSE
1,9,Basis Ridge (tuned),128,129,129,5,0.7835212181775894,1.379227625082352,3.9536052883291304,0.3401765629889245,ok,FALSE
1,9,Basis Ridge (tuned),128,129,129,5,1.7703346781640914,1.4964947993026225,4.283292689200736,0.22554422311709432,ok,FALSE
1,9,Basis Ridge (tuned),128,129,129,5,4,1.6209309683104536,4.556314730362458,0.12366824142432187,ok,FALSE
1,9,Basis Ridge (tuned),128,129,129,6,1.0000000000000009e-4,1.2286255117199854,2.0792934764070803,0.7794594633805534,ok,FALSE
1,9,Basis Ridge (tuned),128,129,129,6,2.259459778615513e-4,1.2274702127333625,2.077965119699107,0.7797411580300925,ok,FALSE
1,9,Basis Ridge (tuned),128,129,129,6,5.105158491181259e-4,1.2257039592559589,2.0759595838420806,0.7801661159192037,ok,FALSE
1,9,Basis Ridge (tuned),128,129,129,6,0.00115349002742815,1.223190583860025,2.0731282293566715,0.780765359951751,ok,FALSE
1,9,Basis Ridge (tuned),128,129,129,6,0.002606264322008008,1.2183991773937604,2.0678436399613354,0.7818816328329932,ok,FALSE
1,9,Basis Ridge (tuned),128,129,129,6,0.005888749408017718,1.2087764798090965,2.0575751782113105,0.7840425109921922,ok,FALSE
1,9,Basis Ridge (tuned),128,129,129,6,0.013305392433761935,1.1918840439660972,2.042970375725193,0.7870973911234979,ok,TRUE
1,9,Basis Ridge (tuned),128,129,129,6,0.030062999042780234,1.162749232843952,2.038762026275543,0.7879736111383042,ok,FALSE
1,9,Basis Ridge (tuned),128,129,129,6,0.06792613716171855,1.1321945072295965,2.1043938160855142,0.7741027839157699,ok,FALSE
1,9,Basis Ridge (tuned),128,129,129,6,0.1534763748336234,1.12700471188497,2.339070407693842,0.7209105408158656,ok,FALSE
1,9,Basis Ridge (tuned),128,129,129,6,0.34677369590428986,1.1831650495285555,2.763840692005838,0.6103426628960704,ok,FALSE
1,9,Basis Ridge (tuned),128,129,129,6,0.7835212181775894,1.3015208775433613,3.273323020859866,0.45344411533652584,ok,FALSE
1,9,Basis Ridge (tuned),128,129,129,6,1.7703346781640914,1.4472505706547916,3.737584863211057,0.2874112371717651,ok,FALSE
1,9,Basis Ridge (tuned),128,129,129,6,4,1.580070636334733,4.0779706800586055,0.15170864159509645,ok,FALSE
1,10,Basis Ridge (tuned),129,130,130,1,1.0000000000000009e-4,1.582818079329587,4.300286808301396,0.5440713517962097,ok,FALSE
1,10,Basis Ridge (tuned),129,130,130,1,2.259459778615513e-4,1.5842480550680418,4.306399241669513,0.5427743154767803,ok,FALSE
1,10,Basis Ridge (tuned),129,130,130,1,5.105158491181259e-4,1.5869897160846802,4.318018930228622,0.5403035795406186,ok,FALSE
1,10,Basis Ridge (tuned),129,130,130,1,0.00115349002742815,1.5908869195356896,4.334499190959903,0.5367879052430153,ok,FALSE
1,10,Basis Ridge (tuned),129,130,130,1,0.002606264322008008,1.5996377512472282,4.371393271283125,0.528868874565494,ok,FALSE
1,10,Basis Ridge (tuned),129,130,130,1,0.005888749408017718,1.6168675511145691,4.441957362247706,0.5135358850801155,ok,FALSE
1,10,Basis Ridge (tuned),129,130,130,1,0.013305392433761935,1.6604072457784667,4.603189247956525,0.4775801160409382,ok,TRUE
1,10,Basis Ridge (tuned),129,130,130,1,0.030062999042780234,1.7514127802496517,4.910207552699873,0.4055686058474197,ok,FALSE
1,10,Basis Ridge (tuned),129,130,130,1,0.06792613716171855,1.8925994133354527,5.365604565735103,0.29019449397371055,ok,FALSE
1,10,Basis Ridge (tuned),129,130,130,1,0.1534763748336234,2.040852921544482,5.8393919574001885,0.15930726798451678,ok,FALSE
1,10,Basis Ridge (tuned),129,130,130,1,0.34677369590428986,2.1434843073493393,6.172479984841076,0.06066302272379753,ok,FALSE
1,10,Basis Ridge (tuned),129,130,130,1,0.7835212181775894,2.198776652902988,6.341940117627568,0.008377637705677787,ok,FALSE
1,10,Basis Ridge (tuned),129,130,130,1,1.7703346781640914,2.2293334697377203,6.413008971795307,-0.01397146447079578,ok,FALSE
1,10,Basis Ridge (tuned),129,130,130,1,4,2.253956345887773,6.443440688870071,-0.02361751537421486,ok,FALSE
1,10,Basis Ridge (tuned),129,130,130,2,1.0000000000000009e-4,1.4370033979882035,3.8437616707851565,0.5637830036939913,ok,FALSE
1,10,Basis Ridge (tuned),129,130,130,2,2.259459778615513e-4,1.4381608117709783,3.848217192464795,0.5627711299598198,ok,FALSE
1,10,Basis Ridge (tuned),129,130,130,2,5.105158491181259e-4,1.4399856805996076,3.8553347004548812,0.5611522723346818,ok,FALSE
1,10,Basis Ridge (tuned),129,130,130,2,0.00115349002742815,1.4426125636429488,3.865279350873101,0.5588853792198092,ok,FALSE
1,10,Basis Ridge (tuned),129,130,130,2,0.002606264322008008,1.4481089594896936,3.886088948755441,0.5541229148440598,ok,FALSE
1,10,Basis Ridge (tuned),129,130,130,2,0.005888749408017718,1.4583720953950534,3.925010169025216,0.545146802570158,ok,FALSE
1,10,Basis Ridge (tuned),129,130,130,2,0.013305392433761935,1.4826910883062165,4.01225450755221,0.5247012997249669,ok,TRUE
1,10,Basis Ridge (tuned),129,130,130,2,0.030062999042780234,1.53193700527753,4.176895627626465,0.4848936236506485,ok,FALSE
1,10,Basis Ridge (tuned),129,130,130,2,0.06792613716171855,1.6129036432781445,4.438245328520095,0.41841621615600977,ok,FALSE
1,10,Basis Ridge (tuned),129,130,130,2,0.1534763748336234,1.7156799138746337,4.766580811215368,0.3291837104948302,ok,FALSE
1,10,Basis Ridge (tuned),129,130,130,2,0.34677369590428986,1.8111123389352186,5.079167815121878,0.23831605123407085,ok,FALSE
1,10,Basis Ridge (tuned),129,130,130,2,0.7835212181775894,1.8830310404764632,5.326876550513999,0.16221044062220913,ok,FALSE
1,10,Basis Ridge (tuned),129,130,130,2,1.7703346781640914,1.9460801170243498,5.520614616619519,0.1001615608894052,ok,FALSE
1,10,Basis Ridge (tuned),129,130,130,2,4,2.025027930096261,5.679252029620745,0.047703993156890334,ok,FALSE
1,10,Basis Ridge (tuned),129,130,130,3,1.0000000000000009e-4,2.006929633547946,3.586805902809831,0.46759365205828796,ok,FALSE
1,10,Basis Ridge (tuned),129,130,130,3,2.259459778615513e-4,2.0021749754244897,3.577497160737059,0.47035354616694125,ok,FALSE
1,10,Basis Ridge (tuned),129,130,130,3,5.105158491181259e-4,1.9949009837911553,3.56312483361148,0.4746006278150816,ok,FALSE
1,10,Basis Ridge (tuned),129,130,130,3,0.00115349002742815,1.9847790936111518,3.542811525389086,0.48057413575486985,ok,FALSE
1,10,Basis Ridge (tuned),129,130,130,3,0.002606264322008008,1.963964264467464,3.501310203625789,0.4926722102498631,ok,FALSE
1,10,Basis Ridge (tuned),129,130,130,3,0.005888749408017718,1.924810706606404,3.4241125782174158,0.5147969263342229,ok,FALSE
1,10,Basis Ridge (tuned),129,130,130,3,0.013305392433761935,1.8483254876006177,3.276424883661592,0.5557495211105441,ok,TRUE
1,10,Basis Ridge (tuned),129,130,130,3,0.030062999042780234,1.7214646635949897,3.0468010251880764,0.6158368892016106,ok,FALSE
1,10,Basis Ridge (tuned),129,130,130,3,0.06792613716171855,1.5747428904368967,2.829129563280118,0.6687673438379933,ok,FALSE
1,10,Basis Ridge (tuned),129,130,130,3,0.1534763748336234,1.5112963933990806,2.881018878025528,0.6565055839595977,ok,FALSE
1,10,Basis Ridge (tuned),129,130,130,3,0.34677369590428986,1.5562561926355092,3.3018485376092075,0.548828385439321,ok,FALSE
1,10,Basis Ridge (tuned),129,130,130,3,0.7835212181775894,1.6836428358146196,3.854168345277101,0.3852637355640244,ok,FALSE
1,10,Basis Ridge (tuned),129,130,130,3,1.7703346781640914,1.8476458009447256,4.330744707061702,0.22383752900237086,ok,FALSE
1,10,Basis Ridge (tuned),129,130,130,3,4,2.0066646194448428,4.668682369327554,0.09798007821200017,ok,FALSE
1,10,Basis Ridge (tuned),129,130,130,4,1.0000000000000009e-4,1.3302521000532395,3.1962583594120124,0.49979247759082257,ok,FALSE
1,10,Basis Ridge (tuned),129,130,130,4,2.259459778615513e-4,1.3303182141105057,3.1965069544986218,0.4997146653778415,ok,FALSE
1,10,Basis Ridge (tuned),129,130,130,4,5.105158491181259e-4,1.3303243258211161,3.196623538918546,0.4996781714549441,ok,FALSE
1,10,Basis Ridge (tuned),129,130,130,4,0.00115349002742815,1.3302603496219572,3.196677854829835,0.4996611687227793,ok,FALSE
1,10,Basis Ridge (tuned),129,130,130,4,0.002606264322008008,1.329998670967307,3.196399447510683,0.4997483166514044,ok,FALSE
1,10,Basis Ridge (tuned),129,130,130,4,0.005888749408017718,1.3291857114180037,3.1950818319485594,0.5001606578240217,ok,FALSE
1,10,Basis Ridge (tuned),129,130,130,4,0.013305392433761935,1.3273127930746205,3.1920809149618052,0.5010991451867697,ok,TRUE
1,10,Basis Ridge (tuned),129,130,130,4,0.030062999042780234,1.3236443687049795,3.1860755767080176,0.5029745676340067,ok,FALSE
1,10,Basis Ridge (tuned),129,130,130,4,0.06792613716171855,1.3184922257448755,3.1825373056767683,0.5040778899760068,ok,FALSE
1,10,Basis Ridge (tuned),129,130,130,4,0.1534763748336234,1.3179789086633131,3.2108614360756897,0.49521133642868875,ok,FALSE
1,10,Basis Ridge (tuned),129,130,130,4,0.34677369590428986,1.3415326971403139,3.331659589938806,0.4565148183400429,ok,FALSE
1,10,Basis Ridge (tuned),129,130,130,4,0.7835212181775894,1.41119330059307,3.584725047768042,0.37081528194898883,ok,FALSE
1,10,Basis Ridge (tuned),129,130,130,4,1.7703346781640914,1.527490592492645,3.9121051743955486,0.2506451735683538,ok,FALSE
1,10,Basis Ridge (tuned),129,130,130,4,4,1.6537741643818031,4.201383385266275,0.13572670872665615,ok,FALSE
1,10,Basis Ridge (tuned),129,130,130,5,1.0000000000000009e-4,1.1628320554491676,2.983163509897393,0.6243397562908283,ok,FALSE
1,10,Basis Ridge (tuned),129,130,130,5,2.259459778615513e-4,1.1630947151351307,2.9846237837824705,0.6239718910331069,ok,FALSE
1,10,Basis Ridge (tuned),129,130,130,5,5.105158491181259e-4,1.1635007145520868,2.9868887174678735,0.6234009635407375,ok,FALSE
1,10,Basis Ridge (tuned),129,130,130,5,0.00115349002742815,1.16414559278671,2.9904244664188653,0.6225088327013729,ok,FALSE
1,10,Basis Ridge (tuned),129,130,130,5,0.002606264322008008,1.165435814849666,2.997509777452259,0.6207179090905213,ok,FALSE
1,10,Basis Ridge (tuned),129,130,130,5,0.005888749408017718,1.1682589731813104,3.0129931733927098,0.6167894869131549,ok,FALSE
1,10,Basis Ridge (tuned),129,130,130,5,0.013305392433761935,1.174133112692623,3.044597063349031,0.6087081808894867,ok,TRUE
1,10,Basis Ridge (tuned),129,130,130,5,0.030062999042780234,1.1858420851895841,3.1071796262566345,0.5924566219796553,ok,FALSE
1,10,Basis Ridge (tuned),129,130,130,5,0.06792613716171855,1.2070557904174073,3.2184289884811763,0.5627508415318294,ok,FALSE
1,10,Basis Ridge (tuned),129,130,130,5,0.1534763748336234,1.2414599560413961,3.394420911476798,0.5136235839255388,ok,FALSE
1,10,Basis Ridge (tuned),129,130,130,5,0.34677369590428986,1.2943621280467186,3.6416795668301325,0.4401849388586001,ok,FALSE
1,10,Basis Ridge (tuned),129,130,130,5,0.7835212181775894,1.379227625082352,3.9536052883291304,0.3401765629889245,ok,FALSE
1,10,Basis Ridge (tuned),129,130,130,5,1.7703346781640914,1.4964947993026225,4.283292689200736,0.22554422311709432,ok,FALSE
1,10,Basis Ridge (tuned),129,130,130,5,4,1.6209309683104536,4.556314730362458,0.12366824142432187,ok,FALSE
1,10,Basis Ridge (tuned),129,130,130,6,1.0000000000000009e-4,1.2286255117199854,2.0792934764070803,0.7794594633805534,ok,FALSE
1,10,Basis Ridge (tuned),129,130,130,6,2.259459778615513e-4,1.2274702127333625,2.077965119699107,0.7797411580300925,ok,FALSE
1,10,Basis Ridge (tuned),129,130,130,6,5.105158491181259e-4,1.2257039592559589,2.0759595838420806,0.7801661159192037,ok,FALSE
1,10,Basis Ridge (tuned),129,130,130,6,0.00115349002742815,1.223190583860025,2.0731282293566715,0.780765359951751,ok,FALSE
1,10,Basis Ridge (tuned),129,130,130,6,0.002606264322008008,1.2183991773937604,2.0678436399613354,0.7818816328329932,ok,FALSE
1,10,Basis Ridge (tuned),129,130,130,6,0.005888749408017718,1.2087764798090965,2.0575751782113105,0.7840425109921922,ok,FALSE
1,10,Basis Ridge (tuned),129,130,130,6,0.013305392433761935,1.1918840439660972,2.042970375725193,0.7870973911234979,ok,TRUE
1,10,Basis Ridge (tuned),129,130,130,6,0.030062999042780234,1.162749232843952,2.038762026275543,0.7879736111383042,ok,FALSE
1,10,Basis Ridge (tuned),129,130,130,6,0.06792613716171855,1.1321945072295965,2.1043938160855142,0.7741027839157699,ok,FALSE
1,10,Basis Ridge (tuned),129,130,130,6,0.1534763748336234,1.12700471188497,2.339070407693842,0.7209105408158656,ok,FALSE
1,10,Basis Ridge (tuned),129,130,130,6,0.34677369590428986,1.1831650495285555,2.763840692005838,0.6103426628960704,ok,FALSE
1,10,Basis Ridge (tuned),129,130,130,6,0.7835212181775894,1.3015208775433613,3.273323020859866,0.45344411533652584,ok,FALSE
1,10,Basis Ridge (tuned),129,130,130,6,1.7703346781640914,1.4472505706547916,3.737584863211057,0.2874112371717651,ok,FALSE
1,10,Basis Ridge (tuned),129,130,130,6,4,1.580070636334733,4.0779706800586055,0.15170864159509645,ok,FALSE
1,11,Basis Ridge (tuned),130,131,131,1,1.0000000000000009e-4,1.582818079329587,4.300286808301396,0.5440713517962097,ok,FALSE
1,11,Basis Ridge (tuned),130,131,131,1,2.259459778615513e-4,1.5842480550680418,4.306399241669513,0.5427743154767803,ok,FALSE
1,11,Basis Ridge (tuned),130,131,131,1,5.105158491181259e-4,1.5869897160846802,4.318018930228622,0.5403035795406186,ok,FALSE
1,11,Basis Ridge (tuned),130,131,131,1,0.00115349002742815,1.5908869195356896,4.334499190959903,0.5367879052430153,ok,FALSE
1,11,Basis Ridge (tuned),130,131,131,1,0.002606264322008008,1.5996377512472282,4.371393271283125,0.528868874565494,ok,FALSE
1,11,Basis Ridge (tuned),130,131,131,1,0.005888749408017718,1.6168675511145691,4.441957362247706,0.5135358850801155,ok,FALSE
1,11,Basis Ridge (tuned),130,131,131,1,0.013305392433761935,1.6604072457784667,4.603189247956525,0.4775801160409382,ok,TRUE
1,11,Basis Ridge (tuned),130,131,131,1,0.030062999042780234,1.7514127802496517,4.910207552699873,0.4055686058474197,ok,FALSE
1,11,Basis Ridge (tuned),130,131,131,1,0.06792613716171855,1.8925994133354527,5.365604565735103,0.29019449397371055,ok,FALSE
1,11,Basis Ridge (tuned),130,131,131,1,0.1534763748336234,2.040852921544482,5.8393919574001885,0.15930726798451678,ok,FALSE
1,11,Basis Ridge (tuned),130,131,131,1,0.34677369590428986,2.1434843073493393,6.172479984841076,0.06066302272379753,ok,FALSE
1,11,Basis Ridge (tuned),130,131,131,1,0.7835212181775894,2.198776652902988,6.341940117627568,0.008377637705677787,ok,FALSE
1,11,Basis Ridge (tuned),130,131,131,1,1.7703346781640914,2.2293334697377203,6.413008971795307,-0.01397146447079578,ok,FALSE
1,11,Basis Ridge (tuned),130,131,131,1,4,2.253956345887773,6.443440688870071,-0.02361751537421486,ok,FALSE
1,11,Basis Ridge (tuned),130,131,131,2,1.0000000000000009e-4,1.4370033979882035,3.8437616707851565,0.5637830036939913,ok,FALSE
1,11,Basis Ridge (tuned),130,131,131,2,2.259459778615513e-4,1.4381608117709783,3.848217192464795,0.5627711299598198,ok,FALSE
1,11,Basis Ridge (tuned),130,131,131,2,5.105158491181259e-4,1.4399856805996076,3.8553347004548812,0.5611522723346818,ok,FALSE
1,11,Basis Ridge (tuned),130,131,131,2,0.00115349002742815,1.4426125636429488,3.865279350873101,0.5588853792198092,ok,FALSE
1,11,Basis Ridge (tuned),130,131,131,2,0.002606264322008008,1.4481089594896936,3.886088948755441,0.5541229148440598,ok,FALSE
1,11,Basis Ridge (tuned),130,131,131,2,0.005888749408017718,1.4583720953950534,3.925010169025216,0.545146802570158,ok,FALSE
1,11,Basis Ridge (tuned),130,131,131,2,0.013305392433761935,1.4826910883062165,4.01225450755221,0.5247012997249669,ok,TRUE
1,11,Basis Ridge (tuned),130,131,131,2,0.030062999042780234,1.53193700527753,4.176895627626465,0.4848936236506485,ok,FALSE
1,11,Basis Ridge (tuned),130,131,131,2,0.06792613716171855,1.6129036432781445,4.438245328520095,0.41841621615600977,ok,FALSE
1,11,Basis Ridge (tuned),130,131,131,2,0.1534763748336234,1.7156799138746337,4.766580811215368,0.3291837104948302,ok,FALSE
1,11,Basis Ridge (tuned),130,131,131,2,0.34677369590428986,1.8111123389352186,5.079167815121878,0.23831605123407085,ok,FALSE
1,11,Basis Ridge (tuned),130,131,131,2,0.7835212181775894,1.8830310404764632,5.326876550513999,0.16221044062220913,ok,FALSE
1,11,Basis Ridge (tuned),130,131,131,2,1.7703346781640914,1.9460801170243498,5.520614616619519,0.1001615608894052,ok,FALSE
1,11,Basis Ridge (tuned),130,131,131,2,4,2.025027930096261,5.679252029620745,0.047703993156890334,ok,FALSE
1,11,Basis Ridge (tuned),130,131,131,3,1.0000000000000009e-4,2.006929633547946,3.586805902809831,0.46759365205828796,ok,FALSE
1,11,Basis Ridge (tuned),130,131,131,3,2.259459778615513e-4,2.0021749754244897,3.577497160737059,0.47035354616694125,ok,FALSE
1,11,Basis Ridge (tuned),130,131,131,3,5.105158491181259e-4,1.9949009837911553,3.56312483361148,0.4746006278150816,ok,FALSE
1,11,Basis Ridge (tuned),130,131,131,3,0.00115349002742815,1.9847790936111518,3.542811525389086,0.48057413575486985,ok,FALSE
1,11,Basis Ridge (tuned),130,131,131,3,0.002606264322008008,1.963964264467464,3.501310203625789,0.4926722102498631,ok,FALSE
1,11,Basis Ridge (tuned),130,131,131,3,0.005888749408017718,1.924810706606404,3.4241125782174158,0.5147969263342229,ok,FALSE
1,11,Basis Ridge (tuned),130,131,131,3,0.013305392433761935,1.8483254876006177,3.276424883661592,0.5557495211105441,ok,TRUE
1,11,Basis Ridge (tuned),130,131,131,3,0.030062999042780234,1.7214646635949897,3.0468010251880764,0.6158368892016106,ok,FALSE
1,11,Basis Ridge (tuned),130,131,131,3,0.06792613716171855,1.5747428904368967,2.829129563280118,0.6687673438379933,ok,FALSE
1,11,Basis Ridge (tuned),130,131,131,3,0.1534763748336234,1.5112963933990806,2.881018878025528,0.6565055839595977,ok,FALSE
1,11,Basis Ridge (tuned),130,131,131,3,0.34677369590428986,1.5562561926355092,3.3018485376092075,0.548828385439321,ok,FALSE
1,11,Basis Ridge (tuned),130,131,131,3,0.7835212181775894,1.6836428358146196,3.854168345277101,0.3852637355640244,ok,FALSE
1,11,Basis Ridge (tuned),130,131,131,3,1.7703346781640914,1.8476458009447256,4.330744707061702,0.22383752900237086,ok,FALSE
1,11,Basis Ridge (tuned),130,131,131,3,4,2.0066646194448428,4.668682369327554,0.09798007821200017,ok,FALSE
1,11,Basis Ridge (tuned),130,131,131,4,1.0000000000000009e-4,1.3302521000532395,3.1962583594120124,0.49979247759082257,ok,FALSE
1,11,Basis Ridge (tuned),130,131,131,4,2.259459778615513e-4,1.3303182141105057,3.1965069544986218,0.4997146653778415,ok,FALSE
1,11,Basis Ridge (tuned),130,131,131,4,5.105158491181259e-4,1.3303243258211161,3.196623538918546,0.4996781714549441,ok,FALSE
1,11,Basis Ridge (tuned),130,131,131,4,0.00115349002742815,1.3302603496219572,3.196677854829835,0.4996611687227793,ok,FALSE
1,11,Basis Ridge (tuned),130,131,131,4,0.002606264322008008,1.329998670967307,3.196399447510683,0.4997483166514044,ok,FALSE
1,11,Basis Ridge (tuned),130,131,131,4,0.005888749408017718,1.3291857114180037,3.1950818319485594,0.5001606578240217,ok,FALSE
1,11,Basis Ridge (tuned),130,131,131,4,0.013305392433761935,1.3273127930746205,3.1920809149618052,0.5010991451867697,ok,TRUE
1,11,Basis Ridge (tuned),130,131,131,4,0.030062999042780234,1.3236443687049795,3.1860755767080176,0.5029745676340067,ok,FALSE
1,11,Basis Ridge (tuned),130,131,131,4,0.06792613716171855,1.3184922257448755,3.1825373056767683,0.5040778899760068,ok,FALSE
1,11,Basis Ridge (tuned),130,131,131,4,0.1534763748336234,1.3179789086633131,3.2108614360756897,0.49521133642868875,ok,FALSE
1,11,Basis Ridge (tuned),130,131,131,4,0.34677369590428986,1.3415326971403139,3.331659589938806,0.4565148183400429,ok,FALSE
1,11,Basis Ridge (tuned),130,131,131,4,0.7835212181775894,1.41119330059307,3.584725047768042,0.37081528194898883,ok,FALSE
1,11,Basis Ridge (tuned),130,131,131,4,1.7703346781640914,1.527490592492645,3.9121051743955486,0.2506451735683538,ok,FALSE
1,11,Basis Ridge (tuned),130,131,131,4,4,1.6537741643818031,4.201383385266275,0.13572670872665615,ok,FALSE
1,11,Basis Ridge (tuned),130,131,131,5,1.0000000000000009e-4,1.1628320554491676,2.983163509897393,0.6243397562908283,ok,FALSE
1,11,Basis Ridge (tuned),130,131,131,5,2.259459778615513e-4,1.1630947151351307,2.9846237837824705,0.6239718910331069,ok,FALSE
1,11,Basis Ridge (tuned),130,131,131,5,5.105158491181259e-4,1.1635007145520868,2.9868887174678735,0.6234009635407375,ok,FALSE
1,11,Basis Ridge (tuned),130,131,131,5,0.00115349002742815,1.16414559278671,2.9904244664188653,0.6225088327013729,ok,FALSE
1,11,Basis Ridge (tuned),130,131,131,5,0.002606264322008008,1.165435814849666,2.997509777452259,0.6207179090905213,ok,FALSE
1,11,Basis Ridge (tuned),130,131,131,5,0.005888749408017718,1.1682589731813104,3.0129931733927098,0.6167894869131549,ok,FALSE
1,11,Basis Ridge (tuned),130,131,131,5,0.013305392433761935,1.174133112692623,3.044597063349031,0.6087081808894867,ok,TRUE
1,11,Basis Ridge (tuned),130,131,131,5,0.030062999042780234,1.1858420851895841,3.1071796262566345,0.5924566219796553,ok,FALSE
1,11,Basis Ridge (tuned),130,131,131,5,0.06792613716171855,1.2070557904174073,3.2184289884811763,0.5627508415318294,ok,FALSE
1,11,Basis Ridge (tuned),130,131,131,5,0.1534763748336234,1.2414599560413961,3.394420911476798,0.5136235839255388,ok,FALSE
1,11,Basis Ridge (tuned),130,131,131,5,0.34677369590428986,1.2943621280467186,3.6416795668301325,0.4401849388586001,ok,FALSE
1,11,Basis Ridge (tuned),130,131,131,5,0.7835212181775894,1.379227625082352,3.9536052883291304,0.3401765629889245,ok,FALSE
1,11,Basis Ridge (tuned),130,131,131,5,1.7703346781640914,1.4964947993026225,4.283292689200736,0.22554422311709432,ok,FALSE
1,11,Basis Ridge (tuned),130,131,131,5,4,1.6209309683104536,4.556314730362458,0.12366824142432187,ok,FALSE
1,11,Basis Ridge (tuned),130,131,131,6,1.0000000000000009e-4,1.2286255117199854,2.0792934764070803,0.7794594633805534,ok,FALSE
1,11,Basis Ridge (tuned),130,131,131,6,2.259459778615513e-4,1.2274702127333625,2.077965119699107,0.7797411580300925,ok,FALSE
1,11,Basis Ridge (tuned),130,131,131,6,5.105158491181259e-4,1.2257039592559589,2.0759595838420806,0.7801661159192037,ok,FALSE
1,11,Basis Ridge (tuned),130,131,131,6,0.00115349002742815,1.223190583860025,2.0731282293566715,0.780765359951751,ok,FALSE
1,11,Basis Ridge (tuned),130,131,131,6,0.002606264322008008,1.2183991773937604,2.0678436399613354,0.7818816328329932,ok,FALSE
1,11,Basis Ridge (tuned),130,131,131,6,0.005888749408017718,1.2087764798090965,2.0575751782113105,0.7840425109921922,ok,FALSE
1,11,Basis Ridge (tuned),130,131,131,6,0.013305392433761935,1.1918840439660972,2.042970375725193,0.7870973911234979,ok,TRUE
1,11,Basis Ridge (tuned),130,131,131,6,0.030062999042780234,1.162749232843952,2.038762026275543,0.7879736111383042,ok,FALSE
1,11,Basis Ridge (tuned),130,131,131,6,0.06792613716171855,1.1321945072295965,2.1043938160855142,0.7741027839157699,ok,FALSE
1,11,Basis Ridge (tuned),130,131,131,6,0.1534763748336234,1.12700471188497,2.339070407693842,0.7209105408158656,ok,FALSE
1,11,Basis Ridge (tuned),130,131,131,6,0.34677369590428986,1.1831650495285555,2.763840692005838,0.6103426628960704,ok,FALSE
1,11,Basis Ridge (tuned),130,131,131,6,0.7835212181775894,1.3015208775433613,3.273323020859866,0.45344411533652584,ok,FALSE
1,11,Basis Ridge (tuned),130,131,131,6,1.7703346781640914,1.4472505706547916,3.737584863211057,0.2874112371717651,ok,FALSE
1,11,Basis Ridge (tuned),130,131,131,6,4,1.580070636334733,4.0779706800586055,0.15170864159509645,ok,FALSE
1,12,Basis Ridge (tuned),131,132,132,1,1.0000000000000009e-4,1.582818079329587,4.300286808301396,0.5440713517962097,ok,FALSE
1,12,Basis Ridge (tuned),131,132,132,1,2.259459778615513e-4,1.5842480550680418,4.306399241669513,0.5427743154767803,ok,FALSE
1,12,Basis Ridge (tuned),131,132,132,1,5.105158491181259e-4,1.5869897160846802,4.318018930228622,0.5403035795406186,ok,FALSE
1,12,Basis Ridge (tuned),131,132,132,1,0.00115349002742815,1.5908869195356896,4.334499190959903,0.5367879052430153,ok,FALSE
1,12,Basis Ridge (tuned),131,132,132,1,0.002606264322008008,1.5996377512472282,4.371393271283125,0.528868874565494,ok,FALSE
1,12,Basis Ridge (tuned),131,132,132,1,0.005888749408017718,1.6168675511145691,4.441957362247706,0.5135358850801155,ok,FALSE
1,12,Basis Ridge (tuned),131,132,132,1,0.013305392433761935,1.6604072457784667,4.603189247956525,0.4775801160409382,ok,TRUE
1,12,Basis Ridge (tuned),131,132,132,1,0.030062999042780234,1.7514127802496517,4.910207552699873,0.4055686058474197,ok,FALSE
1,12,Basis Ridge (tuned),131,132,132,1,0.06792613716171855,1.8925994133354527,5.365604565735103,0.29019449397371055,ok,FALSE
1,12,Basis Ridge (tuned),131,132,132,1,0.1534763748336234,2.040852921544482,5.8393919574001885,0.15930726798451678,ok,FALSE
1,12,Basis Ridge (tuned),131,132,132,1,0.34677369590428986,2.1434843073493393,6.172479984841076,0.06066302272379753,ok,FALSE
1,12,Basis Ridge (tuned),131,132,132,1,0.7835212181775894,2.198776652902988,6.341940117627568,0.008377637705677787,ok,FALSE
1,12,Basis Ridge (tuned),131,132,132,1,1.7703346781640914,2.2293334697377203,6.413008971795307,-0.01397146447079578,ok,FALSE
1,12,Basis Ridge (tuned),131,132,132,1,4,2.253956345887773,6.443440688870071,-0.02361751537421486,ok,FALSE
1,12,Basis Ridge (tuned),131,132,132,2,1.0000000000000009e-4,1.4370033979882035,3.8437616707851565,0.5637830036939913,ok,FALSE
1,12,Basis Ridge (tuned),131,132,132,2,2.259459778615513e-4,1.4381608117709783,3.848217192464795,0.5627711299598198,ok,FALSE
1,12,Basis Ridge (tuned),131,132,132,2,5.105158491181259e-4,1.4399856805996076,3.8553347004548812,0.5611522723346818,ok,FALSE
1,12,Basis Ridge (tuned),131,132,132,2,0.00115349002742815,1.4426125636429488,3.865279350873101,0.5588853792198092,ok,FALSE
1,12,Basis Ridge (tuned),131,132,132,2,0.002606264322008008,1.4481089594896936,3.886088948755441,0.5541229148440598,ok,FALSE
1,12,Basis Ridge (tuned),131,132,132,2,0.005888749408017718,1.4583720953950534,3.925010169025216,0.545146802570158,ok,FALSE
1,12,Basis Ridge (tuned),131,132,132,2,0.013305392433761935,1.4826910883062165,4.01225450755221,0.5247012997249669,ok,TRUE
1,12,Basis Ridge (tuned),131,132,132,2,0.030062999042780234,1.53193700527753,4.176895627626465,0.4848936236506485,ok,FALSE
1,12,Basis Ridge (tuned),131,132,132,2,0.06792613716171855,1.6129036432781445,4.438245328520095,0.41841621615600977,ok,FALSE
1,12,Basis Ridge (tuned),131,132,132,2,0.1534763748336234,1.7156799138746337,4.766580811215368,0.3291837104948302,ok,FALSE
1,12,Basis Ridge (tuned),131,132,132,2,0.34677369590428986,1.8111123389352186,5.079167815121878,0.23831605123407085,ok,FALSE
1,12,Basis Ridge (tuned),131,132,132,2,0.7835212181775894,1.8830310404764632,5.326876550513999,0.16221044062220913,ok,FALSE
1,12,Basis Ridge (tuned),131,132,132,2,1.7703346781640914,1.9460801170243498,5.520614616619519,0.1001615608894052,ok,FALSE
1,12,Basis Ridge (tuned),131,132,132,2,4,2.025027930096261,5.679252029620745,0.047703993156890334,ok,FALSE
1,12,Basis Ridge (tuned),131,132,132,3,1.0000000000000009e-4,2.006929633547946,3.586805902809831,0.46759365205828796,ok,FALSE
1,12,Basis Ridge (tuned),131,132,132,3,2.259459778615513e-4,2.0021749754244897,3.577497160737059,0.47035354616694125,ok,FALSE
1,12,Basis Ridge (tuned),131,132,132,3,5.105158491181259e-4,1.9949009837911553,3.56312483361148,0.4746006278150816,ok,FALSE
1,12,Basis Ridge (tuned),131,132,132,3,0.00115349002742815,1.9847790936111518,3.542811525389086,0.48057413575486985,ok,FALSE
1,12,Basis Ridge (tuned),131,132,132,3,0.002606264322008008,1.963964264467464,3.501310203625789,0.4926722102498631,ok,FALSE
1,12,Basis Ridge (tuned),131,132,132,3,0.005888749408017718,1.924810706606404,3.4241125782174158,0.5147969263342229,ok,FALSE
1,12,Basis Ridge (tuned),131,132,132,3,0.013305392433761935,1.8483254876006177,3.276424883661592,0.5557495211105441,ok,TRUE
1,12,Basis Ridge (tuned),131,132,132,3,0.030062999042780234,1.7214646635949897,3.0468010251880764,0.6158368892016106,ok,FALSE
1,12,Basis Ridge (tuned),131,132,132,3,0.06792613716171855,1.5747428904368967,2.829129563280118,0.6687673438379933,ok,FALSE
1,12,Basis Ridge (tuned),131,132,132,3,0.1534763748336234,1.5112963933990806,2.881018878025528,0.6565055839595977,ok,FALSE
1,12,Basis Ridge (tuned),131,132,132,3,0.34677369590428986,1.5562561926355092,3.3018485376092075,0.548828385439321,ok,FALSE
1,12,Basis Ridge (tuned),131,132,132,3,0.7835212181775894,1.6836428358146196,3.854168345277101,0.3852637355640244,ok,FALSE
1,12,Basis Ridge (tuned),131,132,132,3,1.7703346781640914,1.8476458009447256,4.330744707061702,0.22383752900237086,ok,FALSE
1,12,Basis Ridge (tuned),131,132,132,3,4,2.0066646194448428,4.668682369327554,0.09798007821200017,ok,FALSE
1,12,Basis Ridge (tuned),131,132,132,4,1.0000000000000009e-4,1.3302521000532395,3.1962583594120124,0.49979247759082257,ok,FALSE
1,12,Basis Ridge (tuned),131,132,132,4,2.259459778615513e-4,1.3303182141105057,3.1965069544986218,0.4997146653778415,ok,FALSE
1,12,Basis Ridge (tuned),131,132,132,4,5.105158491181259e-4,1.3303243258211161,3.196623538918546,0.4996781714549441,ok,FALSE
1,12,Basis Ridge (tuned),131,132,132,4,0.00115349002742815,1.3302603496219572,3.196677854829835,0.4996611687227793,ok,FALSE
1,12,Basis Ridge (tuned),131,132,132,4,0.002606264322008008,1.329998670967307,3.196399447510683,0.4997483166514044,ok,FALSE
1,12,Basis Ridge (tuned),131,132,132,4,0.005888749408017718,1.3291857114180037,3.1950818319485594,0.5001606578240217,ok,FALSE
1,12,Basis Ridge (tuned),131,132,132,4,0.013305392433761935,1.3273127930746205,3.1920809149618052,0.5010991451867697,ok,TRUE
1,12,Basis Ridge (tuned),131,132,132,4,0.030062999042780234,1.3236443687049795,3.1860755767080176,0.5029745676340067,ok,FALSE
1,12,Basis Ridge (tuned),131,132,132,4,0.06792613716171855,1.3184922257448755,3.1825373056767683,0.5040778899760068,ok,FALSE
1,12,Basis Ridge (tuned),131,132,132,4,0.1534763748336234,1.3179789086633131,3.2108614360756897,0.49521133642868875,ok,FALSE
1,12,Basis Ridge (tuned),131,132,132,4,0.34677369590428986,1.3415326971403139,3.331659589938806,0.4565148183400429,ok,FALSE
1,12,Basis Ridge (tuned),131,132,132,4,0.7835212181775894,1.41119330059307,3.584725047768042,0.37081528194898883,ok,FALSE
1,12,Basis Ridge (tuned),131,132,132,4,1.7703346781640914,1.527490592492645,3.9121051743955486,0.2506451735683538,ok,FALSE
1,12,Basis Ridge (tuned),131,132,132,4,4,1.6537741643818031,4.201383385266275,0.13572670872665615,ok,FALSE
1,12,Basis Ridge (tuned),131,132,132,5,1.0000000000000009e-4,1.1628320554491676,2.983163509897393,0.6243397562908283,ok,FALSE
1,12,Basis Ridge (tuned),131,132,132,5,2.259459778615513e-4,1.1630947151351307,2.9846237837824705,0.6239718910331069,ok,FALSE
1,12,Basis Ridge (tuned),131,132,132,5,5.105158491181259e-4,1.1635007145520868,2.9868887174678735,0.6234009635407375,ok,FALSE
1,12,Basis Ridge (tuned),131,132,132,5,0.00115349002742815,1.16414559278671,2.9904244664188653,0.6225088327013729,ok,FALSE
1,12,Basis Ridge (tuned),131,132,132,5,0.002606264322008008,1.165435814849666,2.997509777452259,0.6207179090905213,ok,FALSE
1,12,Basis Ridge (tuned),131,132,132,5,0.005888749408017718,1.1682589731813104,3.0129931733927098,0.6167894869131549,ok,FALSE
1,12,Basis Ridge (tuned),131,132,132,5,0.013305392433761935,1.174133112692623,3.044597063349031,0.6087081808894867,ok,TRUE
1,12,Basis Ridge (tuned),131,132,132,5,0.030062999042780234,1.1858420851895841,3.1071796262566345,0.5924566219796553,ok,FALSE
1,12,Basis Ridge (tuned),131,132,132,5,0.06792613716171855,1.2070557904174073,3.2184289884811763,0.5627508415318294,ok,FALSE
1,12,Basis Ridge (tuned),131,132,132,5,0.1534763748336234,1.2414599560413961,3.394420911476798,0.5136235839255388,ok,FALSE
1,12,Basis Ridge (tuned),131,132,132,5,0.34677369590428986,1.2943621280467186,3.6416795668301325,0.4401849388586001,ok,FALSE
1,12,Basis Ridge (tuned),131,132,132,5,0.7835212181775894,1.379227625082352,3.9536052883291304,0.3401765629889245,ok,FALSE
1,12,Basis Ridge (tuned),131,132,132,5,1.7703346781640914,1.4964947993026225,4.283292689200736,0.22554422311709432,ok,FALSE
1,12,Basis Ridge (tuned),131,132,132,5,4,1.6209309683104536,4.556314730362458,0.12366824142432187,ok,FALSE
1,12,Basis Ridge (tuned),131,132,132,6,1.0000000000000009e-4,1.2286255117199854,2.0792934764070803,0.7794594633805534,ok,FALSE
1,12,Basis Ridge (tuned),131,132,132,6,2.259459778615513e-4,1.2274702127333625,2.077965119699107,0.7797411580300925,ok,FALSE
1,12,Basis Ridge (tuned),131,132,132,6,5.105158491181259e-4,1.2257039592559589,2.0759595838420806,0.7801661159192037,ok,FALSE
1,12,Basis Ridge (tuned),131,132,132,6,0.00115349002742815,1.223190583860025,2.0731282293566715,0.780765359951751,ok,FALSE
1,12,Basis Ridge (tuned),131,132,132,6,0.002606264322008008,1.2183991773937604,2.0678436399613354,0.7818816328329932,ok,FALSE
1,12,Basis Ridge (tuned),131,132,132,6,0.005888749408017718,1.2087764798090965,2.0575751782113105,0.7840425109921922,ok,FALSE
1,12,Basis Ridge (tuned),131,132,132,6,0.013305392433761935,1.1918840439660972,2.042970375725193,0.7870973911234979,ok,TRUE
1,12,Basis Ridge (tuned),131,132,132,6,0.030062999042780234,1.162749232843952,2.038762026275543,0.7879736111383042,ok,FALSE
1,12,Basis Ridge (tuned),131,132,132,6,0.06792613716171855,1.1321945072295965,2.1043938160855142,0.7741027839157699,ok,FALSE
1,12,Basis Ridge (tuned),131,132,132,6,0.1534763748336234,1.12700471188497,2.339070407693842,0.7209105408158656,ok,FALSE
1,12,Basis Ridge (tuned),131,132,132,6,0.34677369590428986,1.1831650495285555,2.763840692005838,0.6103426628960704,ok,FALSE
1,12,Basis Ridge (tuned),131,132,132,6,0.7835212181775894,1.3015208775433613,3.273323020859866,0.45344411533652584,ok,FALSE
1,12,Basis Ridge (tuned),131,132,132,6,1.7703346781640914,1.4472505706547916,3.737584863211057,0.2874112371717651,ok,FALSE
1,12,Basis Ridge (tuned),131,132,132,6,4,1.580070636334733,4.0779706800586055,0.15170864159509645,ok,FALSE
12,1,"Poisson (area, tuned)",60,61,72,1,1.0000000000000009e-4,18.13995003376159,52.46331079308674,-66.85993295772772,ok,FALSE
1,1,"Poisson (area, tuned)",120,121,121,1,1.0000000000000009e-4,18.13995003376159,52.46331079308674,-66.85993295772772,ok,FALSE
12,1,"Poisson (area, tuned)",60,61,72,1,2.259459778615513e-4,18.130770190353292,52.43557960921382,-66.78821278234308,ok,FALSE
1,1,"Poisson (area, tuned)",120,121,121,1,2.259459778615513e-4,18.130770190353292,52.43557960921382,-66.78821278234308,ok,FALSE
12,1,"Poisson (area, tuned)",60,61,72,1,5.105158491181259e-4,18.00739128892835,52.0392031488441,-65.76722306084548,ok,FALSE
1,1,"Poisson (area, tuned)",120,121,121,1,5.105158491181259e-4,18.00739128892835,52.0392031488441,-65.76722306084548,ok,FALSE
12,1,"Poisson (area, tuned)",60,61,72,1,0.00115349002742815,17.691896313150682,51.02593881945008,-63.192463982466634,ok,FALSE
1,1,"Poisson (area, tuned)",120,121,121,1,0.00115349002742815,17.691896313150682,51.02593881945008,-63.192463982466634,ok,FALSE
12,1,"Poisson (area, tuned)",60,61,72,1,0.002606264322008008,16.992846935244522,48.788390026314794,-57.68606795078116,ok,FALSE
1,1,"Poisson (area, tuned)",120,121,121,1,0.002606264322008008,16.992846935244522,48.788390026314794,-57.68606795078116,ok,FALSE
12,1,"Poisson (area, tuned)",60,61,72,1,0.005888749408017718,15.474703790885334,43.969769945685144,-46.6661883583142,ok,FALSE
1,1,"Poisson (area, tuned)",120,121,121,1,0.005888749408017718,15.474703790885334,43.969769945685144,-46.6661883583142,ok,FALSE
12,1,"Poisson (area, tuned)",60,61,72,1,0.013305392433761935,12.500978598977387,34.69825547945117,-28.683651138665038,ok,FALSE
1,1,"Poisson (area, tuned)",120,121,121,1,0.013305392433761935,12.500978598977387,34.69825547945117,-28.683651138665038,ok,FALSE
12,1,"Poisson (area, tuned)",60,61,72,1,0.030062999042780234,7.669535199132101,20.111614837190668,-8.972313532269249,ok,FALSE
1,1,"Poisson (area, tuned)",120,121,121,1,0.030062999042780234,7.669535199132101,20.111614837190668,-8.972313532269249,ok,FALSE
12,1,"Poisson (area, tuned)",60,61,72,1,0.06792613716171855,2.8352475654727005,6.197364214465253,0.05307391935981731,ok,FALSE
1,1,"Poisson (area, tuned)",120,121,121,1,0.06792613716171855,2.8352475654727005,6.197364214465253,0.05307391935981731,ok,FALSE
12,1,"Poisson (area, tuned)",60,61,72,1,0.1534763748336234,1.3864759041811483,3.0065997768786477,0.7771291446135262,ok,TRUE
1,1,"Poisson (area, tuned)",120,121,121,1,0.1534763748336234,1.3864759041811483,3.0065997768786477,0.7771291446135262,ok,FALSE
12,1,"Poisson (area, tuned)",60,61,72,1,0.34677369590428986,1.9139935264482184,5.293476092813349,0.3091497006578181,ok,FALSE
1,1,"Poisson (area, tuned)",120,121,121,1,0.34677369590428986,1.9139935264482184,5.293476092813349,0.3091497006578181,ok,FALSE
12,1,"Poisson (area, tuned)",60,61,72,1,0.7835212181775894,2.1250180038417192,6.018674123585725,0.10689258115988487,ok,FALSE
1,1,"Poisson (area, tuned)",120,121,121,1,0.7835212181775894,2.1250180038417192,6.018674123585725,0.10689258115988487,ok,TRUE
12,1,"Poisson (area, tuned)",60,61,72,1,1.7703346781640914,2.1951566119407593,6.189015940387967,0.05562334965206428,ok,FALSE
1,1,"Poisson (area, tuned)",120,121,121,1,1.7703346781640914,2.1951566119407593,6.189015940387967,0.05562334965206428,ok,FALSE
12,1,"Poisson (area, tuned)",60,61,72,1,4,2.2196544474183826,6.145188602882863,0.06895114368580735,ok,FALSE
1,1,"Poisson (area, tuned)",120,121,121,1,4,2.2196544474183826,6.145188602882863,0.06895114368580735,ok,FALSE
1,1,"Poisson (area, tuned)",120,121,121,2,1.0000000000000009e-4,1.3224358625594463,3.20808635554629,0.696134230361265,ok,FALSE
1,1,"Poisson (area, tuned)",120,121,121,2,2.259459778615513e-4,1.326163383205123,3.225399634557814,0.6928455976906646,ok,FALSE
1,1,"Poisson (area, tuned)",120,121,121,2,5.105158491181259e-4,1.3265996553495267,3.22733185109885,0.6924774779829963,ok,FALSE
1,1,"Poisson (area, tuned)",120,121,121,2,0.00115349002742815,1.3328528292576132,3.255986497025562,0.6869924092632265,ok,FALSE
1,1,"Poisson (area, tuned)",120,121,121,2,0.002606264322008008,1.3462579300901456,3.3174893635022022,0.6750558238678691,ok,FALSE
1,1,"Poisson (area, tuned)",120,121,121,2,0.005888749408017718,1.373340816103987,3.4390708684211377,0.650801853265904,ok,FALSE
1,1,"Poisson (area, tuned)",120,121,121,2,0.013305392433761935,1.4217419617506948,3.6392139852100986,0.608974693596191,ok,FALSE
1,1,"Poisson (area, tuned)",120,121,121,2,0.030062999042780234,1.4951625942692393,3.91912096600672,0.5465107293321083,ok,FALSE
1,1,"Poisson (area, tuned)",120,121,121,2,0.06792613716171855,1.5929492268028749,4.259054855623947,0.46443011727568273,ok,FALSE
1,1,"Poisson (area, tuned)",120,121,121,2,0.1534763748336234,1.6963658788753802,4.585195792923564,0.3792661201661558,ok,FALSE
1,1,"Poisson (area, tuned)",120,121,121,2,0.34677369590428986,1.7835462577931789,4.8343959710629605,0.30996023587364563,ok,FALSE
1,1,"Poisson (area, tuned)",120,121,121,2,0.7835212181775894,1.844140851617902,4.962228218323263,0.27298537474681006,ok,TRUE
1,1,"Poisson (area, tuned)",120,121,121,2,1.7703346781640914,1.8836131090417612,4.967604368463403,0.2714092049731638,ok,FALSE
1,1,"Poisson (area, tuned)",120,121,121,2,4,1.9254464203226065,4.920213214351042,0.28524446768730294,ok,FALSE
1,1,"Poisson (area, tuned)",120,121,121,3,1.0000000000000009e-4,8.351904505548893,23.286752809050565,-21.441161935375476,ok,FALSE
1,1,"Poisson (area, tuned)",120,121,121,3,2.259459778615513e-4,8.340749666612917,23.253694370358048,-21.377491127002028,ok,FALSE
1,1,"Poisson (area, tuned)",120,121,121,3,5.105158491181259e-4,8.330628262172805,23.224867050348784,-21.32204331413855,ok,FALSE
1,1,"Poisson (area, tuned)",120,121,121,3,0.00115349002742815,8.252743372300252,22.992551391236958,-20.877707170963653,ok,FALSE
1,1,"Poisson (area, tuned)",120,121,121,3,0.002606264322008008,8.084225841203352,22.48885002145531,-19.92965018374658,ok,FALSE
1,1,"Poisson (area, tuned)",120,121,121,3,0.005888749408017718,7.7358631446345365,21.44759665831566,-18.036396452808596,ok,FALSE
1,1,"Poisson (area, tuned)",120,121,121,3,0.013305392433761935,7.115618555642353,19.59660224479457,-14.892383222376434,ok,FALSE
1,1,"Poisson (area, tuned)",120,121,121,3,0.030062999042780234,6.135546708233684,16.6685215542329,-10.497982288146147,ok,FALSE
1,1,"Poisson (area, tuned)",120,121,121,3,0.06792613716171855,4.7292827441812335,12.465624491427812,-5.430660083061325,ok,FALSE
1,1,"Poisson (area, tuned)",120,121,121,3,0.1534763748336234,3.2115110076665934,7.872617574872774,-1.564872517630361,ok,FALSE
1,1,"Poisson (area, tuned)",120,121,121,3,0.34677369590428986,2.0436140904130555,4.2630016468950025,0.24792963780439903,ok,FALSE
1,1,"Poisson (area, tuned)",120,121,121,3,0.7835212181775894,1.5213587273754217,2.7656334043061004,0.6834686736107171,ok,TRUE
1,1,"Poisson (area, tuned)",120,121,121,3,1.7703346781640914,1.5636977605448872,2.8358396913760324,0.6671942456114999,ok,FALSE
1,1,"Poisson (area, tuned)",120,121,121,3,4,1.7391062907464452,3.2327635572696147,0.5675107104870363,ok,FALSE
1,1,"Poisson (area, tuned)",120,121,121,4,1.0000000000000009e-4,1.2284164502380306,2.713679819135858,0.6394349109925737,ok,FALSE
1,1,"Poisson (area, tuned)",120,121,121,4,2.259459778615513e-4,1.2285569832220962,2.714239042698876,0.639286288248986,ok,FALSE
1,1,"Poisson (area, tuned)",120,121,121,4,5.105158491181259e-4,1.2286887411782608,2.714746057548647,0.639151514349567,ok,FALSE
1,1,"Poisson (area, tuned)",120,121,121,4,0.00115349002742815,1.2296884152212202,2.718911821034947,0.6380432244784727,ok,FALSE
1,1,"Poisson (area, tuned)",120,121,121,4,0.002606264322008008,1.2314376305171046,2.7259205389164465,0.6361747397327596,ok,FALSE
1,1,"Poisson (area, tuned)",120,121,121,4,0.005888749408017718,1.2352151933962188,2.740759503893819,0.6322028815750036,ok,FALSE
1,1,"Poisson (area, tuned)",120,121,121,4,0.013305392433761935,1.2406353795640641,2.75896599276917,0.6273002000982089,ok,FALSE
1,1,"Poisson (area, tuned)",120,121,121,4,0.030062999042780234,1.2469831229201664,2.774382090852679,0.6231235420444239,ok,FALSE
1,1,"Poisson (area, tuned)",120,121,121,4,0.06792613716171855,1.253164840566173,2.778333824150119,0.6220491580096918,ok,FALSE
1,1,"Poisson (area, tuned)",120,121,121,4,0.1534763748336234,1.2513961588532916,2.7303470687841442,0.634992173357223,ok,FALSE
1,1,"Poisson (area, tuned)",120,121,121,4,0.34677369590428986,1.2464898400194382,2.6285007300820262,0.6617150562438139,ok,FALSE
1,1,"Poisson (area, tuned)",120,121,121,4,0.7835212181775894,1.2629460184525707,2.5386201989912918,0.6844545462632233,ok,TRUE
1,1,"Poisson (area, tuned)",120,121,121,4,1.7703346781640914,1.336501951964738,2.565962462622823,0.6776207634491794,ok,FALSE
1,1,"Poisson (area, tuned)",120,121,121,4,4,1.488750765701643,2.7949463437326463,0.6175158748574339,ok,FALSE
1,1,"Poisson (area, tuned)",120,121,121,5,1.0000000000000009e-4,1.088700188343501,2.4849316176144267,0.7393426331836184,ok,FALSE
1,1,"Poisson (area, tuned)",120,121,121,5,2.259459778615513e-4,1.0888460323734923,2.4858623692755897,0.7391473338758073,ok,FALSE
1,1,"Poisson (area, tuned)",120,121,121,5,5.105158491181259e-4,1.0889857612606124,2.4867405406736856,0.7389630004104586,ok,FALSE
1,1,"Poisson (area, tuned)",120,121,121,5,0.00115349002742815,1.089580728430838,2.4905536146581517,0.7381618581163859,ok,FALSE
1,1,"Poisson (area, tuned)",120,121,121,5,0.002606264322008008,1.0909584654103535,2.499128613019735,0.7363557320788968,ok,FALSE
1,1,"Poisson (area, tuned)",120,121,121,5,0.005888749408017718,1.0939142812491047,2.5169261171128743,0.7325872844194963,ok,FALSE
1,1,"Poisson (area, tuned)",120,121,121,5,0.013305392433761935,1.0993135300908194,2.5479219274128897,0.7259603826330849,ok,FALSE
1,1,"Poisson (area, tuned)",120,121,121,5,0.030062999042780234,1.1080269986666214,2.5901807110502664,0.7167947828984882,ok,FALSE
1,1,"Poisson (area, tuned)",120,121,121,5,0.06792613716171855,1.1242263359097528,2.652300516862176,0.7030477778165505,ok,FALSE
1,1,"Poisson (area, tuned)",120,121,121,5,0.1534763748336234,1.1440903076826223,2.700901088211416,0.6920654072360928,ok,FALSE
1,1,"Poisson (area, tuned)",120,121,121,5,0.34677369590428986,1.1683023035875606,2.718198272837357,0.6881086112836798,ok,FALSE
1,1,"Poisson (area, tuned)",120,121,121,5,0.7835212181775894,1.2123638009855975,2.7323301140222425,0.6848571508486994,ok,TRUE
1,1,"Poisson (area, tuned)",120,121,121,5,1.7703346781640914,1.3116591189758795,2.840000257292156,0.6595307621726478,ok,FALSE
1,1,"Poisson (area, tuned)",120,121,121,5,4,1.4947290417182153,3.142230977076917,0.5832099609069288,ok,FALSE
1,1,"Poisson (area, tuned)",120,121,121,6,1.0000000000000009e-4,1.6223625083585382,3.3382071701554565,0.4315615897316698,ok,FALSE
1,1,"Poisson (area, tuned)",120,121,121,6,2.259459778615513e-4,1.6211161992504979,3.334798801364085,0.43272176856683664,ok,FALSE
1,1,"Poisson (area, tuned)",120,121,121,6,5.105158491181259e-4,1.6198491018865413,3.331542693084671,0.4338290123254156,ok,FALSE
1,1,"Poisson (area, tuned)",120,121,121,6,0.00115349002742815,1.6131115876731759,3.3130161592629617,0.44010839818940817,ok,FALSE
1,1,"Poisson (area, tuned)",120,121,121,6,0.002606264322008008,1.6009532237587965,3.2793942141831254,0.45141478692983483,ok,FALSE
1,1,"Poisson (area, tuned)",120,121,121,6,0.005888749408017718,1.578149856494601,3.215927479638235,0.4724430627082591,ok,FALSE
1,1,"Poisson (area, tuned)",120,121,121,6,0.013305392433761935,1.5342957348960047,3.094375265318746,0.5115694649433022,ok,FALSE
1,1,"Poisson (area, tuned)",120,121,121,6,0.030062999042780234,1.4621783960445152,2.8949755455991806,0.5724896396293724,ok,FALSE
1,1,"Poisson (area, tuned)",120,121,121,6,0.06792613716171855,1.3507165271091397,2.5701637502821075,0.6630399352844925,ok,FALSE
1,1,"Poisson (area, tuned)",120,121,121,6,0.1534763748336234,1.2410385449882166,2.214120329866441,0.7499313300843842,ok,FALSE
1,1,"Poisson (area, tuned)",120,121,121,6,0.34677369590428986,1.1686093989544273,1.9720590728826657,0.8016205485371807,ok,FALSE
1,1,"Poisson (area, tuned)",120,121,121,6,0.7835212181775894,1.1625018452524893,1.9525101617378662,0.8055341032753327,ok,TRUE
1,1,"Poisson (area, tuned)",120,121,121,6,1.7703346781640914,1.2496475262626805,2.148968054417383,0.764431745480616,ok,FALSE
1,1,"Poisson (area, tuned)",120,121,121,6,4,1.4200101843119806,2.5455122847926663,0.6694727733819232,ok,FALSE
12,2,"Poisson (area, tuned)",72,73,84,1,1.0000000000000009e-4,18.13995003376159,52.46331079308674,-66.85993295772772,ok,FALSE
1,2,"Poisson (area, tuned)",121,122,122,1,1.0000000000000009e-4,18.13995003376159,52.46331079308674,-66.85993295772772,ok,FALSE
12,2,"Poisson (area, tuned)",72,73,84,1,2.259459778615513e-4,18.130770190353292,52.43557960921382,-66.78821278234308,ok,FALSE
1,2,"Poisson (area, tuned)",121,122,122,1,2.259459778615513e-4,18.130770190353292,52.43557960921382,-66.78821278234308,ok,FALSE
12,2,"Poisson (area, tuned)",72,73,84,1,5.105158491181259e-4,18.00739128892835,52.0392031488441,-65.76722306084548,ok,FALSE
1,2,"Poisson (area, tuned)",121,122,122,1,5.105158491181259e-4,18.00739128892835,52.0392031488441,-65.76722306084548,ok,FALSE
12,2,"Poisson (area, tuned)",72,73,84,1,0.00115349002742815,17.691896313150682,51.02593881945008,-63.192463982466634,ok,FALSE
1,2,"Poisson (area, tuned)",121,122,122,1,0.00115349002742815,17.691896313150682,51.02593881945008,-63.192463982466634,ok,FALSE
12,2,"Poisson (area, tuned)",72,73,84,1,0.002606264322008008,16.992846935244522,48.788390026314794,-57.68606795078116,ok,FALSE
1,2,"Poisson (area, tuned)",121,122,122,1,0.002606264322008008,16.992846935244522,48.788390026314794,-57.68606795078116,ok,FALSE
12,2,"Poisson (area, tuned)",72,73,84,1,0.005888749408017718,15.474703790885334,43.969769945685144,-46.6661883583142,ok,FALSE
1,2,"Poisson (area, tuned)",121,122,122,1,0.005888749408017718,15.474703790885334,43.969769945685144,-46.6661883583142,ok,FALSE
12,2,"Poisson (area, tuned)",72,73,84,1,0.013305392433761935,12.500978598977387,34.69825547945117,-28.683651138665038,ok,FALSE
1,2,"Poisson (area, tuned)",121,122,122,1,0.013305392433761935,12.500978598977387,34.69825547945117,-28.683651138665038,ok,FALSE
12,2,"Poisson (area, tuned)",72,73,84,1,0.030062999042780234,7.669535199132101,20.111614837190668,-8.972313532269249,ok,FALSE
1,2,"Poisson (area, tuned)",121,122,122,1,0.030062999042780234,7.669535199132101,20.111614837190668,-8.972313532269249,ok,FALSE
12,2,"Poisson (area, tuned)",72,73,84,1,0.06792613716171855,2.8352475654727005,6.197364214465253,0.05307391935981731,ok,FALSE
1,2,"Poisson (area, tuned)",121,122,122,1,0.06792613716171855,2.8352475654727005,6.197364214465253,0.05307391935981731,ok,FALSE
12,2,"Poisson (area, tuned)",72,73,84,1,0.1534763748336234,1.3864759041811483,3.0065997768786477,0.7771291446135262,ok,TRUE
1,2,"Poisson (area, tuned)",121,122,122,1,0.1534763748336234,1.3864759041811483,3.0065997768786477,0.7771291446135262,ok,FALSE
12,2,"Poisson (area, tuned)",72,73,84,1,0.34677369590428986,1.9139935264482184,5.293476092813349,0.3091497006578181,ok,FALSE
1,2,"Poisson (area, tuned)",121,122,122,1,0.34677369590428986,1.9139935264482184,5.293476092813349,0.3091497006578181,ok,FALSE
12,2,"Poisson (area, tuned)",72,73,84,1,0.7835212181775894,2.1250180038417192,6.018674123585725,0.10689258115988487,ok,FALSE
1,2,"Poisson (area, tuned)",121,122,122,1,0.7835212181775894,2.1250180038417192,6.018674123585725,0.10689258115988487,ok,TRUE
12,2,"Poisson (area, tuned)",72,73,84,1,1.7703346781640914,2.1951566119407593,6.189015940387967,0.05562334965206428,ok,FALSE
1,2,"Poisson (area, tuned)",121,122,122,1,1.7703346781640914,2.1951566119407593,6.189015940387967,0.05562334965206428,ok,FALSE
12,2,"Poisson (area, tuned)",72,73,84,1,4,2.2196544474183826,6.145188602882863,0.06895114368580735,ok,FALSE
1,2,"Poisson (area, tuned)",121,122,122,1,4,2.2196544474183826,6.145188602882863,0.06895114368580735,ok,FALSE
12,2,"Poisson (area, tuned)",72,73,84,2,1.0000000000000009e-4,1.3224358625594463,3.20808635554629,0.696134230361265,ok,FALSE
1,2,"Poisson (area, tuned)",121,122,122,2,1.0000000000000009e-4,1.3224358625594463,3.20808635554629,0.696134230361265,ok,FALSE
12,2,"Poisson (area, tuned)",72,73,84,2,2.259459778615513e-4,1.326163383205123,3.225399634557814,0.6928455976906646,ok,FALSE
1,2,"Poisson (area, tuned)",121,122,122,2,2.259459778615513e-4,1.326163383205123,3.225399634557814,0.6928455976906646,ok,FALSE
12,2,"Poisson (area, tuned)",72,73,84,2,5.105158491181259e-4,1.3265996553495267,3.22733185109885,0.6924774779829963,ok,FALSE
1,2,"Poisson (area, tuned)",121,122,122,2,5.105158491181259e-4,1.3265996553495267,3.22733185109885,0.6924774779829963,ok,FALSE
12,2,"Poisson (area, tuned)",72,73,84,2,0.00115349002742815,1.3328528292576132,3.255986497025562,0.6869924092632265,ok,FALSE
1,2,"Poisson (area, tuned)",121,122,122,2,0.00115349002742815,1.3328528292576132,3.255986497025562,0.6869924092632265,ok,FALSE
12,2,"Poisson (area, tuned)",72,73,84,2,0.002606264322008008,1.3462579300901456,3.3174893635022022,0.6750558238678691,ok,FALSE
1,2,"Poisson (area, tuned)",121,122,122,2,0.002606264322008008,1.3462579300901456,3.3174893635022022,0.6750558238678691,ok,FALSE
12,2,"Poisson (area, tuned)",72,73,84,2,0.005888749408017718,1.373340816103987,3.4390708684211377,0.650801853265904,ok,FALSE
1,2,"Poisson (area, tuned)",121,122,122,2,0.005888749408017718,1.373340816103987,3.4390708684211377,0.650801853265904,ok,FALSE
12,2,"Poisson (area, tuned)",72,73,84,2,0.013305392433761935,1.4217419617506948,3.6392139852100986,0.608974693596191,ok,FALSE
1,2,"Poisson (area, tuned)",121,122,122,2,0.013305392433761935,1.4217419617506948,3.6392139852100986,0.608974693596191,ok,FALSE
12,2,"Poisson (area, tuned)",72,73,84,2,0.030062999042780234,1.4951625942692393,3.91912096600672,0.5465107293321083,ok,FALSE
1,2,"Poisson (area, tuned)",121,122,122,2,0.030062999042780234,1.4951625942692393,3.91912096600672,0.5465107293321083,ok,FALSE
12,2,"Poisson (area, tuned)",72,73,84,2,0.06792613716171855,1.5929492268028749,4.259054855623947,0.46443011727568273,ok,FALSE
1,2,"Poisson (area, tuned)",121,122,122,2,0.06792613716171855,1.5929492268028749,4.259054855623947,0.46443011727568273,ok,FALSE
12,2,"Poisson (area, tuned)",72,73,84,2,0.1534763748336234,1.6963658788753802,4.585195792923564,0.3792661201661558,ok,TRUE
1,2,"Poisson (area, tuned)",121,122,122,2,0.1534763748336234,1.6963658788753802,4.585195792923564,0.3792661201661558,ok,FALSE
12,2,"Poisson (area, tuned)",72,73,84,2,0.34677369590428986,1.7835462577931789,4.8343959710629605,0.30996023587364563,ok,FALSE
1,2,"Poisson (area, tuned)",121,122,122,2,0.34677369590428986,1.7835462577931789,4.8343959710629605,0.30996023587364563,ok,FALSE
12,2,"Poisson (area, tuned)",72,73,84,2,0.7835212181775894,1.844140851617902,4.962228218323263,0.27298537474681006,ok,FALSE
1,2,"Poisson (area, tuned)",121,122,122,2,0.7835212181775894,1.844140851617902,4.962228218323263,0.27298537474681006,ok,TRUE
12,2,"Poisson (area, tuned)",72,73,84,2,1.7703346781640914,1.8836131090417612,4.967604368463403,0.2714092049731638,ok,FALSE
1,2,"Poisson (area, tuned)",121,122,122,2,1.7703346781640914,1.8836131090417612,4.967604368463403,0.2714092049731638,ok,FALSE
12,2,"Poisson (area, tuned)",72,73,84,2,4,1.9254464203226065,4.920213214351042,0.28524446768730294,ok,FALSE
1,2,"Poisson (area, tuned)",121,122,122,2,4,1.9254464203226065,4.920213214351042,0.28524446768730294,ok,FALSE
1,2,"Poisson (area, tuned)",121,122,122,3,1.0000000000000009e-4,8.351904505548893,23.286752809050565,-21.441161935375476,ok,FALSE
1,2,"Poisson (area, tuned)",121,122,122,3,2.259459778615513e-4,8.340749666612917,23.253694370358048,-21.377491127002028,ok,FALSE
1,2,"Poisson (area, tuned)",121,122,122,3,5.105158491181259e-4,8.330628262172805,23.224867050348784,-21.32204331413855,ok,FALSE
1,2,"Poisson (area, tuned)",121,122,122,3,0.00115349002742815,8.252743372300252,22.992551391236958,-20.877707170963653,ok,FALSE
1,2,"Poisson (area, tuned)",121,122,122,3,0.002606264322008008,8.084225841203352,22.48885002145531,-19.92965018374658,ok,FALSE
1,2,"Poisson (area, tuned)",121,122,122,3,0.005888749408017718,7.7358631446345365,21.44759665831566,-18.036396452808596,ok,FALSE
1,2,"Poisson (area, tuned)",121,122,122,3,0.013305392433761935,7.115618555642353,19.59660224479457,-14.892383222376434,ok,FALSE
1,2,"Poisson (area, tuned)",121,122,122,3,0.030062999042780234,6.135546708233684,16.6685215542329,-10.497982288146147,ok,FALSE
1,2,"Poisson (area, tuned)",121,122,122,3,0.06792613716171855,4.7292827441812335,12.465624491427812,-5.430660083061325,ok,FALSE
1,2,"Poisson (area, tuned)",121,122,122,3,0.1534763748336234,3.2115110076665934,7.872617574872774,-1.564872517630361,ok,FALSE
1,2,"Poisson (area, tuned)",121,122,122,3,0.34677369590428986,2.0436140904130555,4.2630016468950025,0.24792963780439903,ok,FALSE
1,2,"Poisson (area, tuned)",121,122,122,3,0.7835212181775894,1.5213587273754217,2.7656334043061004,0.6834686736107171,ok,TRUE
1,2,"Poisson (area, tuned)",121,122,122,3,1.7703346781640914,1.5636977605448872,2.8358396913760324,0.6671942456114999,ok,FALSE
1,2,"Poisson (area, tuned)",121,122,122,3,4,1.7391062907464452,3.2327635572696147,0.5675107104870363,ok,FALSE
1,2,"Poisson (area, tuned)",121,122,122,4,1.0000000000000009e-4,1.2284164502380306,2.713679819135858,0.6394349109925737,ok,FALSE
1,2,"Poisson (area, tuned)",121,122,122,4,2.259459778615513e-4,1.2285569832220962,2.714239042698876,0.639286288248986,ok,FALSE
1,2,"Poisson (area, tuned)",121,122,122,4,5.105158491181259e-4,1.2286887411782608,2.714746057548647,0.639151514349567,ok,FALSE
1,2,"Poisson (area, tuned)",121,122,122,4,0.00115349002742815,1.2296884152212202,2.718911821034947,0.6380432244784727,ok,FALSE
1,2,"Poisson (area, tuned)",121,122,122,4,0.002606264322008008,1.2314376305171046,2.7259205389164465,0.6361747397327596,ok,FALSE
1,2,"Poisson (area, tuned)",121,122,122,4,0.005888749408017718,1.2352151933962188,2.740759503893819,0.6322028815750036,ok,FALSE
1,2,"Poisson (area, tuned)",121,122,122,4,0.013305392433761935,1.2406353795640641,2.75896599276917,0.6273002000982089,ok,FALSE
1,2,"Poisson (area, tuned)",121,122,122,4,0.030062999042780234,1.2469831229201664,2.774382090852679,0.6231235420444239,ok,FALSE
1,2,"Poisson (area, tuned)",121,122,122,4,0.06792613716171855,1.253164840566173,2.778333824150119,0.6220491580096918,ok,FALSE
1,2,"Poisson (area, tuned)",121,122,122,4,0.1534763748336234,1.2513961588532916,2.7303470687841442,0.634992173357223,ok,FALSE
1,2,"Poisson (area, tuned)",121,122,122,4,0.34677369590428986,1.2464898400194382,2.6285007300820262,0.6617150562438139,ok,FALSE
1,2,"Poisson (area, tuned)",121,122,122,4,0.7835212181775894,1.2629460184525707,2.5386201989912918,0.6844545462632233,ok,TRUE
1,2,"Poisson (area, tuned)",121,122,122,4,1.7703346781640914,1.336501951964738,2.565962462622823,0.6776207634491794,ok,FALSE
1,2,"Poisson (area, tuned)",121,122,122,4,4,1.488750765701643,2.7949463437326463,0.6175158748574339,ok,FALSE
1,2,"Poisson (area, tuned)",121,122,122,5,1.0000000000000009e-4,1.088700188343501,2.4849316176144267,0.7393426331836184,ok,FALSE
1,2,"Poisson (area, tuned)",121,122,122,5,2.259459778615513e-4,1.0888460323734923,2.4858623692755897,0.7391473338758073,ok,FALSE
1,2,"Poisson (area, tuned)",121,122,122,5,5.105158491181259e-4,1.0889857612606124,2.4867405406736856,0.7389630004104586,ok,FALSE
1,2,"Poisson (area, tuned)",121,122,122,5,0.00115349002742815,1.089580728430838,2.4905536146581517,0.7381618581163859,ok,FALSE
1,2,"Poisson (area, tuned)",121,122,122,5,0.002606264322008008,1.0909584654103535,2.499128613019735,0.7363557320788968,ok,FALSE
1,2,"Poisson (area, tuned)",121,122,122,5,0.005888749408017718,1.0939142812491047,2.5169261171128743,0.7325872844194963,ok,FALSE
1,2,"Poisson (area, tuned)",121,122,122,5,0.013305392433761935,1.0993135300908194,2.5479219274128897,0.7259603826330849,ok,FALSE
1,2,"Poisson (area, tuned)",121,122,122,5,0.030062999042780234,1.1080269986666214,2.5901807110502664,0.7167947828984882,ok,FALSE
1,2,"Poisson (area, tuned)",121,122,122,5,0.06792613716171855,1.1242263359097528,2.652300516862176,0.7030477778165505,ok,FALSE
1,2,"Poisson (area, tuned)",121,122,122,5,0.1534763748336234,1.1440903076826223,2.700901088211416,0.6920654072360928,ok,FALSE
1,2,"Poisson (area, tuned)",121,122,122,5,0.34677369590428986,1.1683023035875606,2.718198272837357,0.6881086112836798,ok,FALSE
1,2,"Poisson (area, tuned)",121,122,122,5,0.7835212181775894,1.2123638009855975,2.7323301140222425,0.6848571508486994,ok,TRUE
1,2,"Poisson (area, tuned)",121,122,122,5,1.7703346781640914,1.3116591189758795,2.840000257292156,0.6595307621726478,ok,FALSE
1,2,"Poisson (area, tuned)",121,122,122,5,4,1.4947290417182153,3.142230977076917,0.5832099609069288,ok,FALSE
1,2,"Poisson (area, tuned)",121,122,122,6,1.0000000000000009e-4,1.6223625083585382,3.3382071701554565,0.4315615897316698,ok,FALSE
1,2,"Poisson (area, tuned)",121,122,122,6,2.259459778615513e-4,1.6211161992504979,3.334798801364085,0.43272176856683664,ok,FALSE
1,2,"Poisson (area, tuned)",121,122,122,6,5.105158491181259e-4,1.6198491018865413,3.331542693084671,0.4338290123254156,ok,FALSE
1,2,"Poisson (area, tuned)",121,122,122,6,0.00115349002742815,1.6131115876731759,3.3130161592629617,0.44010839818940817,ok,FALSE
1,2,"Poisson (area, tuned)",121,122,122,6,0.002606264322008008,1.6009532237587965,3.2793942141831254,0.45141478692983483,ok,FALSE
1,2,"Poisson (area, tuned)",121,122,122,6,0.005888749408017718,1.578149856494601,3.215927479638235,0.4724430627082591,ok,FALSE
1,2,"Poisson (area, tuned)",121,122,122,6,0.013305392433761935,1.5342957348960047,3.094375265318746,0.5115694649433022,ok,FALSE
1,2,"Poisson (area, tuned)",121,122,122,6,0.030062999042780234,1.4621783960445152,2.8949755455991806,0.5724896396293724,ok,FALSE
1,2,"Poisson (area, tuned)",121,122,122,6,0.06792613716171855,1.3507165271091397,2.5701637502821075,0.6630399352844925,ok,FALSE
1,2,"Poisson (area, tuned)",121,122,122,6,0.1534763748336234,1.2410385449882166,2.214120329866441,0.7499313300843842,ok,FALSE
1,2,"Poisson (area, tuned)",121,122,122,6,0.34677369590428986,1.1686093989544273,1.9720590728826657,0.8016205485371807,ok,FALSE
1,2,"Poisson (area, tuned)",121,122,122,6,0.7835212181775894,1.1625018452524893,1.9525101617378662,0.8055341032753327,ok,TRUE
1,2,"Poisson (area, tuned)",121,122,122,6,1.7703346781640914,1.2496475262626805,2.148968054417383,0.764431745480616,ok,FALSE
1,2,"Poisson (area, tuned)",121,122,122,6,4,1.4200101843119806,2.5455122847926663,0.6694727733819232,ok,FALSE
12,3,"Poisson (area, tuned)",84,85,96,1,1.0000000000000009e-4,18.13995003376159,52.46331079308674,-66.85993295772772,ok,FALSE
1,3,"Poisson (area, tuned)",122,123,123,1,1.0000000000000009e-4,18.13995003376159,52.46331079308674,-66.85993295772772,ok,FALSE
12,3,"Poisson (area, tuned)",84,85,96,1,2.259459778615513e-4,18.130770190353292,52.43557960921382,-66.78821278234308,ok,FALSE
1,3,"Poisson (area, tuned)",122,123,123,1,2.259459778615513e-4,18.130770190353292,52.43557960921382,-66.78821278234308,ok,FALSE
12,3,"Poisson (area, tuned)",84,85,96,1,5.105158491181259e-4,18.00739128892835,52.0392031488441,-65.76722306084548,ok,FALSE
1,3,"Poisson (area, tuned)",122,123,123,1,5.105158491181259e-4,18.00739128892835,52.0392031488441,-65.76722306084548,ok,FALSE
12,3,"Poisson (area, tuned)",84,85,96,1,0.00115349002742815,17.691896313150682,51.02593881945008,-63.192463982466634,ok,FALSE
1,3,"Poisson (area, tuned)",122,123,123,1,0.00115349002742815,17.691896313150682,51.02593881945008,-63.192463982466634,ok,FALSE
12,3,"Poisson (area, tuned)",84,85,96,1,0.002606264322008008,16.992846935244522,48.788390026314794,-57.68606795078116,ok,FALSE
1,3,"Poisson (area, tuned)",122,123,123,1,0.002606264322008008,16.992846935244522,48.788390026314794,-57.68606795078116,ok,FALSE
12,3,"Poisson (area, tuned)",84,85,96,1,0.005888749408017718,15.474703790885334,43.969769945685144,-46.6661883583142,ok,FALSE
1,3,"Poisson (area, tuned)",122,123,123,1,0.005888749408017718,15.474703790885334,43.969769945685144,-46.6661883583142,ok,FALSE
12,3,"Poisson (area, tuned)",84,85,96,1,0.013305392433761935,12.500978598977387,34.69825547945117,-28.683651138665038,ok,FALSE
1,3,"Poisson (area, tuned)",122,123,123,1,0.013305392433761935,12.500978598977387,34.69825547945117,-28.683651138665038,ok,FALSE
12,3,"Poisson (area, tuned)",84,85,96,1,0.030062999042780234,7.669535199132101,20.111614837190668,-8.972313532269249,ok,FALSE
1,3,"Poisson (area, tuned)",122,123,123,1,0.030062999042780234,7.669535199132101,20.111614837190668,-8.972313532269249,ok,FALSE
12,3,"Poisson (area, tuned)",84,85,96,1,0.06792613716171855,2.8352475654727005,6.197364214465253,0.05307391935981731,ok,FALSE
1,3,"Poisson (area, tuned)",122,123,123,1,0.06792613716171855,2.8352475654727005,6.197364214465253,0.05307391935981731,ok,FALSE
12,3,"Poisson (area, tuned)",84,85,96,1,0.1534763748336234,1.3864759041811483,3.0065997768786477,0.7771291446135262,ok,FALSE
1,3,"Poisson (area, tuned)",122,123,123,1,0.1534763748336234,1.3864759041811483,3.0065997768786477,0.7771291446135262,ok,FALSE
12,3,"Poisson (area, tuned)",84,85,96,1,0.34677369590428986,1.9139935264482184,5.293476092813349,0.3091497006578181,ok,FALSE
1,3,"Poisson (area, tuned)",122,123,123,1,0.34677369590428986,1.9139935264482184,5.293476092813349,0.3091497006578181,ok,FALSE
12,3,"Poisson (area, tuned)",84,85,96,1,0.7835212181775894,2.1250180038417192,6.018674123585725,0.10689258115988487,ok,TRUE
1,3,"Poisson (area, tuned)",122,123,123,1,0.7835212181775894,2.1250180038417192,6.018674123585725,0.10689258115988487,ok,TRUE
12,3,"Poisson (area, tuned)",84,85,96,1,1.7703346781640914,2.1951566119407593,6.189015940387967,0.05562334965206428,ok,FALSE
1,3,"Poisson (area, tuned)",122,123,123,1,1.7703346781640914,2.1951566119407593,6.189015940387967,0.05562334965206428,ok,FALSE
12,3,"Poisson (area, tuned)",84,85,96,1,4,2.2196544474183826,6.145188602882863,0.06895114368580735,ok,FALSE
1,3,"Poisson (area, tuned)",122,123,123,1,4,2.2196544474183826,6.145188602882863,0.06895114368580735,ok,FALSE
12,3,"Poisson (area, tuned)",84,85,96,2,1.0000000000000009e-4,1.3224358625594463,3.20808635554629,0.696134230361265,ok,FALSE
1,3,"Poisson (area, tuned)",122,123,123,2,1.0000000000000009e-4,1.3224358625594463,3.20808635554629,0.696134230361265,ok,FALSE
12,3,"Poisson (area, tuned)",84,85,96,2,2.259459778615513e-4,1.326163383205123,3.225399634557814,0.6928455976906646,ok,FALSE
1,3,"Poisson (area, tuned)",122,123,123,2,2.259459778615513e-4,1.326163383205123,3.225399634557814,0.6928455976906646,ok,FALSE
12,3,"Poisson (area, tuned)",84,85,96,2,5.105158491181259e-4,1.3265996553495267,3.22733185109885,0.6924774779829963,ok,FALSE
1,3,"Poisson (area, tuned)",122,123,123,2,5.105158491181259e-4,1.3265996553495267,3.22733185109885,0.6924774779829963,ok,FALSE
12,3,"Poisson (area, tuned)",84,85,96,2,0.00115349002742815,1.3328528292576132,3.255986497025562,0.6869924092632265,ok,FALSE
1,3,"Poisson (area, tuned)",122,123,123,2,0.00115349002742815,1.3328528292576132,3.255986497025562,0.6869924092632265,ok,FALSE
12,3,"Poisson (area, tuned)",84,85,96,2,0.002606264322008008,1.3462579300901456,3.3174893635022022,0.6750558238678691,ok,FALSE
1,3,"Poisson (area, tuned)",122,123,123,2,0.002606264322008008,1.3462579300901456,3.3174893635022022,0.6750558238678691,ok,FALSE
12,3,"Poisson (area, tuned)",84,85,96,2,0.005888749408017718,1.373340816103987,3.4390708684211377,0.650801853265904,ok,FALSE
1,3,"Poisson (area, tuned)",122,123,123,2,0.005888749408017718,1.373340816103987,3.4390708684211377,0.650801853265904,ok,FALSE
12,3,"Poisson (area, tuned)",84,85,96,2,0.013305392433761935,1.4217419617506948,3.6392139852100986,0.608974693596191,ok,FALSE
1,3,"Poisson (area, tuned)",122,123,123,2,0.013305392433761935,1.4217419617506948,3.6392139852100986,0.608974693596191,ok,FALSE
12,3,"Poisson (area, tuned)",84,85,96,2,0.030062999042780234,1.4951625942692393,3.91912096600672,0.5465107293321083,ok,FALSE
1,3,"Poisson (area, tuned)",122,123,123,2,0.030062999042780234,1.4951625942692393,3.91912096600672,0.5465107293321083,ok,FALSE
12,3,"Poisson (area, tuned)",84,85,96,2,0.06792613716171855,1.5929492268028749,4.259054855623947,0.46443011727568273,ok,FALSE
1,3,"Poisson (area, tuned)",122,123,123,2,0.06792613716171855,1.5929492268028749,4.259054855623947,0.46443011727568273,ok,FALSE
12,3,"Poisson (area, tuned)",84,85,96,2,0.1534763748336234,1.6963658788753802,4.585195792923564,0.3792661201661558,ok,FALSE
1,3,"Poisson (area, tuned)",122,123,123,2,0.1534763748336234,1.6963658788753802,4.585195792923564,0.3792661201661558,ok,FALSE
12,3,"Poisson (area, tuned)",84,85,96,2,0.34677369590428986,1.7835462577931789,4.8343959710629605,0.30996023587364563,ok,FALSE
1,3,"Poisson (area, tuned)",122,123,123,2,0.34677369590428986,1.7835462577931789,4.8343959710629605,0.30996023587364563,ok,FALSE
12,3,"Poisson (area, tuned)",84,85,96,2,0.7835212181775894,1.844140851617902,4.962228218323263,0.27298537474681006,ok,TRUE
1,3,"Poisson (area, tuned)",122,123,123,2,0.7835212181775894,1.844140851617902,4.962228218323263,0.27298537474681006,ok,TRUE
12,3,"Poisson (area, tuned)",84,85,96,2,1.7703346781640914,1.8836131090417612,4.967604368463403,0.2714092049731638,ok,FALSE
1,3,"Poisson (area, tuned)",122,123,123,2,1.7703346781640914,1.8836131090417612,4.967604368463403,0.2714092049731638,ok,FALSE
12,3,"Poisson (area, tuned)",84,85,96,2,4,1.9254464203226065,4.920213214351042,0.28524446768730294,ok,FALSE
1,3,"Poisson (area, tuned)",122,123,123,2,4,1.9254464203226065,4.920213214351042,0.28524446768730294,ok,FALSE
12,3,"Poisson (area, tuned)",84,85,96,3,1.0000000000000009e-4,8.351904505548893,23.286752809050565,-21.441161935375476,ok,FALSE
1,3,"Poisson (area, tuned)",122,123,123,3,1.0000000000000009e-4,8.351904505548893,23.286752809050565,-21.441161935375476,ok,FALSE
12,3,"Poisson (area, tuned)",84,85,96,3,2.259459778615513e-4,8.340749666612917,23.253694370358048,-21.377491127002028,ok,FALSE
1,3,"Poisson (area, tuned)",122,123,123,3,2.259459778615513e-4,8.340749666612917,23.253694370358048,-21.377491127002028,ok,FALSE
12,3,"Poisson (area, tuned)",84,85,96,3,5.105158491181259e-4,8.330628262172805,23.224867050348784,-21.32204331413855,ok,FALSE
1,3,"Poisson (area, tuned)",122,123,123,3,5.105158491181259e-4,8.330628262172805,23.224867050348784,-21.32204331413855,ok,FALSE
12,3,"Poisson (area, tuned)",84,85,96,3,0.00115349002742815,8.252743372300252,22.992551391236958,-20.877707170963653,ok,FALSE
1,3,"Poisson (area, tuned)",122,123,123,3,0.00115349002742815,8.252743372300252,22.992551391236958,-20.877707170963653,ok,FALSE
12,3,"Poisson (area, tuned)",84,85,96,3,0.002606264322008008,8.084225841203352,22.48885002145531,-19.92965018374658,ok,FALSE
1,3,"Poisson (area, tuned)",122,123,123,3,0.002606264322008008,8.084225841203352,22.48885002145531,-19.92965018374658,ok,FALSE
12,3,"Poisson (area, tuned)",84,85,96,3,0.005888749408017718,7.7358631446345365,21.44759665831566,-18.036396452808596,ok,FALSE
1,3,"Poisson (area, tuned)",122,123,123,3,0.005888749408017718,7.7358631446345365,21.44759665831566,-18.036396452808596,ok,FALSE
12,3,"Poisson (area, tuned)",84,85,96,3,0.013305392433761935,7.115618555642353,19.59660224479457,-14.892383222376434,ok,FALSE
1,3,"Poisson (area, tuned)",122,123,123,3,0.013305392433761935,7.115618555642353,19.59660224479457,-14.892383222376434,ok,FALSE
12,3,"Poisson (area, tuned)",84,85,96,3,0.030062999042780234,6.135546708233684,16.6685215542329,-10.497982288146147,ok,FALSE
1,3,"Poisson (area, tuned)",122,123,123,3,0.030062999042780234,6.135546708233684,16.6685215542329,-10.497982288146147,ok,FALSE
12,3,"Poisson (area, tuned)",84,85,96,3,0.06792613716171855,4.7292827441812335,12.465624491427812,-5.430660083061325,ok,FALSE
1,3,"Poisson (area, tuned)",122,123,123,3,0.06792613716171855,4.7292827441812335,12.465624491427812,-5.430660083061325,ok,FALSE
12,3,"Poisson (area, tuned)",84,85,96,3,0.1534763748336234,3.2115110076665934,7.872617574872774,-1.564872517630361,ok,FALSE
1,3,"Poisson (area, tuned)",122,123,123,3,0.1534763748336234,3.2115110076665934,7.872617574872774,-1.564872517630361,ok,FALSE
12,3,"Poisson (area, tuned)",84,85,96,3,0.34677369590428986,2.0436140904130555,4.2630016468950025,0.24792963780439903,ok,FALSE
1,3,"Poisson (area, tuned)",122,123,123,3,0.34677369590428986,2.0436140904130555,4.2630016468950025,0.24792963780439903,ok,FALSE
12,3,"Poisson (area, tuned)",84,85,96,3,0.7835212181775894,1.5213587273754217,2.7656334043061004,0.6834686736107171,ok,TRUE
1,3,"Poisson (area, tuned)",122,123,123,3,0.7835212181775894,1.5213587273754217,2.7656334043061004,0.6834686736107171,ok,TRUE
12,3,"Poisson (area, tuned)",84,85,96,3,1.7703346781640914,1.5636977605448872,2.8358396913760324,0.6671942456114999,ok,FALSE
1,3,"Poisson (area, tuned)",122,123,123,3,1.7703346781640914,1.5636977605448872,2.8358396913760324,0.6671942456114999,ok,FALSE
12,3,"Poisson (area, tuned)",84,85,96,3,4,1.7391062907464452,3.2327635572696147,0.5675107104870363,ok,FALSE
1,3,"Poisson (area, tuned)",122,123,123,3,4,1.7391062907464452,3.2327635572696147,0.5675107104870363,ok,FALSE
1,3,"Poisson (area, tuned)",122,123,123,4,1.0000000000000009e-4,1.2284164502380306,2.713679819135858,0.6394349109925737,ok,FALSE
1,3,"Poisson (area, tuned)",122,123,123,4,2.259459778615513e-4,1.2285569832220962,2.714239042698876,0.639286288248986,ok,FALSE
1,3,"Poisson (area, tuned)",122,123,123,4,5.105158491181259e-4,1.2286887411782608,2.714746057548647,0.639151514349567,ok,FALSE
1,3,"Poisson (area, tuned)",122,123,123,4,0.00115349002742815,1.2296884152212202,2.718911821034947,0.6380432244784727,ok,FALSE
1,3,"Poisson (area, tuned)",122,123,123,4,0.002606264322008008,1.2314376305171046,2.7259205389164465,0.6361747397327596,ok,FALSE
1,3,"Poisson (area, tuned)",122,123,123,4,0.005888749408017718,1.2352151933962188,2.740759503893819,0.6322028815750036,ok,FALSE
1,3,"Poisson (area, tuned)",122,123,123,4,0.013305392433761935,1.2406353795640641,2.75896599276917,0.6273002000982089,ok,FALSE
1,3,"Poisson (area, tuned)",122,123,123,4,0.030062999042780234,1.2469831229201664,2.774382090852679,0.6231235420444239,ok,FALSE
1,3,"Poisson (area, tuned)",122,123,123,4,0.06792613716171855,1.253164840566173,2.778333824150119,0.6220491580096918,ok,FALSE
1,3,"Poisson (area, tuned)",122,123,123,4,0.1534763748336234,1.2513961588532916,2.7303470687841442,0.634992173357223,ok,FALSE
1,3,"Poisson (area, tuned)",122,123,123,4,0.34677369590428986,1.2464898400194382,2.6285007300820262,0.6617150562438139,ok,FALSE
1,3,"Poisson (area, tuned)",122,123,123,4,0.7835212181775894,1.2629460184525707,2.5386201989912918,0.6844545462632233,ok,TRUE
1,3,"Poisson (area, tuned)",122,123,123,4,1.7703346781640914,1.336501951964738,2.565962462622823,0.6776207634491794,ok,FALSE
1,3,"Poisson (area, tuned)",122,123,123,4,4,1.488750765701643,2.7949463437326463,0.6175158748574339,ok,FALSE
1,3,"Poisson (area, tuned)",122,123,123,5,1.0000000000000009e-4,1.088700188343501,2.4849316176144267,0.7393426331836184,ok,FALSE
1,3,"Poisson (area, tuned)",122,123,123,5,2.259459778615513e-4,1.0888460323734923,2.4858623692755897,0.7391473338758073,ok,FALSE
1,3,"Poisson (area, tuned)",122,123,123,5,5.105158491181259e-4,1.0889857612606124,2.4867405406736856,0.7389630004104586,ok,FALSE
1,3,"Poisson (area, tuned)",122,123,123,5,0.00115349002742815,1.089580728430838,2.4905536146581517,0.7381618581163859,ok,FALSE
1,3,"Poisson (area, tuned)",122,123,123,5,0.002606264322008008,1.0909584654103535,2.499128613019735,0.7363557320788968,ok,FALSE
1,3,"Poisson (area, tuned)",122,123,123,5,0.005888749408017718,1.0939142812491047,2.5169261171128743,0.7325872844194963,ok,FALSE
1,3,"Poisson (area, tuned)",122,123,123,5,0.013305392433761935,1.0993135300908194,2.5479219274128897,0.7259603826330849,ok,FALSE
1,3,"Poisson (area, tuned)",122,123,123,5,0.030062999042780234,1.1080269986666214,2.5901807110502664,0.7167947828984882,ok,FALSE
1,3,"Poisson (area, tuned)",122,123,123,5,0.06792613716171855,1.1242263359097528,2.652300516862176,0.7030477778165505,ok,FALSE
1,3,"Poisson (area, tuned)",122,123,123,5,0.1534763748336234,1.1440903076826223,2.700901088211416,0.6920654072360928,ok,FALSE
1,3,"Poisson (area, tuned)",122,123,123,5,0.34677369590428986,1.1683023035875606,2.718198272837357,0.6881086112836798,ok,FALSE
1,3,"Poisson (area, tuned)",122,123,123,5,0.7835212181775894,1.2123638009855975,2.7323301140222425,0.6848571508486994,ok,TRUE
1,3,"Poisson (area, tuned)",122,123,123,5,1.7703346781640914,1.3116591189758795,2.840000257292156,0.6595307621726478,ok,FALSE
1,3,"Poisson (area, tuned)",122,123,123,5,4,1.4947290417182153,3.142230977076917,0.5832099609069288,ok,FALSE
1,3,"Poisson (area, tuned)",122,123,123,6,1.0000000000000009e-4,1.6223625083585382,3.3382071701554565,0.4315615897316698,ok,FALSE
1,3,"Poisson (area, tuned)",122,123,123,6,2.259459778615513e-4,1.6211161992504979,3.334798801364085,0.43272176856683664,ok,FALSE
1,3,"Poisson (area, tuned)",122,123,123,6,5.105158491181259e-4,1.6198491018865413,3.331542693084671,0.4338290123254156,ok,FALSE
1,3,"Poisson (area, tuned)",122,123,123,6,0.00115349002742815,1.6131115876731759,3.3130161592629617,0.44010839818940817,ok,FALSE
1,3,"Poisson (area, tuned)",122,123,123,6,0.002606264322008008,1.6009532237587965,3.2793942141831254,0.45141478692983483,ok,FALSE
1,3,"Poisson (area, tuned)",122,123,123,6,0.005888749408017718,1.578149856494601,3.215927479638235,0.4724430627082591,ok,FALSE
1,3,"Poisson (area, tuned)",122,123,123,6,0.013305392433761935,1.5342957348960047,3.094375265318746,0.5115694649433022,ok,FALSE
1,3,"Poisson (area, tuned)",122,123,123,6,0.030062999042780234,1.4621783960445152,2.8949755455991806,0.5724896396293724,ok,FALSE
1,3,"Poisson (area, tuned)",122,123,123,6,0.06792613716171855,1.3507165271091397,2.5701637502821075,0.6630399352844925,ok,FALSE
1,3,"Poisson (area, tuned)",122,123,123,6,0.1534763748336234,1.2410385449882166,2.214120329866441,0.7499313300843842,ok,FALSE
1,3,"Poisson (area, tuned)",122,123,123,6,0.34677369590428986,1.1686093989544273,1.9720590728826657,0.8016205485371807,ok,FALSE
1,3,"Poisson (area, tuned)",122,123,123,6,0.7835212181775894,1.1625018452524893,1.9525101617378662,0.8055341032753327,ok,TRUE
1,3,"Poisson (area, tuned)",122,123,123,6,1.7703346781640914,1.2496475262626805,2.148968054417383,0.764431745480616,ok,FALSE
1,3,"Poisson (area, tuned)",122,123,123,6,4,1.4200101843119806,2.5455122847926663,0.6694727733819232,ok,FALSE
12,4,"Poisson (area, tuned)",96,97,108,1,1.0000000000000009e-4,18.13995003376159,52.46331079308674,-66.85993295772772,ok,FALSE
1,4,"Poisson (area, tuned)",123,124,124,1,1.0000000000000009e-4,18.13995003376159,52.46331079308674,-66.85993295772772,ok,FALSE
12,4,"Poisson (area, tuned)",96,97,108,1,2.259459778615513e-4,18.130770190353292,52.43557960921382,-66.78821278234308,ok,FALSE
1,4,"Poisson (area, tuned)",123,124,124,1,2.259459778615513e-4,18.130770190353292,52.43557960921382,-66.78821278234308,ok,FALSE
12,4,"Poisson (area, tuned)",96,97,108,1,5.105158491181259e-4,18.00739128892835,52.0392031488441,-65.76722306084548,ok,FALSE
1,4,"Poisson (area, tuned)",123,124,124,1,5.105158491181259e-4,18.00739128892835,52.0392031488441,-65.76722306084548,ok,FALSE
12,4,"Poisson (area, tuned)",96,97,108,1,0.00115349002742815,17.691896313150682,51.02593881945008,-63.192463982466634,ok,FALSE
1,4,"Poisson (area, tuned)",123,124,124,1,0.00115349002742815,17.691896313150682,51.02593881945008,-63.192463982466634,ok,FALSE
12,4,"Poisson (area, tuned)",96,97,108,1,0.002606264322008008,16.992846935244522,48.788390026314794,-57.68606795078116,ok,FALSE
1,4,"Poisson (area, tuned)",123,124,124,1,0.002606264322008008,16.992846935244522,48.788390026314794,-57.68606795078116,ok,FALSE
12,4,"Poisson (area, tuned)",96,97,108,1,0.005888749408017718,15.474703790885334,43.969769945685144,-46.6661883583142,ok,FALSE
1,4,"Poisson (area, tuned)",123,124,124,1,0.005888749408017718,15.474703790885334,43.969769945685144,-46.6661883583142,ok,FALSE
12,4,"Poisson (area, tuned)",96,97,108,1,0.013305392433761935,12.500978598977387,34.69825547945117,-28.683651138665038,ok,FALSE
1,4,"Poisson (area, tuned)",123,124,124,1,0.013305392433761935,12.500978598977387,34.69825547945117,-28.683651138665038,ok,FALSE
12,4,"Poisson (area, tuned)",96,97,108,1,0.030062999042780234,7.669535199132101,20.111614837190668,-8.972313532269249,ok,FALSE
1,4,"Poisson (area, tuned)",123,124,124,1,0.030062999042780234,7.669535199132101,20.111614837190668,-8.972313532269249,ok,FALSE
12,4,"Poisson (area, tuned)",96,97,108,1,0.06792613716171855,2.8352475654727005,6.197364214465253,0.05307391935981731,ok,FALSE
1,4,"Poisson (area, tuned)",123,124,124,1,0.06792613716171855,2.8352475654727005,6.197364214465253,0.05307391935981731,ok,FALSE
12,4,"Poisson (area, tuned)",96,97,108,1,0.1534763748336234,1.3864759041811483,3.0065997768786477,0.7771291446135262,ok,FALSE
1,4,"Poisson (area, tuned)",123,124,124,1,0.1534763748336234,1.3864759041811483,3.0065997768786477,0.7771291446135262,ok,FALSE
12,4,"Poisson (area, tuned)",96,97,108,1,0.34677369590428986,1.9139935264482184,5.293476092813349,0.3091497006578181,ok,FALSE
1,4,"Poisson (area, tuned)",123,124,124,1,0.34677369590428986,1.9139935264482184,5.293476092813349,0.3091497006578181,ok,FALSE
12,4,"Poisson (area, tuned)",96,97,108,1,0.7835212181775894,2.1250180038417192,6.018674123585725,0.10689258115988487,ok,TRUE
1,4,"Poisson (area, tuned)",123,124,124,1,0.7835212181775894,2.1250180038417192,6.018674123585725,0.10689258115988487,ok,TRUE
12,4,"Poisson (area, tuned)",96,97,108,1,1.7703346781640914,2.1951566119407593,6.189015940387967,0.05562334965206428,ok,FALSE
1,4,"Poisson (area, tuned)",123,124,124,1,1.7703346781640914,2.1951566119407593,6.189015940387967,0.05562334965206428,ok,FALSE
12,4,"Poisson (area, tuned)",96,97,108,1,4,2.2196544474183826,6.145188602882863,0.06895114368580735,ok,FALSE
1,4,"Poisson (area, tuned)",123,124,124,1,4,2.2196544474183826,6.145188602882863,0.06895114368580735,ok,FALSE
12,4,"Poisson (area, tuned)",96,97,108,2,1.0000000000000009e-4,1.3224358625594463,3.20808635554629,0.696134230361265,ok,FALSE
1,4,"Poisson (area, tuned)",123,124,124,2,1.0000000000000009e-4,1.3224358625594463,3.20808635554629,0.696134230361265,ok,FALSE
12,4,"Poisson (area, tuned)",96,97,108,2,2.259459778615513e-4,1.326163383205123,3.225399634557814,0.6928455976906646,ok,FALSE
1,4,"Poisson (area, tuned)",123,124,124,2,2.259459778615513e-4,1.326163383205123,3.225399634557814,0.6928455976906646,ok,FALSE
12,4,"Poisson (area, tuned)",96,97,108,2,5.105158491181259e-4,1.3265996553495267,3.22733185109885,0.6924774779829963,ok,FALSE
1,4,"Poisson (area, tuned)",123,124,124,2,5.105158491181259e-4,1.3265996553495267,3.22733185109885,0.6924774779829963,ok,FALSE
12,4,"Poisson (area, tuned)",96,97,108,2,0.00115349002742815,1.3328528292576132,3.255986497025562,0.6869924092632265,ok,FALSE
1,4,"Poisson (area, tuned)",123,124,124,2,0.00115349002742815,1.3328528292576132,3.255986497025562,0.6869924092632265,ok,FALSE
12,4,"Poisson (area, tuned)",96,97,108,2,0.002606264322008008,1.3462579300901456,3.3174893635022022,0.6750558238678691,ok,FALSE
1,4,"Poisson (area, tuned)",123,124,124,2,0.002606264322008008,1.3462579300901456,3.3174893635022022,0.6750558238678691,ok,FALSE
12,4,"Poisson (area, tuned)",96,97,108,2,0.005888749408017718,1.373340816103987,3.4390708684211377,0.650801853265904,ok,FALSE
1,4,"Poisson (area, tuned)",123,124,124,2,0.005888749408017718,1.373340816103987,3.4390708684211377,0.650801853265904,ok,FALSE
12,4,"Poisson (area, tuned)",96,97,108,2,0.013305392433761935,1.4217419617506948,3.6392139852100986,0.608974693596191,ok,FALSE
1,4,"Poisson (area, tuned)",123,124,124,2,0.013305392433761935,1.4217419617506948,3.6392139852100986,0.608974693596191,ok,FALSE
12,4,"Poisson (area, tuned)",96,97,108,2,0.030062999042780234,1.4951625942692393,3.91912096600672,0.5465107293321083,ok,FALSE
1,4,"Poisson (area, tuned)",123,124,124,2,0.030062999042780234,1.4951625942692393,3.91912096600672,0.5465107293321083,ok,FALSE
12,4,"Poisson (area, tuned)",96,97,108,2,0.06792613716171855,1.5929492268028749,4.259054855623947,0.46443011727568273,ok,FALSE
1,4,"Poisson (area, tuned)",123,124,124,2,0.06792613716171855,1.5929492268028749,4.259054855623947,0.46443011727568273,ok,FALSE
12,4,"Poisson (area, tuned)",96,97,108,2,0.1534763748336234,1.6963658788753802,4.585195792923564,0.3792661201661558,ok,FALSE
1,4,"Poisson (area, tuned)",123,124,124,2,0.1534763748336234,1.6963658788753802,4.585195792923564,0.3792661201661558,ok,FALSE
12,4,"Poisson (area, tuned)",96,97,108,2,0.34677369590428986,1.7835462577931789,4.8343959710629605,0.30996023587364563,ok,FALSE
1,4,"Poisson (area, tuned)",123,124,124,2,0.34677369590428986,1.7835462577931789,4.8343959710629605,0.30996023587364563,ok,FALSE
12,4,"Poisson (area, tuned)",96,97,108,2,0.7835212181775894,1.844140851617902,4.962228218323263,0.27298537474681006,ok,TRUE
1,4,"Poisson (area, tuned)",123,124,124,2,0.7835212181775894,1.844140851617902,4.962228218323263,0.27298537474681006,ok,TRUE
12,4,"Poisson (area, tuned)",96,97,108,2,1.7703346781640914,1.8836131090417612,4.967604368463403,0.2714092049731638,ok,FALSE
1,4,"Poisson (area, tuned)",123,124,124,2,1.7703346781640914,1.8836131090417612,4.967604368463403,0.2714092049731638,ok,FALSE
12,4,"Poisson (area, tuned)",96,97,108,2,4,1.9254464203226065,4.920213214351042,0.28524446768730294,ok,FALSE
1,4,"Poisson (area, tuned)",123,124,124,2,4,1.9254464203226065,4.920213214351042,0.28524446768730294,ok,FALSE
12,4,"Poisson (area, tuned)",96,97,108,3,1.0000000000000009e-4,8.351904505548893,23.286752809050565,-21.441161935375476,ok,FALSE
1,4,"Poisson (area, tuned)",123,124,124,3,1.0000000000000009e-4,8.351904505548893,23.286752809050565,-21.441161935375476,ok,FALSE
12,4,"Poisson (area, tuned)",96,97,108,3,2.259459778615513e-4,8.340749666612917,23.253694370358048,-21.377491127002028,ok,FALSE
1,4,"Poisson (area, tuned)",123,124,124,3,2.259459778615513e-4,8.340749666612917,23.253694370358048,-21.377491127002028,ok,FALSE
12,4,"Poisson (area, tuned)",96,97,108,3,5.105158491181259e-4,8.330628262172805,23.224867050348784,-21.32204331413855,ok,FALSE
1,4,"Poisson (area, tuned)",123,124,124,3,5.105158491181259e-4,8.330628262172805,23.224867050348784,-21.32204331413855,ok,FALSE
12,4,"Poisson (area, tuned)",96,97,108,3,0.00115349002742815,8.252743372300252,22.992551391236958,-20.877707170963653,ok,FALSE
1,4,"Poisson (area, tuned)",123,124,124,3,0.00115349002742815,8.252743372300252,22.992551391236958,-20.877707170963653,ok,FALSE
12,4,"Poisson (area, tuned)",96,97,108,3,0.002606264322008008,8.084225841203352,22.48885002145531,-19.92965018374658,ok,FALSE
1,4,"Poisson (area, tuned)",123,124,124,3,0.002606264322008008,8.084225841203352,22.48885002145531,-19.92965018374658,ok,FALSE
12,4,"Poisson (area, tuned)",96,97,108,3,0.005888749408017718,7.7358631446345365,21.44759665831566,-18.036396452808596,ok,FALSE
1,4,"Poisson (area, tuned)",123,124,124,3,0.005888749408017718,7.7358631446345365,21.44759665831566,-18.036396452808596,ok,FALSE
12,4,"Poisson (area, tuned)",96,97,108,3,0.013305392433761935,7.115618555642353,19.59660224479457,-14.892383222376434,ok,FALSE
1,4,"Poisson (area, tuned)",123,124,124,3,0.013305392433761935,7.115618555642353,19.59660224479457,-14.892383222376434,ok,FALSE
12,4,"Poisson (area, tuned)",96,97,108,3,0.030062999042780234,6.135546708233684,16.6685215542329,-10.497982288146147,ok,FALSE
1,4,"Poisson (area, tuned)",123,124,124,3,0.030062999042780234,6.135546708233684,16.6685215542329,-10.497982288146147,ok,FALSE
12,4,"Poisson (area, tuned)",96,97,108,3,0.06792613716171855,4.7292827441812335,12.465624491427812,-5.430660083061325,ok,FALSE
1,4,"Poisson (area, tuned)",123,124,124,3,0.06792613716171855,4.7292827441812335,12.465624491427812,-5.430660083061325,ok,FALSE
12,4,"Poisson (area, tuned)",96,97,108,3,0.1534763748336234,3.2115110076665934,7.872617574872774,-1.564872517630361,ok,FALSE
1,4,"Poisson (area, tuned)",123,124,124,3,0.1534763748336234,3.2115110076665934,7.872617574872774,-1.564872517630361,ok,FALSE
12,4,"Poisson (area, tuned)",96,97,108,3,0.34677369590428986,2.0436140904130555,4.2630016468950025,0.24792963780439903,ok,FALSE
1,4,"Poisson (area, tuned)",123,124,124,3,0.34677369590428986,2.0436140904130555,4.2630016468950025,0.24792963780439903,ok,FALSE
12,4,"Poisson (area, tuned)",96,97,108,3,0.7835212181775894,1.5213587273754217,2.7656334043061004,0.6834686736107171,ok,TRUE
1,4,"Poisson (area, tuned)",123,124,124,3,0.7835212181775894,1.5213587273754217,2.7656334043061004,0.6834686736107171,ok,TRUE
12,4,"Poisson (area, tuned)",96,97,108,3,1.7703346781640914,1.5636977605448872,2.8358396913760324,0.6671942456114999,ok,FALSE
1,4,"Poisson (area, tuned)",123,124,124,3,1.7703346781640914,1.5636977605448872,2.8358396913760324,0.6671942456114999,ok,FALSE
12,4,"Poisson (area, tuned)",96,97,108,3,4,1.7391062907464452,3.2327635572696147,0.5675107104870363,ok,FALSE
1,4,"Poisson (area, tuned)",123,124,124,3,4,1.7391062907464452,3.2327635572696147,0.5675107104870363,ok,FALSE
12,4,"Poisson (area, tuned)",96,97,108,4,1.0000000000000009e-4,1.2284164502380306,2.713679819135858,0.6394349109925737,ok,FALSE
1,4,"Poisson (area, tuned)",123,124,124,4,1.0000000000000009e-4,1.2284164502380306,2.713679819135858,0.6394349109925737,ok,FALSE
12,4,"Poisson (area, tuned)",96,97,108,4,2.259459778615513e-4,1.2285569832220962,2.714239042698876,0.639286288248986,ok,FALSE
1,4,"Poisson (area, tuned)",123,124,124,4,2.259459778615513e-4,1.2285569832220962,2.714239042698876,0.639286288248986,ok,FALSE
12,4,"Poisson (area, tuned)",96,97,108,4,5.105158491181259e-4,1.2286887411782608,2.714746057548647,0.639151514349567,ok,FALSE
1,4,"Poisson (area, tuned)",123,124,124,4,5.105158491181259e-4,1.2286887411782608,2.714746057548647,0.639151514349567,ok,FALSE
12,4,"Poisson (area, tuned)",96,97,108,4,0.00115349002742815,1.2296884152212202,2.718911821034947,0.6380432244784727,ok,FALSE
1,4,"Poisson (area, tuned)",123,124,124,4,0.00115349002742815,1.2296884152212202,2.718911821034947,0.6380432244784727,ok,FALSE
12,4,"Poisson (area, tuned)",96,97,108,4,0.002606264322008008,1.2314376305171046,2.7259205389164465,0.6361747397327596,ok,FALSE
1,4,"Poisson (area, tuned)",123,124,124,4,0.002606264322008008,1.2314376305171046,2.7259205389164465,0.6361747397327596,ok,FALSE
12,4,"Poisson (area, tuned)",96,97,108,4,0.005888749408017718,1.2352151933962188,2.740759503893819,0.6322028815750036,ok,FALSE
1,4,"Poisson (area, tuned)",123,124,124,4,0.005888749408017718,1.2352151933962188,2.740759503893819,0.6322028815750036,ok,FALSE
12,4,"Poisson (area, tuned)",96,97,108,4,0.013305392433761935,1.2406353795640641,2.75896599276917,0.6273002000982089,ok,FALSE
1,4,"Poisson (area, tuned)",123,124,124,4,0.013305392433761935,1.2406353795640641,2.75896599276917,0.6273002000982089,ok,FALSE
12,4,"Poisson (area, tuned)",96,97,108,4,0.030062999042780234,1.2469831229201664,2.774382090852679,0.6231235420444239,ok,FALSE
1,4,"Poisson (area, tuned)",123,124,124,4,0.030062999042780234,1.2469831229201664,2.774382090852679,0.6231235420444239,ok,FALSE
12,4,"Poisson (area, tuned)",96,97,108,4,0.06792613716171855,1.253164840566173,2.778333824150119,0.6220491580096918,ok,FALSE
1,4,"Poisson (area, tuned)",123,124,124,4,0.06792613716171855,1.253164840566173,2.778333824150119,0.6220491580096918,ok,FALSE
12,4,"Poisson (area, tuned)",96,97,108,4,0.1534763748336234,1.2513961588532916,2.7303470687841442,0.634992173357223,ok,FALSE
1,4,"Poisson (area, tuned)",123,124,124,4,0.1534763748336234,1.2513961588532916,2.7303470687841442,0.634992173357223,ok,FALSE
12,4,"Poisson (area, tuned)",96,97,108,4,0.34677369590428986,1.2464898400194382,2.6285007300820262,0.6617150562438139,ok,FALSE
1,4,"Poisson (area, tuned)",123,124,124,4,0.34677369590428986,1.2464898400194382,2.6285007300820262,0.6617150562438139,ok,FALSE
12,4,"Poisson (area, tuned)",96,97,108,4,0.7835212181775894,1.2629460184525707,2.5386201989912918,0.6844545462632233,ok,TRUE
1,4,"Poisson (area, tuned)",123,124,124,4,0.7835212181775894,1.2629460184525707,2.5386201989912918,0.6844545462632233,ok,TRUE
12,4,"Poisson (area, tuned)",96,97,108,4,1.7703346781640914,1.336501951964738,2.565962462622823,0.6776207634491794,ok,FALSE
1,4,"Poisson (area, tuned)",123,124,124,4,1.7703346781640914,1.336501951964738,2.565962462622823,0.6776207634491794,ok,FALSE
12,4,"Poisson (area, tuned)",96,97,108,4,4,1.488750765701643,2.7949463437326463,0.6175158748574339,ok,FALSE
1,4,"Poisson (area, tuned)",123,124,124,4,4,1.488750765701643,2.7949463437326463,0.6175158748574339,ok,FALSE
1,4,"Poisson (area, tuned)",123,124,124,5,1.0000000000000009e-4,1.088700188343501,2.4849316176144267,0.7393426331836184,ok,FALSE
1,4,"Poisson (area, tuned)",123,124,124,5,2.259459778615513e-4,1.0888460323734923,2.4858623692755897,0.7391473338758073,ok,FALSE
1,4,"Poisson (area, tuned)",123,124,124,5,5.105158491181259e-4,1.0889857612606124,2.4867405406736856,0.7389630004104586,ok,FALSE
1,4,"Poisson (area, tuned)",123,124,124,5,0.00115349002742815,1.089580728430838,2.4905536146581517,0.7381618581163859,ok,FALSE
1,4,"Poisson (area, tuned)",123,124,124,5,0.002606264322008008,1.0909584654103535,2.499128613019735,0.7363557320788968,ok,FALSE
1,4,"Poisson (area, tuned)",123,124,124,5,0.005888749408017718,1.0939142812491047,2.5169261171128743,0.7325872844194963,ok,FALSE
1,4,"Poisson (area, tuned)",123,124,124,5,0.013305392433761935,1.0993135300908194,2.5479219274128897,0.7259603826330849,ok,FALSE
1,4,"Poisson (area, tuned)",123,124,124,5,0.030062999042780234,1.1080269986666214,2.5901807110502664,0.7167947828984882,ok,FALSE
1,4,"Poisson (area, tuned)",123,124,124,5,0.06792613716171855,1.1242263359097528,2.652300516862176,0.7030477778165505,ok,FALSE
1,4,"Poisson (area, tuned)",123,124,124,5,0.1534763748336234,1.1440903076826223,2.700901088211416,0.6920654072360928,ok,FALSE
1,4,"Poisson (area, tuned)",123,124,124,5,0.34677369590428986,1.1683023035875606,2.718198272837357,0.6881086112836798,ok,FALSE
1,4,"Poisson (area, tuned)",123,124,124,5,0.7835212181775894,1.2123638009855975,2.7323301140222425,0.6848571508486994,ok,TRUE
1,4,"Poisson (area, tuned)",123,124,124,5,1.7703346781640914,1.3116591189758795,2.840000257292156,0.6595307621726478,ok,FALSE
1,4,"Poisson (area, tuned)",123,124,124,5,4,1.4947290417182153,3.142230977076917,0.5832099609069288,ok,FALSE
1,4,"Poisson (area, tuned)",123,124,124,6,1.0000000000000009e-4,1.6223625083585382,3.3382071701554565,0.4315615897316698,ok,FALSE
1,4,"Poisson (area, tuned)",123,124,124,6,2.259459778615513e-4,1.6211161992504979,3.334798801364085,0.43272176856683664,ok,FALSE
1,4,"Poisson (area, tuned)",123,124,124,6,5.105158491181259e-4,1.6198491018865413,3.331542693084671,0.4338290123254156,ok,FALSE
1,4,"Poisson (area, tuned)",123,124,124,6,0.00115349002742815,1.6131115876731759,3.3130161592629617,0.44010839818940817,ok,FALSE
1,4,"Poisson (area, tuned)",123,124,124,6,0.002606264322008008,1.6009532237587965,3.2793942141831254,0.45141478692983483,ok,FALSE
1,4,"Poisson (area, tuned)",123,124,124,6,0.005888749408017718,1.578149856494601,3.215927479638235,0.4724430627082591,ok,FALSE
1,4,"Poisson (area, tuned)",123,124,124,6,0.013305392433761935,1.5342957348960047,3.094375265318746,0.5115694649433022,ok,FALSE
1,4,"Poisson (area, tuned)",123,124,124,6,0.030062999042780234,1.4621783960445152,2.8949755455991806,0.5724896396293724,ok,FALSE
1,4,"Poisson (area, tuned)",123,124,124,6,0.06792613716171855,1.3507165271091397,2.5701637502821075,0.6630399352844925,ok,FALSE
1,4,"Poisson (area, tuned)",123,124,124,6,0.1534763748336234,1.2410385449882166,2.214120329866441,0.7499313300843842,ok,FALSE
1,4,"Poisson (area, tuned)",123,124,124,6,0.34677369590428986,1.1686093989544273,1.9720590728826657,0.8016205485371807,ok,FALSE
1,4,"Poisson (area, tuned)",123,124,124,6,0.7835212181775894,1.1625018452524893,1.9525101617378662,0.8055341032753327,ok,TRUE
1,4,"Poisson (area, tuned)",123,124,124,6,1.7703346781640914,1.2496475262626805,2.148968054417383,0.764431745480616,ok,FALSE
1,4,"Poisson (area, tuned)",123,124,124,6,4,1.4200101843119806,2.5455122847926663,0.6694727733819232,ok,FALSE
12,5,"Poisson (area, tuned)",108,109,120,1,1.0000000000000009e-4,18.13995003376159,52.46331079308674,-66.85993295772772,ok,FALSE
1,5,"Poisson (area, tuned)",124,125,125,1,1.0000000000000009e-4,18.13995003376159,52.46331079308674,-66.85993295772772,ok,FALSE
12,5,"Poisson (area, tuned)",108,109,120,1,2.259459778615513e-4,18.130770190353292,52.43557960921382,-66.78821278234308,ok,FALSE
1,5,"Poisson (area, tuned)",124,125,125,1,2.259459778615513e-4,18.130770190353292,52.43557960921382,-66.78821278234308,ok,FALSE
12,5,"Poisson (area, tuned)",108,109,120,1,5.105158491181259e-4,18.00739128892835,52.0392031488441,-65.76722306084548,ok,FALSE
1,5,"Poisson (area, tuned)",124,125,125,1,5.105158491181259e-4,18.00739128892835,52.0392031488441,-65.76722306084548,ok,FALSE
12,5,"Poisson (area, tuned)",108,109,120,1,0.00115349002742815,17.691896313150682,51.02593881945008,-63.192463982466634,ok,FALSE
1,5,"Poisson (area, tuned)",124,125,125,1,0.00115349002742815,17.691896313150682,51.02593881945008,-63.192463982466634,ok,FALSE
12,5,"Poisson (area, tuned)",108,109,120,1,0.002606264322008008,16.992846935244522,48.788390026314794,-57.68606795078116,ok,FALSE
1,5,"Poisson (area, tuned)",124,125,125,1,0.002606264322008008,16.992846935244522,48.788390026314794,-57.68606795078116,ok,FALSE
12,5,"Poisson (area, tuned)",108,109,120,1,0.005888749408017718,15.474703790885334,43.969769945685144,-46.6661883583142,ok,FALSE
1,5,"Poisson (area, tuned)",124,125,125,1,0.005888749408017718,15.474703790885334,43.969769945685144,-46.6661883583142,ok,FALSE
12,5,"Poisson (area, tuned)",108,109,120,1,0.013305392433761935,12.500978598977387,34.69825547945117,-28.683651138665038,ok,FALSE
1,5,"Poisson (area, tuned)",124,125,125,1,0.013305392433761935,12.500978598977387,34.69825547945117,-28.683651138665038,ok,FALSE
12,5,"Poisson (area, tuned)",108,109,120,1,0.030062999042780234,7.669535199132101,20.111614837190668,-8.972313532269249,ok,FALSE
1,5,"Poisson (area, tuned)",124,125,125,1,0.030062999042780234,7.669535199132101,20.111614837190668,-8.972313532269249,ok,FALSE
12,5,"Poisson (area, tuned)",108,109,120,1,0.06792613716171855,2.8352475654727005,6.197364214465253,0.05307391935981731,ok,FALSE
1,5,"Poisson (area, tuned)",124,125,125,1,0.06792613716171855,2.8352475654727005,6.197364214465253,0.05307391935981731,ok,FALSE
12,5,"Poisson (area, tuned)",108,109,120,1,0.1534763748336234,1.3864759041811483,3.0065997768786477,0.7771291446135262,ok,FALSE
1,5,"Poisson (area, tuned)",124,125,125,1,0.1534763748336234,1.3864759041811483,3.0065997768786477,0.7771291446135262,ok,FALSE
12,5,"Poisson (area, tuned)",108,109,120,1,0.34677369590428986,1.9139935264482184,5.293476092813349,0.3091497006578181,ok,FALSE
1,5,"Poisson (area, tuned)",124,125,125,1,0.34677369590428986,1.9139935264482184,5.293476092813349,0.3091497006578181,ok,FALSE
12,5,"Poisson (area, tuned)",108,109,120,1,0.7835212181775894,2.1250180038417192,6.018674123585725,0.10689258115988487,ok,TRUE
1,5,"Poisson (area, tuned)",124,125,125,1,0.7835212181775894,2.1250180038417192,6.018674123585725,0.10689258115988487,ok,TRUE
12,5,"Poisson (area, tuned)",108,109,120,1,1.7703346781640914,2.1951566119407593,6.189015940387967,0.05562334965206428,ok,FALSE
1,5,"Poisson (area, tuned)",124,125,125,1,1.7703346781640914,2.1951566119407593,6.189015940387967,0.05562334965206428,ok,FALSE
12,5,"Poisson (area, tuned)",108,109,120,1,4,2.2196544474183826,6.145188602882863,0.06895114368580735,ok,FALSE
1,5,"Poisson (area, tuned)",124,125,125,1,4,2.2196544474183826,6.145188602882863,0.06895114368580735,ok,FALSE
12,5,"Poisson (area, tuned)",108,109,120,2,1.0000000000000009e-4,1.3224358625594463,3.20808635554629,0.696134230361265,ok,FALSE
1,5,"Poisson (area, tuned)",124,125,125,2,1.0000000000000009e-4,1.3224358625594463,3.20808635554629,0.696134230361265,ok,FALSE
12,5,"Poisson (area, tuned)",108,109,120,2,2.259459778615513e-4,1.326163383205123,3.225399634557814,0.6928455976906646,ok,FALSE
1,5,"Poisson (area, tuned)",124,125,125,2,2.259459778615513e-4,1.326163383205123,3.225399634557814,0.6928455976906646,ok,FALSE
12,5,"Poisson (area, tuned)",108,109,120,2,5.105158491181259e-4,1.3265996553495267,3.22733185109885,0.6924774779829963,ok,FALSE
1,5,"Poisson (area, tuned)",124,125,125,2,5.105158491181259e-4,1.3265996553495267,3.22733185109885,0.6924774779829963,ok,FALSE
12,5,"Poisson (area, tuned)",108,109,120,2,0.00115349002742815,1.3328528292576132,3.255986497025562,0.6869924092632265,ok,FALSE
1,5,"Poisson (area, tuned)",124,125,125,2,0.00115349002742815,1.3328528292576132,3.255986497025562,0.6869924092632265,ok,FALSE
12,5,"Poisson (area, tuned)",108,109,120,2,0.002606264322008008,1.3462579300901456,3.3174893635022022,0.6750558238678691,ok,FALSE
1,5,"Poisson (area, tuned)",124,125,125,2,0.002606264322008008,1.3462579300901456,3.3174893635022022,0.6750558238678691,ok,FALSE
12,5,"Poisson (area, tuned)",108,109,120,2,0.005888749408017718,1.373340816103987,3.4390708684211377,0.650801853265904,ok,FALSE
1,5,"Poisson (area, tuned)",124,125,125,2,0.005888749408017718,1.373340816103987,3.4390708684211377,0.650801853265904,ok,FALSE
12,5,"Poisson (area, tuned)",108,109,120,2,0.013305392433761935,1.4217419617506948,3.6392139852100986,0.608974693596191,ok,FALSE
1,5,"Poisson (area, tuned)",124,125,125,2,0.013305392433761935,1.4217419617506948,3.6392139852100986,0.608974693596191,ok,FALSE
12,5,"Poisson (area, tuned)",108,109,120,2,0.030062999042780234,1.4951625942692393,3.91912096600672,0.5465107293321083,ok,FALSE
1,5,"Poisson (area, tuned)",124,125,125,2,0.030062999042780234,1.4951625942692393,3.91912096600672,0.5465107293321083,ok,FALSE
12,5,"Poisson (area, tuned)",108,109,120,2,0.06792613716171855,1.5929492268028749,4.259054855623947,0.46443011727568273,ok,FALSE
1,5,"Poisson (area, tuned)",124,125,125,2,0.06792613716171855,1.5929492268028749,4.259054855623947,0.46443011727568273,ok,FALSE
12,5,"Poisson (area, tuned)",108,109,120,2,0.1534763748336234,1.6963658788753802,4.585195792923564,0.3792661201661558,ok,FALSE
1,5,"Poisson (area, tuned)",124,125,125,2,0.1534763748336234,1.6963658788753802,4.585195792923564,0.3792661201661558,ok,FALSE
12,5,"Poisson (area, tuned)",108,109,120,2,0.34677369590428986,1.7835462577931789,4.8343959710629605,0.30996023587364563,ok,FALSE
1,5,"Poisson (area, tuned)",124,125,125,2,0.34677369590428986,1.7835462577931789,4.8343959710629605,0.30996023587364563,ok,FALSE
12,5,"Poisson (area, tuned)",108,109,120,2,0.7835212181775894,1.844140851617902,4.962228218323263,0.27298537474681006,ok,TRUE
1,5,"Poisson (area, tuned)",124,125,125,2,0.7835212181775894,1.844140851617902,4.962228218323263,0.27298537474681006,ok,TRUE
12,5,"Poisson (area, tuned)",108,109,120,2,1.7703346781640914,1.8836131090417612,4.967604368463403,0.2714092049731638,ok,FALSE
1,5,"Poisson (area, tuned)",124,125,125,2,1.7703346781640914,1.8836131090417612,4.967604368463403,0.2714092049731638,ok,FALSE
12,5,"Poisson (area, tuned)",108,109,120,2,4,1.9254464203226065,4.920213214351042,0.28524446768730294,ok,FALSE
1,5,"Poisson (area, tuned)",124,125,125,2,4,1.9254464203226065,4.920213214351042,0.28524446768730294,ok,FALSE
12,5,"Poisson (area, tuned)",108,109,120,3,1.0000000000000009e-4,8.351904505548893,23.286752809050565,-21.441161935375476,ok,FALSE
1,5,"Poisson (area, tuned)",124,125,125,3,1.0000000000000009e-4,8.351904505548893,23.286752809050565,-21.441161935375476,ok,FALSE
12,5,"Poisson (area, tuned)",108,109,120,3,2.259459778615513e-4,8.340749666612917,23.253694370358048,-21.377491127002028,ok,FALSE
1,5,"Poisson (area, tuned)",124,125,125,3,2.259459778615513e-4,8.340749666612917,23.253694370358048,-21.377491127002028,ok,FALSE
12,5,"Poisson (area, tuned)",108,109,120,3,5.105158491181259e-4,8.330628262172805,23.224867050348784,-21.32204331413855,ok,FALSE
1,5,"Poisson (area, tuned)",124,125,125,3,5.105158491181259e-4,8.330628262172805,23.224867050348784,-21.32204331413855,ok,FALSE
12,5,"Poisson (area, tuned)",108,109,120,3,0.00115349002742815,8.252743372300252,22.992551391236958,-20.877707170963653,ok,FALSE
1,5,"Poisson (area, tuned)",124,125,125,3,0.00115349002742815,8.252743372300252,22.992551391236958,-20.877707170963653,ok,FALSE
12,5,"Poisson (area, tuned)",108,109,120,3,0.002606264322008008,8.084225841203352,22.48885002145531,-19.92965018374658,ok,FALSE
1,5,"Poisson (area, tuned)",124,125,125,3,0.002606264322008008,8.084225841203352,22.48885002145531,-19.92965018374658,ok,FALSE
12,5,"Poisson (area, tuned)",108,109,120,3,0.005888749408017718,7.7358631446345365,21.44759665831566,-18.036396452808596,ok,FALSE
1,5,"Poisson (area, tuned)",124,125,125,3,0.005888749408017718,7.7358631446345365,21.44759665831566,-18.036396452808596,ok,FALSE
12,5,"Poisson (area, tuned)",108,109,120,3,0.013305392433761935,7.115618555642353,19.59660224479457,-14.892383222376434,ok,FALSE
1,5,"Poisson (area, tuned)",124,125,125,3,0.013305392433761935,7.115618555642353,19.59660224479457,-14.892383222376434,ok,FALSE
12,5,"Poisson (area, tuned)",108,109,120,3,0.030062999042780234,6.135546708233684,16.6685215542329,-10.497982288146147,ok,FALSE
1,5,"Poisson (area, tuned)",124,125,125,3,0.030062999042780234,6.135546708233684,16.6685215542329,-10.497982288146147,ok,FALSE
12,5,"Poisson (area, tuned)",108,109,120,3,0.06792613716171855,4.7292827441812335,12.465624491427812,-5.430660083061325,ok,FALSE
1,5,"Poisson (area, tuned)",124,125,125,3,0.06792613716171855,4.7292827441812335,12.465624491427812,-5.430660083061325,ok,FALSE
12,5,"Poisson (area, tuned)",108,109,120,3,0.1534763748336234,3.2115110076665934,7.872617574872774,-1.564872517630361,ok,FALSE
1,5,"Poisson (area, tuned)",124,125,125,3,0.1534763748336234,3.2115110076665934,7.872617574872774,-1.564872517630361,ok,FALSE
12,5,"Poisson (area, tuned)",108,109,120,3,0.34677369590428986,2.0436140904130555,4.2630016468950025,0.24792963780439903,ok,FALSE
1,5,"Poisson (area, tuned)",124,125,125,3,0.34677369590428986,2.0436140904130555,4.2630016468950025,0.24792963780439903,ok,FALSE
12,5,"Poisson (area, tuned)",108,109,120,3,0.7835212181775894,1.5213587273754217,2.7656334043061004,0.6834686736107171,ok,TRUE
1,5,"Poisson (area, tuned)",124,125,125,3,0.7835212181775894,1.5213587273754217,2.7656334043061004,0.6834686736107171,ok,TRUE
12,5,"Poisson (area, tuned)",108,109,120,3,1.7703346781640914,1.5636977605448872,2.8358396913760324,0.6671942456114999,ok,FALSE
1,5,"Poisson (area, tuned)",124,125,125,3,1.7703346781640914,1.5636977605448872,2.8358396913760324,0.6671942456114999,ok,FALSE
12,5,"Poisson (area, tuned)",108,109,120,3,4,1.7391062907464452,3.2327635572696147,0.5675107104870363,ok,FALSE
1,5,"Poisson (area, tuned)",124,125,125,3,4,1.7391062907464452,3.2327635572696147,0.5675107104870363,ok,FALSE
12,5,"Poisson (area, tuned)",108,109,120,4,1.0000000000000009e-4,1.2284164502380306,2.713679819135858,0.6394349109925737,ok,FALSE
1,5,"Poisson (area, tuned)",124,125,125,4,1.0000000000000009e-4,1.2284164502380306,2.713679819135858,0.6394349109925737,ok,FALSE
12,5,"Poisson (area, tuned)",108,109,120,4,2.259459778615513e-4,1.2285569832220962,2.714239042698876,0.639286288248986,ok,FALSE
1,5,"Poisson (area, tuned)",124,125,125,4,2.259459778615513e-4,1.2285569832220962,2.714239042698876,0.639286288248986,ok,FALSE
12,5,"Poisson (area, tuned)",108,109,120,4,5.105158491181259e-4,1.2286887411782608,2.714746057548647,0.639151514349567,ok,FALSE
1,5,"Poisson (area, tuned)",124,125,125,4,5.105158491181259e-4,1.2286887411782608,2.714746057548647,0.639151514349567,ok,FALSE
12,5,"Poisson (area, tuned)",108,109,120,4,0.00115349002742815,1.2296884152212202,2.718911821034947,0.6380432244784727,ok,FALSE
1,5,"Poisson (area, tuned)",124,125,125,4,0.00115349002742815,1.2296884152212202,2.718911821034947,0.6380432244784727,ok,FALSE
12,5,"Poisson (area, tuned)",108,109,120,4,0.002606264322008008,1.2314376305171046,2.7259205389164465,0.6361747397327596,ok,FALSE
1,5,"Poisson (area, tuned)",124,125,125,4,0.002606264322008008,1.2314376305171046,2.7259205389164465,0.6361747397327596,ok,FALSE
12,5,"Poisson (area, tuned)",108,109,120,4,0.005888749408017718,1.2352151933962188,2.740759503893819,0.6322028815750036,ok,FALSE
1,5,"Poisson (area, tuned)",124,125,125,4,0.005888749408017718,1.2352151933962188,2.740759503893819,0.6322028815750036,ok,FALSE
12,5,"Poisson (area, tuned)",108,109,120,4,0.013305392433761935,1.2406353795640641,2.75896599276917,0.6273002000982089,ok,FALSE
1,5,"Poisson (area, tuned)",124,125,125,4,0.013305392433761935,1.2406353795640641,2.75896599276917,0.6273002000982089,ok,FALSE
12,5,"Poisson (area, tuned)",108,109,120,4,0.030062999042780234,1.2469831229201664,2.774382090852679,0.6231235420444239,ok,FALSE
1,5,"Poisson (area, tuned)",124,125,125,4,0.030062999042780234,1.2469831229201664,2.774382090852679,0.6231235420444239,ok,FALSE
12,5,"Poisson (area, tuned)",108,109,120,4,0.06792613716171855,1.253164840566173,2.778333824150119,0.6220491580096918,ok,FALSE
1,5,"Poisson (area, tuned)",124,125,125,4,0.06792613716171855,1.253164840566173,2.778333824150119,0.6220491580096918,ok,FALSE
12,5,"Poisson (area, tuned)",108,109,120,4,0.1534763748336234,1.2513961588532916,2.7303470687841442,0.634992173357223,ok,FALSE
1,5,"Poisson (area, tuned)",124,125,125,4,0.1534763748336234,1.2513961588532916,2.7303470687841442,0.634992173357223,ok,FALSE
12,5,"Poisson (area, tuned)",108,109,120,4,0.34677369590428986,1.2464898400194382,2.6285007300820262,0.6617150562438139,ok,FALSE
1,5,"Poisson (area, tuned)",124,125,125,4,0.34677369590428986,1.2464898400194382,2.6285007300820262,0.6617150562438139,ok,FALSE
12,5,"Poisson (area, tuned)",108,109,120,4,0.7835212181775894,1.2629460184525707,2.5386201989912918,0.6844545462632233,ok,TRUE
1,5,"Poisson (area, tuned)",124,125,125,4,0.7835212181775894,1.2629460184525707,2.5386201989912918,0.6844545462632233,ok,TRUE
12,5,"Poisson (area, tuned)",108,109,120,4,1.7703346781640914,1.336501951964738,2.565962462622823,0.6776207634491794,ok,FALSE
1,5,"Poisson (area, tuned)",124,125,125,4,1.7703346781640914,1.336501951964738,2.565962462622823,0.6776207634491794,ok,FALSE
12,5,"Poisson (area, tuned)",108,109,120,4,4,1.488750765701643,2.7949463437326463,0.6175158748574339,ok,FALSE
1,5,"Poisson (area, tuned)",124,125,125,4,4,1.488750765701643,2.7949463437326463,0.6175158748574339,ok,FALSE
12,5,"Poisson (area, tuned)",108,109,120,5,1.0000000000000009e-4,1.088700188343501,2.4849316176144267,0.7393426331836184,ok,FALSE
1,5,"Poisson (area, tuned)",124,125,125,5,1.0000000000000009e-4,1.088700188343501,2.4849316176144267,0.7393426331836184,ok,FALSE
12,5,"Poisson (area, tuned)",108,109,120,5,2.259459778615513e-4,1.0888460323734923,2.4858623692755897,0.7391473338758073,ok,FALSE
1,5,"Poisson (area, tuned)",124,125,125,5,2.259459778615513e-4,1.0888460323734923,2.4858623692755897,0.7391473338758073,ok,FALSE
12,5,"Poisson (area, tuned)",108,109,120,5,5.105158491181259e-4,1.0889857612606124,2.4867405406736856,0.7389630004104586,ok,FALSE
1,5,"Poisson (area, tuned)",124,125,125,5,5.105158491181259e-4,1.0889857612606124,2.4867405406736856,0.7389630004104586,ok,FALSE
12,5,"Poisson (area, tuned)",108,109,120,5,0.00115349002742815,1.089580728430838,2.4905536146581517,0.7381618581163859,ok,FALSE
1,5,"Poisson (area, tuned)",124,125,125,5,0.00115349002742815,1.089580728430838,2.4905536146581517,0.7381618581163859,ok,FALSE
12,5,"Poisson (area, tuned)",108,109,120,5,0.002606264322008008,1.0909584654103535,2.499128613019735,0.7363557320788968,ok,FALSE
1,5,"Poisson (area, tuned)",124,125,125,5,0.002606264322008008,1.0909584654103535,2.499128613019735,0.7363557320788968,ok,FALSE
12,5,"Poisson (area, tuned)",108,109,120,5,0.005888749408017718,1.0939142812491047,2.5169261171128743,0.7325872844194963,ok,FALSE
1,5,"Poisson (area, tuned)",124,125,125,5,0.005888749408017718,1.0939142812491047,2.5169261171128743,0.7325872844194963,ok,FALSE
12,5,"Poisson (area, tuned)",108,109,120,5,0.013305392433761935,1.0993135300908194,2.5479219274128897,0.7259603826330849,ok,FALSE
1,5,"Poisson (area, tuned)",124,125,125,5,0.013305392433761935,1.0993135300908194,2.5479219274128897,0.7259603826330849,ok,FALSE
12,5,"Poisson (area, tuned)",108,109,120,5,0.030062999042780234,1.1080269986666214,2.5901807110502664,0.7167947828984882,ok,FALSE
1,5,"Poisson (area, tuned)",124,125,125,5,0.030062999042780234,1.1080269986666214,2.5901807110502664,0.7167947828984882,ok,FALSE
12,5,"Poisson (area, tuned)",108,109,120,5,0.06792613716171855,1.1242263359097528,2.652300516862176,0.7030477778165505,ok,FALSE
1,5,"Poisson (area, tuned)",124,125,125,5,0.06792613716171855,1.1242263359097528,2.652300516862176,0.7030477778165505,ok,FALSE
12,5,"Poisson (area, tuned)",108,109,120,5,0.1534763748336234,1.1440903076826223,2.700901088211416,0.6920654072360928,ok,FALSE
1,5,"Poisson (area, tuned)",124,125,125,5,0.1534763748336234,1.1440903076826223,2.700901088211416,0.6920654072360928,ok,FALSE
12,5,"Poisson (area, tuned)",108,109,120,5,0.34677369590428986,1.1683023035875606,2.718198272837357,0.6881086112836798,ok,FALSE
1,5,"Poisson (area, tuned)",124,125,125,5,0.34677369590428986,1.1683023035875606,2.718198272837357,0.6881086112836798,ok,FALSE
12,5,"Poisson (area, tuned)",108,109,120,5,0.7835212181775894,1.2123638009855975,2.7323301140222425,0.6848571508486994,ok,TRUE
1,5,"Poisson (area, tuned)",124,125,125,5,0.7835212181775894,1.2123638009855975,2.7323301140222425,0.6848571508486994,ok,TRUE
12,5,"Poisson (area, tuned)",108,109,120,5,1.7703346781640914,1.3116591189758795,2.840000257292156,0.6595307621726478,ok,FALSE
1,5,"Poisson (area, tuned)",124,125,125,5,1.7703346781640914,1.3116591189758795,2.840000257292156,0.6595307621726478,ok,FALSE
12,5,"Poisson (area, tuned)",108,109,120,5,4,1.4947290417182153,3.142230977076917,0.5832099609069288,ok,FALSE
1,5,"Poisson (area, tuned)",124,125,125,5,4,1.4947290417182153,3.142230977076917,0.5832099609069288,ok,FALSE
1,5,"Poisson (area, tuned)",124,125,125,6,1.0000000000000009e-4,1.6223625083585382,3.3382071701554565,0.4315615897316698,ok,FALSE
1,5,"Poisson (area, tuned)",124,125,125,6,2.259459778615513e-4,1.6211161992504979,3.334798801364085,0.43272176856683664,ok,FALSE
1,5,"Poisson (area, tuned)",124,125,125,6,5.105158491181259e-4,1.6198491018865413,3.331542693084671,0.4338290123254156,ok,FALSE
1,5,"Poisson (area, tuned)",124,125,125,6,0.00115349002742815,1.6131115876731759,3.3130161592629617,0.44010839818940817,ok,FALSE
1,5,"Poisson (area, tuned)",124,125,125,6,0.002606264322008008,1.6009532237587965,3.2793942141831254,0.45141478692983483,ok,FALSE
1,5,"Poisson (area, tuned)",124,125,125,6,0.005888749408017718,1.578149856494601,3.215927479638235,0.4724430627082591,ok,FALSE
1,5,"Poisson (area, tuned)",124,125,125,6,0.013305392433761935,1.5342957348960047,3.094375265318746,0.5115694649433022,ok,FALSE
1,5,"Poisson (area, tuned)",124,125,125,6,0.030062999042780234,1.4621783960445152,2.8949755455991806,0.5724896396293724,ok,FALSE
1,5,"Poisson (area, tuned)",124,125,125,6,0.06792613716171855,1.3507165271091397,2.5701637502821075,0.6630399352844925,ok,FALSE
1,5,"Poisson (area, tuned)",124,125,125,6,0.1534763748336234,1.2410385449882166,2.214120329866441,0.7499313300843842,ok,FALSE
1,5,"Poisson (area, tuned)",124,125,125,6,0.34677369590428986,1.1686093989544273,1.9720590728826657,0.8016205485371807,ok,FALSE
1,5,"Poisson (area, tuned)",124,125,125,6,0.7835212181775894,1.1625018452524893,1.9525101617378662,0.8055341032753327,ok,TRUE
1,5,"Poisson (area, tuned)",124,125,125,6,1.7703346781640914,1.2496475262626805,2.148968054417383,0.764431745480616,ok,FALSE
1,5,"Poisson (area, tuned)",124,125,125,6,4,1.4200101843119806,2.5455122847926663,0.6694727733819232,ok,FALSE
12,6,"Poisson (area, tuned)",120,121,132,1,1.0000000000000009e-4,18.13995003376159,52.46331079308674,-66.85993295772772,ok,FALSE
1,6,"Poisson (area, tuned)",125,126,126,1,1.0000000000000009e-4,18.13995003376159,52.46331079308674,-66.85993295772772,ok,FALSE
12,6,"Poisson (area, tuned)",120,121,132,1,2.259459778615513e-4,18.130770190353292,52.43557960921382,-66.78821278234308,ok,FALSE
1,6,"Poisson (area, tuned)",125,126,126,1,2.259459778615513e-4,18.130770190353292,52.43557960921382,-66.78821278234308,ok,FALSE
12,6,"Poisson (area, tuned)",120,121,132,1,5.105158491181259e-4,18.00739128892835,52.0392031488441,-65.76722306084548,ok,FALSE
1,6,"Poisson (area, tuned)",125,126,126,1,5.105158491181259e-4,18.00739128892835,52.0392031488441,-65.76722306084548,ok,FALSE
12,6,"Poisson (area, tuned)",120,121,132,1,0.00115349002742815,17.691896313150682,51.02593881945008,-63.192463982466634,ok,FALSE
1,6,"Poisson (area, tuned)",125,126,126,1,0.00115349002742815,17.691896313150682,51.02593881945008,-63.192463982466634,ok,FALSE
12,6,"Poisson (area, tuned)",120,121,132,1,0.002606264322008008,16.992846935244522,48.788390026314794,-57.68606795078116,ok,FALSE
1,6,"Poisson (area, tuned)",125,126,126,1,0.002606264322008008,16.992846935244522,48.788390026314794,-57.68606795078116,ok,FALSE
12,6,"Poisson (area, tuned)",120,121,132,1,0.005888749408017718,15.474703790885334,43.969769945685144,-46.6661883583142,ok,FALSE
1,6,"Poisson (area, tuned)",125,126,126,1,0.005888749408017718,15.474703790885334,43.969769945685144,-46.6661883583142,ok,FALSE
12,6,"Poisson (area, tuned)",120,121,132,1,0.013305392433761935,12.500978598977387,34.69825547945117,-28.683651138665038,ok,FALSE
1,6,"Poisson (area, tuned)",125,126,126,1,0.013305392433761935,12.500978598977387,34.69825547945117,-28.683651138665038,ok,FALSE
12,6,"Poisson (area, tuned)",120,121,132,1,0.030062999042780234,7.669535199132101,20.111614837190668,-8.972313532269249,ok,FALSE
1,6,"Poisson (area, tuned)",125,126,126,1,0.030062999042780234,7.669535199132101,20.111614837190668,-8.972313532269249,ok,FALSE
12,6,"Poisson (area, tuned)",120,121,132,1,0.06792613716171855,2.8352475654727005,6.197364214465253,0.05307391935981731,ok,FALSE
1,6,"Poisson (area, tuned)",125,126,126,1,0.06792613716171855,2.8352475654727005,6.197364214465253,0.05307391935981731,ok,FALSE
12,6,"Poisson (area, tuned)",120,121,132,1,0.1534763748336234,1.3864759041811483,3.0065997768786477,0.7771291446135262,ok,FALSE
1,6,"Poisson (area, tuned)",125,126,126,1,0.1534763748336234,1.3864759041811483,3.0065997768786477,0.7771291446135262,ok,FALSE
12,6,"Poisson (area, tuned)",120,121,132,1,0.34677369590428986,1.9139935264482184,5.293476092813349,0.3091497006578181,ok,FALSE
1,6,"Poisson (area, tuned)",125,126,126,1,0.34677369590428986,1.9139935264482184,5.293476092813349,0.3091497006578181,ok,FALSE
12,6,"Poisson (area, tuned)",120,121,132,1,0.7835212181775894,2.1250180038417192,6.018674123585725,0.10689258115988487,ok,TRUE
1,6,"Poisson (area, tuned)",125,126,126,1,0.7835212181775894,2.1250180038417192,6.018674123585725,0.10689258115988487,ok,TRUE
12,6,"Poisson (area, tuned)",120,121,132,1,1.7703346781640914,2.1951566119407593,6.189015940387967,0.05562334965206428,ok,FALSE
1,6,"Poisson (area, tuned)",125,126,126,1,1.7703346781640914,2.1951566119407593,6.189015940387967,0.05562334965206428,ok,FALSE
12,6,"Poisson (area, tuned)",120,121,132,1,4,2.2196544474183826,6.145188602882863,0.06895114368580735,ok,FALSE
1,6,"Poisson (area, tuned)",125,126,126,1,4,2.2196544474183826,6.145188602882863,0.06895114368580735,ok,FALSE
12,6,"Poisson (area, tuned)",120,121,132,2,1.0000000000000009e-4,1.3224358625594463,3.20808635554629,0.696134230361265,ok,FALSE
1,6,"Poisson (area, tuned)",125,126,126,2,1.0000000000000009e-4,1.3224358625594463,3.20808635554629,0.696134230361265,ok,FALSE
12,6,"Poisson (area, tuned)",120,121,132,2,2.259459778615513e-4,1.326163383205123,3.225399634557814,0.6928455976906646,ok,FALSE
1,6,"Poisson (area, tuned)",125,126,126,2,2.259459778615513e-4,1.326163383205123,3.225399634557814,0.6928455976906646,ok,FALSE
12,6,"Poisson (area, tuned)",120,121,132,2,5.105158491181259e-4,1.3265996553495267,3.22733185109885,0.6924774779829963,ok,FALSE
1,6,"Poisson (area, tuned)",125,126,126,2,5.105158491181259e-4,1.3265996553495267,3.22733185109885,0.6924774779829963,ok,FALSE
12,6,"Poisson (area, tuned)",120,121,132,2,0.00115349002742815,1.3328528292576132,3.255986497025562,0.6869924092632265,ok,FALSE
1,6,"Poisson (area, tuned)",125,126,126,2,0.00115349002742815,1.3328528292576132,3.255986497025562,0.6869924092632265,ok,FALSE
12,6,"Poisson (area, tuned)",120,121,132,2,0.002606264322008008,1.3462579300901456,3.3174893635022022,0.6750558238678691,ok,FALSE
1,6,"Poisson (area, tuned)",125,126,126,2,0.002606264322008008,1.3462579300901456,3.3174893635022022,0.6750558238678691,ok,FALSE
12,6,"Poisson (area, tuned)",120,121,132,2,0.005888749408017718,1.373340816103987,3.4390708684211377,0.650801853265904,ok,FALSE
1,6,"Poisson (area, tuned)",125,126,126,2,0.005888749408017718,1.373340816103987,3.4390708684211377,0.650801853265904,ok,FALSE
12,6,"Poisson (area, tuned)",120,121,132,2,0.013305392433761935,1.4217419617506948,3.6392139852100986,0.608974693596191,ok,FALSE
1,6,"Poisson (area, tuned)",125,126,126,2,0.013305392433761935,1.4217419617506948,3.6392139852100986,0.608974693596191,ok,FALSE
12,6,"Poisson (area, tuned)",120,121,132,2,0.030062999042780234,1.4951625942692393,3.91912096600672,0.5465107293321083,ok,FALSE
1,6,"Poisson (area, tuned)",125,126,126,2,0.030062999042780234,1.4951625942692393,3.91912096600672,0.5465107293321083,ok,FALSE
12,6,"Poisson (area, tuned)",120,121,132,2,0.06792613716171855,1.5929492268028749,4.259054855623947,0.46443011727568273,ok,FALSE
1,6,"Poisson (area, tuned)",125,126,126,2,0.06792613716171855,1.5929492268028749,4.259054855623947,0.46443011727568273,ok,FALSE
12,6,"Poisson (area, tuned)",120,121,132,2,0.1534763748336234,1.6963658788753802,4.585195792923564,0.3792661201661558,ok,FALSE
1,6,"Poisson (area, tuned)",125,126,126,2,0.1534763748336234,1.6963658788753802,4.585195792923564,0.3792661201661558,ok,FALSE
12,6,"Poisson (area, tuned)",120,121,132,2,0.34677369590428986,1.7835462577931789,4.8343959710629605,0.30996023587364563,ok,FALSE
1,6,"Poisson (area, tuned)",125,126,126,2,0.34677369590428986,1.7835462577931789,4.8343959710629605,0.30996023587364563,ok,FALSE
12,6,"Poisson (area, tuned)",120,121,132,2,0.7835212181775894,1.844140851617902,4.962228218323263,0.27298537474681006,ok,TRUE
1,6,"Poisson (area, tuned)",125,126,126,2,0.7835212181775894,1.844140851617902,4.962228218323263,0.27298537474681006,ok,TRUE
12,6,"Poisson (area, tuned)",120,121,132,2,1.7703346781640914,1.8836131090417612,4.967604368463403,0.2714092049731638,ok,FALSE
1,6,"Poisson (area, tuned)",125,126,126,2,1.7703346781640914,1.8836131090417612,4.967604368463403,0.2714092049731638,ok,FALSE
12,6,"Poisson (area, tuned)",120,121,132,2,4,1.9254464203226065,4.920213214351042,0.28524446768730294,ok,FALSE
1,6,"Poisson (area, tuned)",125,126,126,2,4,1.9254464203226065,4.920213214351042,0.28524446768730294,ok,FALSE
12,6,"Poisson (area, tuned)",120,121,132,3,1.0000000000000009e-4,8.351904505548893,23.286752809050565,-21.441161935375476,ok,FALSE
1,6,"Poisson (area, tuned)",125,126,126,3,1.0000000000000009e-4,8.351904505548893,23.286752809050565,-21.441161935375476,ok,FALSE
12,6,"Poisson (area, tuned)",120,121,132,3,2.259459778615513e-4,8.340749666612917,23.253694370358048,-21.377491127002028,ok,FALSE
1,6,"Poisson (area, tuned)",125,126,126,3,2.259459778615513e-4,8.340749666612917,23.253694370358048,-21.377491127002028,ok,FALSE
12,6,"Poisson (area, tuned)",120,121,132,3,5.105158491181259e-4,8.330628262172805,23.224867050348784,-21.32204331413855,ok,FALSE
1,6,"Poisson (area, tuned)",125,126,126,3,5.105158491181259e-4,8.330628262172805,23.224867050348784,-21.32204331413855,ok,FALSE
12,6,"Poisson (area, tuned)",120,121,132,3,0.00115349002742815,8.252743372300252,22.992551391236958,-20.877707170963653,ok,FALSE
1,6,"Poisson (area, tuned)",125,126,126,3,0.00115349002742815,8.252743372300252,22.992551391236958,-20.877707170963653,ok,FALSE
12,6,"Poisson (area, tuned)",120,121,132,3,0.002606264322008008,8.084225841203352,22.48885002145531,-19.92965018374658,ok,FALSE
1,6,"Poisson (area, tuned)",125,126,126,3,0.002606264322008008,8.084225841203352,22.48885002145531,-19.92965018374658,ok,FALSE
12,6,"Poisson (area, tuned)",120,121,132,3,0.005888749408017718,7.7358631446345365,21.44759665831566,-18.036396452808596,ok,FALSE
1,6,"Poisson (area, tuned)",125,126,126,3,0.005888749408017718,7.7358631446345365,21.44759665831566,-18.036396452808596,ok,FALSE
12,6,"Poisson (area, tuned)",120,121,132,3,0.013305392433761935,7.115618555642353,19.59660224479457,-14.892383222376434,ok,FALSE
1,6,"Poisson (area, tuned)",125,126,126,3,0.013305392433761935,7.115618555642353,19.59660224479457,-14.892383222376434,ok,FALSE
12,6,"Poisson (area, tuned)",120,121,132,3,0.030062999042780234,6.135546708233684,16.6685215542329,-10.497982288146147,ok,FALSE
1,6,"Poisson (area, tuned)",125,126,126,3,0.030062999042780234,6.135546708233684,16.6685215542329,-10.497982288146147,ok,FALSE
12,6,"Poisson (area, tuned)",120,121,132,3,0.06792613716171855,4.7292827441812335,12.465624491427812,-5.430660083061325,ok,FALSE
1,6,"Poisson (area, tuned)",125,126,126,3,0.06792613716171855,4.7292827441812335,12.465624491427812,-5.430660083061325,ok,FALSE
12,6,"Poisson (area, tuned)",120,121,132,3,0.1534763748336234,3.2115110076665934,7.872617574872774,-1.564872517630361,ok,FALSE
1,6,"Poisson (area, tuned)",125,126,126,3,0.1534763748336234,3.2115110076665934,7.872617574872774,-1.564872517630361,ok,FALSE
12,6,"Poisson (area, tuned)",120,121,132,3,0.34677369590428986,2.0436140904130555,4.2630016468950025,0.24792963780439903,ok,FALSE
1,6,"Poisson (area, tuned)",125,126,126,3,0.34677369590428986,2.0436140904130555,4.2630016468950025,0.24792963780439903,ok,FALSE
12,6,"Poisson (area, tuned)",120,121,132,3,0.7835212181775894,1.5213587273754217,2.7656334043061004,0.6834686736107171,ok,TRUE
1,6,"Poisson (area, tuned)",125,126,126,3,0.7835212181775894,1.5213587273754217,2.7656334043061004,0.6834686736107171,ok,TRUE
12,6,"Poisson (area, tuned)",120,121,132,3,1.7703346781640914,1.5636977605448872,2.8358396913760324,0.6671942456114999,ok,FALSE
1,6,"Poisson (area, tuned)",125,126,126,3,1.7703346781640914,1.5636977605448872,2.8358396913760324,0.6671942456114999,ok,FALSE
12,6,"Poisson (area, tuned)",120,121,132,3,4,1.7391062907464452,3.2327635572696147,0.5675107104870363,ok,FALSE
1,6,"Poisson (area, tuned)",125,126,126,3,4,1.7391062907464452,3.2327635572696147,0.5675107104870363,ok,FALSE
12,6,"Poisson (area, tuned)",120,121,132,4,1.0000000000000009e-4,1.2284164502380306,2.713679819135858,0.6394349109925737,ok,FALSE
1,6,"Poisson (area, tuned)",125,126,126,4,1.0000000000000009e-4,1.2284164502380306,2.713679819135858,0.6394349109925737,ok,FALSE
12,6,"Poisson (area, tuned)",120,121,132,4,2.259459778615513e-4,1.2285569832220962,2.714239042698876,0.639286288248986,ok,FALSE
1,6,"Poisson (area, tuned)",125,126,126,4,2.259459778615513e-4,1.2285569832220962,2.714239042698876,0.639286288248986,ok,FALSE
12,6,"Poisson (area, tuned)",120,121,132,4,5.105158491181259e-4,1.2286887411782608,2.714746057548647,0.639151514349567,ok,FALSE
1,6,"Poisson (area, tuned)",125,126,126,4,5.105158491181259e-4,1.2286887411782608,2.714746057548647,0.639151514349567,ok,FALSE
12,6,"Poisson (area, tuned)",120,121,132,4,0.00115349002742815,1.2296884152212202,2.718911821034947,0.6380432244784727,ok,FALSE
1,6,"Poisson (area, tuned)",125,126,126,4,0.00115349002742815,1.2296884152212202,2.718911821034947,0.6380432244784727,ok,FALSE
12,6,"Poisson (area, tuned)",120,121,132,4,0.002606264322008008,1.2314376305171046,2.7259205389164465,0.6361747397327596,ok,FALSE
1,6,"Poisson (area, tuned)",125,126,126,4,0.002606264322008008,1.2314376305171046,2.7259205389164465,0.6361747397327596,ok,FALSE
12,6,"Poisson (area, tuned)",120,121,132,4,0.005888749408017718,1.2352151933962188,2.740759503893819,0.6322028815750036,ok,FALSE
1,6,"Poisson (area, tuned)",125,126,126,4,0.005888749408017718,1.2352151933962188,2.740759503893819,0.6322028815750036,ok,FALSE
12,6,"Poisson (area, tuned)",120,121,132,4,0.013305392433761935,1.2406353795640641,2.75896599276917,0.6273002000982089,ok,FALSE
1,6,"Poisson (area, tuned)",125,126,126,4,0.013305392433761935,1.2406353795640641,2.75896599276917,0.6273002000982089,ok,FALSE
12,6,"Poisson (area, tuned)",120,121,132,4,0.030062999042780234,1.2469831229201664,2.774382090852679,0.6231235420444239,ok,FALSE
1,6,"Poisson (area, tuned)",125,126,126,4,0.030062999042780234,1.2469831229201664,2.774382090852679,0.6231235420444239,ok,FALSE
12,6,"Poisson (area, tuned)",120,121,132,4,0.06792613716171855,1.253164840566173,2.778333824150119,0.6220491580096918,ok,FALSE
1,6,"Poisson (area, tuned)",125,126,126,4,0.06792613716171855,1.253164840566173,2.778333824150119,0.6220491580096918,ok,FALSE
12,6,"Poisson (area, tuned)",120,121,132,4,0.1534763748336234,1.2513961588532916,2.7303470687841442,0.634992173357223,ok,FALSE
1,6,"Poisson (area, tuned)",125,126,126,4,0.1534763748336234,1.2513961588532916,2.7303470687841442,0.634992173357223,ok,FALSE
12,6,"Poisson (area, tuned)",120,121,132,4,0.34677369590428986,1.2464898400194382,2.6285007300820262,0.6617150562438139,ok,FALSE
1,6,"Poisson (area, tuned)",125,126,126,4,0.34677369590428986,1.2464898400194382,2.6285007300820262,0.6617150562438139,ok,FALSE
12,6,"Poisson (area, tuned)",120,121,132,4,0.7835212181775894,1.2629460184525707,2.5386201989912918,0.6844545462632233,ok,TRUE
1,6,"Poisson (area, tuned)",125,126,126,4,0.7835212181775894,1.2629460184525707,2.5386201989912918,0.6844545462632233,ok,TRUE
12,6,"Poisson (area, tuned)",120,121,132,4,1.7703346781640914,1.336501951964738,2.565962462622823,0.6776207634491794,ok,FALSE
1,6,"Poisson (area, tuned)",125,126,126,4,1.7703346781640914,1.336501951964738,2.565962462622823,0.6776207634491794,ok,FALSE
12,6,"Poisson (area, tuned)",120,121,132,4,4,1.488750765701643,2.7949463437326463,0.6175158748574339,ok,FALSE
1,6,"Poisson (area, tuned)",125,126,126,4,4,1.488750765701643,2.7949463437326463,0.6175158748574339,ok,FALSE
12,6,"Poisson (area, tuned)",120,121,132,5,1.0000000000000009e-4,1.088700188343501,2.4849316176144267,0.7393426331836184,ok,FALSE
1,6,"Poisson (area, tuned)",125,126,126,5,1.0000000000000009e-4,1.088700188343501,2.4849316176144267,0.7393426331836184,ok,FALSE
12,6,"Poisson (area, tuned)",120,121,132,5,2.259459778615513e-4,1.0888460323734923,2.4858623692755897,0.7391473338758073,ok,FALSE
1,6,"Poisson (area, tuned)",125,126,126,5,2.259459778615513e-4,1.0888460323734923,2.4858623692755897,0.7391473338758073,ok,FALSE
12,6,"Poisson (area, tuned)",120,121,132,5,5.105158491181259e-4,1.0889857612606124,2.4867405406736856,0.7389630004104586,ok,FALSE
1,6,"Poisson (area, tuned)",125,126,126,5,5.105158491181259e-4,1.0889857612606124,2.4867405406736856,0.7389630004104586,ok,FALSE
12,6,"Poisson (area, tuned)",120,121,132,5,0.00115349002742815,1.089580728430838,2.4905536146581517,0.7381618581163859,ok,FALSE
1,6,"Poisson (area, tuned)",125,126,126,5,0.00115349002742815,1.089580728430838,2.4905536146581517,0.7381618581163859,ok,FALSE
12,6,"Poisson (area, tuned)",120,121,132,5,0.002606264322008008,1.0909584654103535,2.499128613019735,0.7363557320788968,ok,FALSE
1,6,"Poisson (area, tuned)",125,126,126,5,0.002606264322008008,1.0909584654103535,2.499128613019735,0.7363557320788968,ok,FALSE
12,6,"Poisson (area, tuned)",120,121,132,5,0.005888749408017718,1.0939142812491047,2.5169261171128743,0.7325872844194963,ok,FALSE
1,6,"Poisson (area, tuned)",125,126,126,5,0.005888749408017718,1.0939142812491047,2.5169261171128743,0.7325872844194963,ok,FALSE
12,6,"Poisson (area, tuned)",120,121,132,5,0.013305392433761935,1.0993135300908194,2.5479219274128897,0.7259603826330849,ok,FALSE
1,6,"Poisson (area, tuned)",125,126,126,5,0.013305392433761935,1.0993135300908194,2.5479219274128897,0.7259603826330849,ok,FALSE
12,6,"Poisson (area, tuned)",120,121,132,5,0.030062999042780234,1.1080269986666214,2.5901807110502664,0.7167947828984882,ok,FALSE
1,6,"Poisson (area, tuned)",125,126,126,5,0.030062999042780234,1.1080269986666214,2.5901807110502664,0.7167947828984882,ok,FALSE
12,6,"Poisson (area, tuned)",120,121,132,5,0.06792613716171855,1.1242263359097528,2.652300516862176,0.7030477778165505,ok,FALSE
1,6,"Poisson (area, tuned)",125,126,126,5,0.06792613716171855,1.1242263359097528,2.652300516862176,0.7030477778165505,ok,FALSE
12,6,"Poisson (area, tuned)",120,121,132,5,0.1534763748336234,1.1440903076826223,2.700901088211416,0.6920654072360928,ok,FALSE
1,6,"Poisson (area, tuned)",125,126,126,5,0.1534763748336234,1.1440903076826223,2.700901088211416,0.6920654072360928,ok,FALSE
12,6,"Poisson (area, tuned)",120,121,132,5,0.34677369590428986,1.1683023035875606,2.718198272837357,0.6881086112836798,ok,FALSE
1,6,"Poisson (area, tuned)",125,126,126,5,0.34677369590428986,1.1683023035875606,2.718198272837357,0.6881086112836798,ok,FALSE
12,6,"Poisson (area, tuned)",120,121,132,5,0.7835212181775894,1.2123638009855975,2.7323301140222425,0.6848571508486994,ok,TRUE
1,6,"Poisson (area, tuned)",125,126,126,5,0.7835212181775894,1.2123638009855975,2.7323301140222425,0.6848571508486994,ok,TRUE
12,6,"Poisson (area, tuned)",120,121,132,5,1.7703346781640914,1.3116591189758795,2.840000257292156,0.6595307621726478,ok,FALSE
1,6,"Poisson (area, tuned)",125,126,126,5,1.7703346781640914,1.3116591189758795,2.840000257292156,0.6595307621726478,ok,FALSE
12,6,"Poisson (area, tuned)",120,121,132,5,4,1.4947290417182153,3.142230977076917,0.5832099609069288,ok,FALSE
1,6,"Poisson (area, tuned)",125,126,126,5,4,1.4947290417182153,3.142230977076917,0.5832099609069288,ok,FALSE
12,6,"Poisson (area, tuned)",120,121,132,6,1.0000000000000009e-4,1.6223625083585382,3.3382071701554565,0.4315615897316698,ok,FALSE
1,6,"Poisson (area, tuned)",125,126,126,6,1.0000000000000009e-4,1.6223625083585382,3.3382071701554565,0.4315615897316698,ok,FALSE
12,6,"Poisson (area, tuned)",120,121,132,6,2.259459778615513e-4,1.6211161992504979,3.334798801364085,0.43272176856683664,ok,FALSE
1,6,"Poisson (area, tuned)",125,126,126,6,2.259459778615513e-4,1.6211161992504979,3.334798801364085,0.43272176856683664,ok,FALSE
12,6,"Poisson (area, tuned)",120,121,132,6,5.105158491181259e-4,1.6198491018865413,3.331542693084671,0.4338290123254156,ok,FALSE
1,6,"Poisson (area, tuned)",125,126,126,6,5.105158491181259e-4,1.6198491018865413,3.331542693084671,0.4338290123254156,ok,FALSE
12,6,"Poisson (area, tuned)",120,121,132,6,0.00115349002742815,1.6131115876731759,3.3130161592629617,0.44010839818940817,ok,FALSE
1,6,"Poisson (area, tuned)",125,126,126,6,0.00115349002742815,1.6131115876731759,3.3130161592629617,0.44010839818940817,ok,FALSE
12,6,"Poisson (area, tuned)",120,121,132,6,0.002606264322008008,1.6009532237587965,3.2793942141831254,0.45141478692983483,ok,FALSE
1,6,"Poisson (area, tuned)",125,126,126,6,0.002606264322008008,1.6009532237587965,3.2793942141831254,0.45141478692983483,ok,FALSE
12,6,"Poisson (area, tuned)",120,121,132,6,0.005888749408017718,1.578149856494601,3.215927479638235,0.4724430627082591,ok,FALSE
1,6,"Poisson (area, tuned)",125,126,126,6,0.005888749408017718,1.578149856494601,3.215927479638235,0.4724430627082591,ok,FALSE
12,6,"Poisson (area, tuned)",120,121,132,6,0.013305392433761935,1.5342957348960047,3.094375265318746,0.5115694649433022,ok,FALSE
1,6,"Poisson (area, tuned)",125,126,126,6,0.013305392433761935,1.5342957348960047,3.094375265318746,0.5115694649433022,ok,FALSE
12,6,"Poisson (area, tuned)",120,121,132,6,0.030062999042780234,1.4621783960445152,2.8949755455991806,0.5724896396293724,ok,FALSE
1,6,"Poisson (area, tuned)",125,126,126,6,0.030062999042780234,1.4621783960445152,2.8949755455991806,0.5724896396293724,ok,FALSE
12,6,"Poisson (area, tuned)",120,121,132,6,0.06792613716171855,1.3507165271091397,2.5701637502821075,0.6630399352844925,ok,FALSE
1,6,"Poisson (area, tuned)",125,126,126,6,0.06792613716171855,1.3507165271091397,2.5701637502821075,0.6630399352844925,ok,FALSE
12,6,"Poisson (area, tuned)",120,121,132,6,0.1534763748336234,1.2410385449882166,2.214120329866441,0.7499313300843842,ok,FALSE
1,6,"Poisson (area, tuned)",125,126,126,6,0.1534763748336234,1.2410385449882166,2.214120329866441,0.7499313300843842,ok,FALSE
12,6,"Poisson (area, tuned)",120,121,132,6,0.34677369590428986,1.1686093989544273,1.9720590728826657,0.8016205485371807,ok,FALSE
1,6,"Poisson (area, tuned)",125,126,126,6,0.34677369590428986,1.1686093989544273,1.9720590728826657,0.8016205485371807,ok,FALSE
12,6,"Poisson (area, tuned)",120,121,132,6,0.7835212181775894,1.1625018452524893,1.9525101617378662,0.8055341032753327,ok,TRUE
1,6,"Poisson (area, tuned)",125,126,126,6,0.7835212181775894,1.1625018452524893,1.9525101617378662,0.8055341032753327,ok,TRUE
12,6,"Poisson (area, tuned)",120,121,132,6,1.7703346781640914,1.2496475262626805,2.148968054417383,0.764431745480616,ok,FALSE
1,6,"Poisson (area, tuned)",125,126,126,6,1.7703346781640914,1.2496475262626805,2.148968054417383,0.764431745480616,ok,FALSE
12,6,"Poisson (area, tuned)",120,121,132,6,4,1.4200101843119806,2.5455122847926663,0.6694727733819232,ok,FALSE
1,6,"Poisson (area, tuned)",125,126,126,6,4,1.4200101843119806,2.5455122847926663,0.6694727733819232,ok,FALSE
1,7,"Poisson (area, tuned)",126,127,127,1,1.0000000000000009e-4,18.13995003376159,52.46331079308674,-66.85993295772772,ok,FALSE
1,7,"Poisson (area, tuned)",126,127,127,1,2.259459778615513e-4,18.130770190353292,52.43557960921382,-66.78821278234308,ok,FALSE
1,7,"Poisson (area, tuned)",126,127,127,1,5.105158491181259e-4,18.00739128892835,52.0392031488441,-65.76722306084548,ok,FALSE
1,7,"Poisson (area, tuned)",126,127,127,1,0.00115349002742815,17.691896313150682,51.02593881945008,-63.192463982466634,ok,FALSE
1,7,"Poisson (area, tuned)",126,127,127,1,0.002606264322008008,16.992846935244522,48.788390026314794,-57.68606795078116,ok,FALSE
1,7,"Poisson (area, tuned)",126,127,127,1,0.005888749408017718,15.474703790885334,43.969769945685144,-46.6661883583142,ok,FALSE
1,7,"Poisson (area, tuned)",126,127,127,1,0.013305392433761935,12.500978598977387,34.69825547945117,-28.683651138665038,ok,FALSE
1,7,"Poisson (area, tuned)",126,127,127,1,0.030062999042780234,7.669535199132101,20.111614837190668,-8.972313532269249,ok,FALSE
1,7,"Poisson (area, tuned)",126,127,127,1,0.06792613716171855,2.8352475654727005,6.197364214465253,0.05307391935981731,ok,FALSE
1,7,"Poisson (area, tuned)",126,127,127,1,0.1534763748336234,1.3864759041811483,3.0065997768786477,0.7771291446135262,ok,FALSE
1,7,"Poisson (area, tuned)",126,127,127,1,0.34677369590428986,1.9139935264482184,5.293476092813349,0.3091497006578181,ok,FALSE
1,7,"Poisson (area, tuned)",126,127,127,1,0.7835212181775894,2.1250180038417192,6.018674123585725,0.10689258115988487,ok,TRUE
1,7,"Poisson (area, tuned)",126,127,127,1,1.7703346781640914,2.1951566119407593,6.189015940387967,0.05562334965206428,ok,FALSE
1,7,"Poisson (area, tuned)",126,127,127,1,4,2.2196544474183826,6.145188602882863,0.06895114368580735,ok,FALSE
1,7,"Poisson (area, tuned)",126,127,127,2,1.0000000000000009e-4,1.3224358625594463,3.20808635554629,0.696134230361265,ok,FALSE
1,7,"Poisson (area, tuned)",126,127,127,2,2.259459778615513e-4,1.326163383205123,3.225399634557814,0.6928455976906646,ok,FALSE
1,7,"Poisson (area, tuned)",126,127,127,2,5.105158491181259e-4,1.3265996553495267,3.22733185109885,0.6924774779829963,ok,FALSE
1,7,"Poisson (area, tuned)",126,127,127,2,0.00115349002742815,1.3328528292576132,3.255986497025562,0.6869924092632265,ok,FALSE
1,7,"Poisson (area, tuned)",126,127,127,2,0.002606264322008008,1.3462579300901456,3.3174893635022022,0.6750558238678691,ok,FALSE
1,7,"Poisson (area, tuned)",126,127,127,2,0.005888749408017718,1.373340816103987,3.4390708684211377,0.650801853265904,ok,FALSE
1,7,"Poisson (area, tuned)",126,127,127,2,0.013305392433761935,1.4217419617506948,3.6392139852100986,0.608974693596191,ok,FALSE
1,7,"Poisson (area, tuned)",126,127,127,2,0.030062999042780234,1.4951625942692393,3.91912096600672,0.5465107293321083,ok,FALSE
1,7,"Poisson (area, tuned)",126,127,127,2,0.06792613716171855,1.5929492268028749,4.259054855623947,0.46443011727568273,ok,FALSE
1,7,"Poisson (area, tuned)",126,127,127,2,0.1534763748336234,1.6963658788753802,4.585195792923564,0.3792661201661558,ok,FALSE
1,7,"Poisson (area, tuned)",126,127,127,2,0.34677369590428986,1.7835462577931789,4.8343959710629605,0.30996023587364563,ok,FALSE
1,7,"Poisson (area, tuned)",126,127,127,2,0.7835212181775894,1.844140851617902,4.962228218323263,0.27298537474681006,ok,TRUE
1,7,"Poisson (area, tuned)",126,127,127,2,1.7703346781640914,1.8836131090417612,4.967604368463403,0.2714092049731638,ok,FALSE
1,7,"Poisson (area, tuned)",126,127,127,2,4,1.9254464203226065,4.920213214351042,0.28524446768730294,ok,FALSE
1,7,"Poisson (area, tuned)",126,127,127,3,1.0000000000000009e-4,8.351904505548893,23.286752809050565,-21.441161935375476,ok,FALSE
1,7,"Poisson (area, tuned)",126,127,127,3,2.259459778615513e-4,8.340749666612917,23.253694370358048,-21.377491127002028,ok,FALSE
1,7,"Poisson (area, tuned)",126,127,127,3,5.105158491181259e-4,8.330628262172805,23.224867050348784,-21.32204331413855,ok,FALSE
1,7,"Poisson (area, tuned)",126,127,127,3,0.00115349002742815,8.252743372300252,22.992551391236958,-20.877707170963653,ok,FALSE
1,7,"Poisson (area, tuned)",126,127,127,3,0.002606264322008008,8.084225841203352,22.48885002145531,-19.92965018374658,ok,FALSE
1,7,"Poisson (area, tuned)",126,127,127,3,0.005888749408017718,7.7358631446345365,21.44759665831566,-18.036396452808596,ok,FALSE
1,7,"Poisson (area, tuned)",126,127,127,3,0.013305392433761935,7.115618555642353,19.59660224479457,-14.892383222376434,ok,FALSE
1,7,"Poisson (area, tuned)",126,127,127,3,0.030062999042780234,6.135546708233684,16.6685215542329,-10.497982288146147,ok,FALSE
1,7,"Poisson (area, tuned)",126,127,127,3,0.06792613716171855,4.7292827441812335,12.465624491427812,-5.430660083061325,ok,FALSE
1,7,"Poisson (area, tuned)",126,127,127,3,0.1534763748336234,3.2115110076665934,7.872617574872774,-1.564872517630361,ok,FALSE
1,7,"Poisson (area, tuned)",126,127,127,3,0.34677369590428986,2.0436140904130555,4.2630016468950025,0.24792963780439903,ok,FALSE
1,7,"Poisson (area, tuned)",126,127,127,3,0.7835212181775894,1.5213587273754217,2.7656334043061004,0.6834686736107171,ok,TRUE
1,7,"Poisson (area, tuned)",126,127,127,3,1.7703346781640914,1.5636977605448872,2.8358396913760324,0.6671942456114999,ok,FALSE
1,7,"Poisson (area, tuned)",126,127,127,3,4,1.7391062907464452,3.2327635572696147,0.5675107104870363,ok,FALSE
1,7,"Poisson (area, tuned)",126,127,127,4,1.0000000000000009e-4,1.2284164502380306,2.713679819135858,0.6394349109925737,ok,FALSE
1,7,"Poisson (area, tuned)",126,127,127,4,2.259459778615513e-4,1.2285569832220962,2.714239042698876,0.639286288248986,ok,FALSE
1,7,"Poisson (area, tuned)",126,127,127,4,5.105158491181259e-4,1.2286887411782608,2.714746057548647,0.639151514349567,ok,FALSE
1,7,"Poisson (area, tuned)",126,127,127,4,0.00115349002742815,1.2296884152212202,2.718911821034947,0.6380432244784727,ok,FALSE
1,7,"Poisson (area, tuned)",126,127,127,4,0.002606264322008008,1.2314376305171046,2.7259205389164465,0.6361747397327596,ok,FALSE
1,7,"Poisson (area, tuned)",126,127,127,4,0.005888749408017718,1.2352151933962188,2.740759503893819,0.6322028815750036,ok,FALSE
1,7,"Poisson (area, tuned)",126,127,127,4,0.013305392433761935,1.2406353795640641,2.75896599276917,0.6273002000982089,ok,FALSE
1,7,"Poisson (area, tuned)",126,127,127,4,0.030062999042780234,1.2469831229201664,2.774382090852679,0.6231235420444239,ok,FALSE
1,7,"Poisson (area, tuned)",126,127,127,4,0.06792613716171855,1.253164840566173,2.778333824150119,0.6220491580096918,ok,FALSE
1,7,"Poisson (area, tuned)",126,127,127,4,0.1534763748336234,1.2513961588532916,2.7303470687841442,0.634992173357223,ok,FALSE
1,7,"Poisson (area, tuned)",126,127,127,4,0.34677369590428986,1.2464898400194382,2.6285007300820262,0.6617150562438139,ok,FALSE
1,7,"Poisson (area, tuned)",126,127,127,4,0.7835212181775894,1.2629460184525707,2.5386201989912918,0.6844545462632233,ok,TRUE
1,7,"Poisson (area, tuned)",126,127,127,4,1.7703346781640914,1.336501951964738,2.565962462622823,0.6776207634491794,ok,FALSE
1,7,"Poisson (area, tuned)",126,127,127,4,4,1.488750765701643,2.7949463437326463,0.6175158748574339,ok,FALSE
1,7,"Poisson (area, tuned)",126,127,127,5,1.0000000000000009e-4,1.088700188343501,2.4849316176144267,0.7393426331836184,ok,FALSE
1,7,"Poisson (area, tuned)",126,127,127,5,2.259459778615513e-4,1.0888460323734923,2.4858623692755897,0.7391473338758073,ok,FALSE
1,7,"Poisson (area, tuned)",126,127,127,5,5.105158491181259e-4,1.0889857612606124,2.4867405406736856,0.7389630004104586,ok,FALSE
1,7,"Poisson (area, tuned)",126,127,127,5,0.00115349002742815,1.089580728430838,2.4905536146581517,0.7381618581163859,ok,FALSE
1,7,"Poisson (area, tuned)",126,127,127,5,0.002606264322008008,1.0909584654103535,2.499128613019735,0.7363557320788968,ok,FALSE
1,7,"Poisson (area, tuned)",126,127,127,5,0.005888749408017718,1.0939142812491047,2.5169261171128743,0.7325872844194963,ok,FALSE
1,7,"Poisson (area, tuned)",126,127,127,5,0.013305392433761935,1.0993135300908194,2.5479219274128897,0.7259603826330849,ok,FALSE
1,7,"Poisson (area, tuned)",126,127,127,5,0.030062999042780234,1.1080269986666214,2.5901807110502664,0.7167947828984882,ok,FALSE
1,7,"Poisson (area, tuned)",126,127,127,5,0.06792613716171855,1.1242263359097528,2.652300516862176,0.7030477778165505,ok,FALSE
1,7,"Poisson (area, tuned)",126,127,127,5,0.1534763748336234,1.1440903076826223,2.700901088211416,0.6920654072360928,ok,FALSE
1,7,"Poisson (area, tuned)",126,127,127,5,0.34677369590428986,1.1683023035875606,2.718198272837357,0.6881086112836798,ok,FALSE
1,7,"Poisson (area, tuned)",126,127,127,5,0.7835212181775894,1.2123638009855975,2.7323301140222425,0.6848571508486994,ok,TRUE
1,7,"Poisson (area, tuned)",126,127,127,5,1.7703346781640914,1.3116591189758795,2.840000257292156,0.6595307621726478,ok,FALSE
1,7,"Poisson (area, tuned)",126,127,127,5,4,1.4947290417182153,3.142230977076917,0.5832099609069288,ok,FALSE
1,7,"Poisson (area, tuned)",126,127,127,6,1.0000000000000009e-4,1.6223625083585382,3.3382071701554565,0.4315615897316698,ok,FALSE
1,7,"Poisson (area, tuned)",126,127,127,6,2.259459778615513e-4,1.6211161992504979,3.334798801364085,0.43272176856683664,ok,FALSE
1,7,"Poisson (area, tuned)",126,127,127,6,5.105158491181259e-4,1.6198491018865413,3.331542693084671,0.4338290123254156,ok,FALSE
1,7,"Poisson (area, tuned)",126,127,127,6,0.00115349002742815,1.6131115876731759,3.3130161592629617,0.44010839818940817,ok,FALSE
1,7,"Poisson (area, tuned)",126,127,127,6,0.002606264322008008,1.6009532237587965,3.2793942141831254,0.45141478692983483,ok,FALSE
1,7,"Poisson (area, tuned)",126,127,127,6,0.005888749408017718,1.578149856494601,3.215927479638235,0.4724430627082591,ok,FALSE
1,7,"Poisson (area, tuned)",126,127,127,6,0.013305392433761935,1.5342957348960047,3.094375265318746,0.5115694649433022,ok,FALSE
1,7,"Poisson (area, tuned)",126,127,127,6,0.030062999042780234,1.4621783960445152,2.8949755455991806,0.5724896396293724,ok,FALSE
1,7,"Poisson (area, tuned)",126,127,127,6,0.06792613716171855,1.3507165271091397,2.5701637502821075,0.6630399352844925,ok,FALSE
1,7,"Poisson (area, tuned)",126,127,127,6,0.1534763748336234,1.2410385449882166,2.214120329866441,0.7499313300843842,ok,FALSE
1,7,"Poisson (area, tuned)",126,127,127,6,0.34677369590428986,1.1686093989544273,1.9720590728826657,0.8016205485371807,ok,FALSE
1,7,"Poisson (area, tuned)",126,127,127,6,0.7835212181775894,1.1625018452524893,1.9525101617378662,0.8055341032753327,ok,TRUE
1,7,"Poisson (area, tuned)",126,127,127,6,1.7703346781640914,1.2496475262626805,2.148968054417383,0.764431745480616,ok,FALSE
1,7,"Poisson (area, tuned)",126,127,127,6,4,1.4200101843119806,2.5455122847926663,0.6694727733819232,ok,FALSE
1,8,"Poisson (area, tuned)",127,128,128,1,1.0000000000000009e-4,18.13995003376159,52.46331079308674,-66.85993295772772,ok,FALSE
1,8,"Poisson (area, tuned)",127,128,128,1,2.259459778615513e-4,18.130770190353292,52.43557960921382,-66.78821278234308,ok,FALSE
1,8,"Poisson (area, tuned)",127,128,128,1,5.105158491181259e-4,18.00739128892835,52.0392031488441,-65.76722306084548,ok,FALSE
1,8,"Poisson (area, tuned)",127,128,128,1,0.00115349002742815,17.691896313150682,51.02593881945008,-63.192463982466634,ok,FALSE
1,8,"Poisson (area, tuned)",127,128,128,1,0.002606264322008008,16.992846935244522,48.788390026314794,-57.68606795078116,ok,FALSE
1,8,"Poisson (area, tuned)",127,128,128,1,0.005888749408017718,15.474703790885334,43.969769945685144,-46.6661883583142,ok,FALSE
1,8,"Poisson (area, tuned)",127,128,128,1,0.013305392433761935,12.500978598977387,34.69825547945117,-28.683651138665038,ok,FALSE
1,8,"Poisson (area, tuned)",127,128,128,1,0.030062999042780234,7.669535199132101,20.111614837190668,-8.972313532269249,ok,FALSE
1,8,"Poisson (area, tuned)",127,128,128,1,0.06792613716171855,2.8352475654727005,6.197364214465253,0.05307391935981731,ok,FALSE
1,8,"Poisson (area, tuned)",127,128,128,1,0.1534763748336234,1.3864759041811483,3.0065997768786477,0.7771291446135262,ok,FALSE
1,8,"Poisson (area, tuned)",127,128,128,1,0.34677369590428986,1.9139935264482184,5.293476092813349,0.3091497006578181,ok,FALSE
1,8,"Poisson (area, tuned)",127,128,128,1,0.7835212181775894,2.1250180038417192,6.018674123585725,0.10689258115988487,ok,TRUE
1,8,"Poisson (area, tuned)",127,128,128,1,1.7703346781640914,2.1951566119407593,6.189015940387967,0.05562334965206428,ok,FALSE
1,8,"Poisson (area, tuned)",127,128,128,1,4,2.2196544474183826,6.145188602882863,0.06895114368580735,ok,FALSE
1,8,"Poisson (area, tuned)",127,128,128,2,1.0000000000000009e-4,1.3224358625594463,3.20808635554629,0.696134230361265,ok,FALSE
1,8,"Poisson (area, tuned)",127,128,128,2,2.259459778615513e-4,1.326163383205123,3.225399634557814,0.6928455976906646,ok,FALSE
1,8,"Poisson (area, tuned)",127,128,128,2,5.105158491181259e-4,1.3265996553495267,3.22733185109885,0.6924774779829963,ok,FALSE
1,8,"Poisson (area, tuned)",127,128,128,2,0.00115349002742815,1.3328528292576132,3.255986497025562,0.6869924092632265,ok,FALSE
1,8,"Poisson (area, tuned)",127,128,128,2,0.002606264322008008,1.3462579300901456,3.3174893635022022,0.6750558238678691,ok,FALSE
1,8,"Poisson (area, tuned)",127,128,128,2,0.005888749408017718,1.373340816103987,3.4390708684211377,0.650801853265904,ok,FALSE
1,8,"Poisson (area, tuned)",127,128,128,2,0.013305392433761935,1.4217419617506948,3.6392139852100986,0.608974693596191,ok,FALSE
1,8,"Poisson (area, tuned)",127,128,128,2,0.030062999042780234,1.4951625942692393,3.91912096600672,0.5465107293321083,ok,FALSE
1,8,"Poisson (area, tuned)",127,128,128,2,0.06792613716171855,1.5929492268028749,4.259054855623947,0.46443011727568273,ok,FALSE
1,8,"Poisson (area, tuned)",127,128,128,2,0.1534763748336234,1.6963658788753802,4.585195792923564,0.3792661201661558,ok,FALSE
1,8,"Poisson (area, tuned)",127,128,128,2,0.34677369590428986,1.7835462577931789,4.8343959710629605,0.30996023587364563,ok,FALSE
1,8,"Poisson (area, tuned)",127,128,128,2,0.7835212181775894,1.844140851617902,4.962228218323263,0.27298537474681006,ok,TRUE
1,8,"Poisson (area, tuned)",127,128,128,2,1.7703346781640914,1.8836131090417612,4.967604368463403,0.2714092049731638,ok,FALSE
1,8,"Poisson (area, tuned)",127,128,128,2,4,1.9254464203226065,4.920213214351042,0.28524446768730294,ok,FALSE
1,8,"Poisson (area, tuned)",127,128,128,3,1.0000000000000009e-4,8.351904505548893,23.286752809050565,-21.441161935375476,ok,FALSE
1,8,"Poisson (area, tuned)",127,128,128,3,2.259459778615513e-4,8.340749666612917,23.253694370358048,-21.377491127002028,ok,FALSE
1,8,"Poisson (area, tuned)",127,128,128,3,5.105158491181259e-4,8.330628262172805,23.224867050348784,-21.32204331413855,ok,FALSE
1,8,"Poisson (area, tuned)",127,128,128,3,0.00115349002742815,8.252743372300252,22.992551391236958,-20.877707170963653,ok,FALSE
1,8,"Poisson (area, tuned)",127,128,128,3,0.002606264322008008,8.084225841203352,22.48885002145531,-19.92965018374658,ok,FALSE
1,8,"Poisson (area, tuned)",127,128,128,3,0.005888749408017718,7.7358631446345365,21.44759665831566,-18.036396452808596,ok,FALSE
1,8,"Poisson (area, tuned)",127,128,128,3,0.013305392433761935,7.115618555642353,19.59660224479457,-14.892383222376434,ok,FALSE
1,8,"Poisson (area, tuned)",127,128,128,3,0.030062999042780234,6.135546708233684,16.6685215542329,-10.497982288146147,ok,FALSE
1,8,"Poisson (area, tuned)",127,128,128,3,0.06792613716171855,4.7292827441812335,12.465624491427812,-5.430660083061325,ok,FALSE
1,8,"Poisson (area, tuned)",127,128,128,3,0.1534763748336234,3.2115110076665934,7.872617574872774,-1.564872517630361,ok,FALSE
1,8,"Poisson (area, tuned)",127,128,128,3,0.34677369590428986,2.0436140904130555,4.2630016468950025,0.24792963780439903,ok,FALSE
1,8,"Poisson (area, tuned)",127,128,128,3,0.7835212181775894,1.5213587273754217,2.7656334043061004,0.6834686736107171,ok,TRUE
1,8,"Poisson (area, tuned)",127,128,128,3,1.7703346781640914,1.5636977605448872,2.8358396913760324,0.6671942456114999,ok,FALSE
1,8,"Poisson (area, tuned)",127,128,128,3,4,1.7391062907464452,3.2327635572696147,0.5675107104870363,ok,FALSE
1,8,"Poisson (area, tuned)",127,128,128,4,1.0000000000000009e-4,1.2284164502380306,2.713679819135858,0.6394349109925737,ok,FALSE
1,8,"Poisson (area, tuned)",127,128,128,4,2.259459778615513e-4,1.2285569832220962,2.714239042698876,0.639286288248986,ok,FALSE
1,8,"Poisson (area, tuned)",127,128,128,4,5.105158491181259e-4,1.2286887411782608,2.714746057548647,0.639151514349567,ok,FALSE
1,8,"Poisson (area, tuned)",127,128,128,4,0.00115349002742815,1.2296884152212202,2.718911821034947,0.6380432244784727,ok,FALSE
1,8,"Poisson (area, tuned)",127,128,128,4,0.002606264322008008,1.2314376305171046,2.7259205389164465,0.6361747397327596,ok,FALSE
1,8,"Poisson (area, tuned)",127,128,128,4,0.005888749408017718,1.2352151933962188,2.740759503893819,0.6322028815750036,ok,FALSE
1,8,"Poisson (area, tuned)",127,128,128,4,0.013305392433761935,1.2406353795640641,2.75896599276917,0.6273002000982089,ok,FALSE
1,8,"Poisson (area, tuned)",127,128,128,4,0.030062999042780234,1.2469831229201664,2.774382090852679,0.6231235420444239,ok,FALSE
1,8,"Poisson (area, tuned)",127,128,128,4,0.06792613716171855,1.253164840566173,2.778333824150119,0.6220491580096918,ok,FALSE
1,8,"Poisson (area, tuned)",127,128,128,4,0.1534763748336234,1.2513961588532916,2.7303470687841442,0.634992173357223,ok,FALSE
1,8,"Poisson (area, tuned)",127,128,128,4,0.34677369590428986,1.2464898400194382,2.6285007300820262,0.6617150562438139,ok,FALSE
1,8,"Poisson (area, tuned)",127,128,128,4,0.7835212181775894,1.2629460184525707,2.5386201989912918,0.6844545462632233,ok,TRUE
1,8,"Poisson (area, tuned)",127,128,128,4,1.7703346781640914,1.336501951964738,2.565962462622823,0.6776207634491794,ok,FALSE
1,8,"Poisson (area, tuned)",127,128,128,4,4,1.488750765701643,2.7949463437326463,0.6175158748574339,ok,FALSE
1,8,"Poisson (area, tuned)",127,128,128,5,1.0000000000000009e-4,1.088700188343501,2.4849316176144267,0.7393426331836184,ok,FALSE
1,8,"Poisson (area, tuned)",127,128,128,5,2.259459778615513e-4,1.0888460323734923,2.4858623692755897,0.7391473338758073,ok,FALSE
1,8,"Poisson (area, tuned)",127,128,128,5,5.105158491181259e-4,1.0889857612606124,2.4867405406736856,0.7389630004104586,ok,FALSE
1,8,"Poisson (area, tuned)",127,128,128,5,0.00115349002742815,1.089580728430838,2.4905536146581517,0.7381618581163859,ok,FALSE
1,8,"Poisson (area, tuned)",127,128,128,5,0.002606264322008008,1.0909584654103535,2.499128613019735,0.7363557320788968,ok,FALSE
1,8,"Poisson (area, tuned)",127,128,128,5,0.005888749408017718,1.0939142812491047,2.5169261171128743,0.7325872844194963,ok,FALSE
1,8,"Poisson (area, tuned)",127,128,128,5,0.013305392433761935,1.0993135300908194,2.5479219274128897,0.7259603826330849,ok,FALSE
1,8,"Poisson (area, tuned)",127,128,128,5,0.030062999042780234,1.1080269986666214,2.5901807110502664,0.7167947828984882,ok,FALSE
1,8,"Poisson (area, tuned)",127,128,128,5,0.06792613716171855,1.1242263359097528,2.652300516862176,0.7030477778165505,ok,FALSE
1,8,"Poisson (area, tuned)",127,128,128,5,0.1534763748336234,1.1440903076826223,2.700901088211416,0.6920654072360928,ok,FALSE
1,8,"Poisson (area, tuned)",127,128,128,5,0.34677369590428986,1.1683023035875606,2.718198272837357,0.6881086112836798,ok,FALSE
1,8,"Poisson (area, tuned)",127,128,128,5,0.7835212181775894,1.2123638009855975,2.7323301140222425,0.6848571508486994,ok,TRUE
1,8,"Poisson (area, tuned)",127,128,128,5,1.7703346781640914,1.3116591189758795,2.840000257292156,0.6595307621726478,ok,FALSE
1,8,"Poisson (area, tuned)",127,128,128,5,4,1.4947290417182153,3.142230977076917,0.5832099609069288,ok,FALSE
1,8,"Poisson (area, tuned)",127,128,128,6,1.0000000000000009e-4,1.6223625083585382,3.3382071701554565,0.4315615897316698,ok,FALSE
1,8,"Poisson (area, tuned)",127,128,128,6,2.259459778615513e-4,1.6211161992504979,3.334798801364085,0.43272176856683664,ok,FALSE
1,8,"Poisson (area, tuned)",127,128,128,6,5.105158491181259e-4,1.6198491018865413,3.331542693084671,0.4338290123254156,ok,FALSE
1,8,"Poisson (area, tuned)",127,128,128,6,0.00115349002742815,1.6131115876731759,3.3130161592629617,0.44010839818940817,ok,FALSE
1,8,"Poisson (area, tuned)",127,128,128,6,0.002606264322008008,1.6009532237587965,3.2793942141831254,0.45141478692983483,ok,FALSE
1,8,"Poisson (area, tuned)",127,128,128,6,0.005888749408017718,1.578149856494601,3.215927479638235,0.4724430627082591,ok,FALSE
1,8,"Poisson (area, tuned)",127,128,128,6,0.013305392433761935,1.5342957348960047,3.094375265318746,0.5115694649433022,ok,FALSE
1,8,"Poisson (area, tuned)",127,128,128,6,0.030062999042780234,1.4621783960445152,2.8949755455991806,0.5724896396293724,ok,FALSE
1,8,"Poisson (area, tuned)",127,128,128,6,0.06792613716171855,1.3507165271091397,2.5701637502821075,0.6630399352844925,ok,FALSE
1,8,"Poisson (area, tuned)",127,128,128,6,0.1534763748336234,1.2410385449882166,2.214120329866441,0.7499313300843842,ok,FALSE
1,8,"Poisson (area, tuned)",127,128,128,6,0.34677369590428986,1.1686093989544273,1.9720590728826657,0.8016205485371807,ok,FALSE
1,8,"Poisson (area, tuned)",127,128,128,6,0.7835212181775894,1.1625018452524893,1.9525101617378662,0.8055341032753327,ok,TRUE
1,8,"Poisson (area, tuned)",127,128,128,6,1.7703346781640914,1.2496475262626805,2.148968054417383,0.764431745480616,ok,FALSE
1,8,"Poisson (area, tuned)",127,128,128,6,4,1.4200101843119806,2.5455122847926663,0.6694727733819232,ok,FALSE
1,9,"Poisson (area, tuned)",128,129,129,1,1.0000000000000009e-4,18.13995003376159,52.46331079308674,-66.85993295772772,ok,FALSE
1,9,"Poisson (area, tuned)",128,129,129,1,2.259459778615513e-4,18.130770190353292,52.43557960921382,-66.78821278234308,ok,FALSE
1,9,"Poisson (area, tuned)",128,129,129,1,5.105158491181259e-4,18.00739128892835,52.0392031488441,-65.76722306084548,ok,FALSE
1,9,"Poisson (area, tuned)",128,129,129,1,0.00115349002742815,17.691896313150682,51.02593881945008,-63.192463982466634,ok,FALSE
1,9,"Poisson (area, tuned)",128,129,129,1,0.002606264322008008,16.992846935244522,48.788390026314794,-57.68606795078116,ok,FALSE
1,9,"Poisson (area, tuned)",128,129,129,1,0.005888749408017718,15.474703790885334,43.969769945685144,-46.6661883583142,ok,FALSE
1,9,"Poisson (area, tuned)",128,129,129,1,0.013305392433761935,12.500978598977387,34.69825547945117,-28.683651138665038,ok,FALSE
1,9,"Poisson (area, tuned)",128,129,129,1,0.030062999042780234,7.669535199132101,20.111614837190668,-8.972313532269249,ok,FALSE
1,9,"Poisson (area, tuned)",128,129,129,1,0.06792613716171855,2.8352475654727005,6.197364214465253,0.05307391935981731,ok,FALSE
1,9,"Poisson (area, tuned)",128,129,129,1,0.1534763748336234,1.3864759041811483,3.0065997768786477,0.7771291446135262,ok,FALSE
1,9,"Poisson (area, tuned)",128,129,129,1,0.34677369590428986,1.9139935264482184,5.293476092813349,0.3091497006578181,ok,FALSE
1,9,"Poisson (area, tuned)",128,129,129,1,0.7835212181775894,2.1250180038417192,6.018674123585725,0.10689258115988487,ok,TRUE
1,9,"Poisson (area, tuned)",128,129,129,1,1.7703346781640914,2.1951566119407593,6.189015940387967,0.05562334965206428,ok,FALSE
1,9,"Poisson (area, tuned)",128,129,129,1,4,2.2196544474183826,6.145188602882863,0.06895114368580735,ok,FALSE
1,9,"Poisson (area, tuned)",128,129,129,2,1.0000000000000009e-4,1.3224358625594463,3.20808635554629,0.696134230361265,ok,FALSE
1,9,"Poisson (area, tuned)",128,129,129,2,2.259459778615513e-4,1.326163383205123,3.225399634557814,0.6928455976906646,ok,FALSE
1,9,"Poisson (area, tuned)",128,129,129,2,5.105158491181259e-4,1.3265996553495267,3.22733185109885,0.6924774779829963,ok,FALSE
1,9,"Poisson (area, tuned)",128,129,129,2,0.00115349002742815,1.3328528292576132,3.255986497025562,0.6869924092632265,ok,FALSE
1,9,"Poisson (area, tuned)",128,129,129,2,0.002606264322008008,1.3462579300901456,3.3174893635022022,0.6750558238678691,ok,FALSE
1,9,"Poisson (area, tuned)",128,129,129,2,0.005888749408017718,1.373340816103987,3.4390708684211377,0.650801853265904,ok,FALSE
1,9,"Poisson (area, tuned)",128,129,129,2,0.013305392433761935,1.4217419617506948,3.6392139852100986,0.608974693596191,ok,FALSE
1,9,"Poisson (area, tuned)",128,129,129,2,0.030062999042780234,1.4951625942692393,3.91912096600672,0.5465107293321083,ok,FALSE
1,9,"Poisson (area, tuned)",128,129,129,2,0.06792613716171855,1.5929492268028749,4.259054855623947,0.46443011727568273,ok,FALSE
1,9,"Poisson (area, tuned)",128,129,129,2,0.1534763748336234,1.6963658788753802,4.585195792923564,0.3792661201661558,ok,FALSE
1,9,"Poisson (area, tuned)",128,129,129,2,0.34677369590428986,1.7835462577931789,4.8343959710629605,0.30996023587364563,ok,FALSE
1,9,"Poisson (area, tuned)",128,129,129,2,0.7835212181775894,1.844140851617902,4.962228218323263,0.27298537474681006,ok,TRUE
1,9,"Poisson (area, tuned)",128,129,129,2,1.7703346781640914,1.8836131090417612,4.967604368463403,0.2714092049731638,ok,FALSE
1,9,"Poisson (area, tuned)",128,129,129,2,4,1.9254464203226065,4.920213214351042,0.28524446768730294,ok,FALSE
1,9,"Poisson (area, tuned)",128,129,129,3,1.0000000000000009e-4,8.351904505548893,23.286752809050565,-21.441161935375476,ok,FALSE
1,9,"Poisson (area, tuned)",128,129,129,3,2.259459778615513e-4,8.340749666612917,23.253694370358048,-21.377491127002028,ok,FALSE
1,9,"Poisson (area, tuned)",128,129,129,3,5.105158491181259e-4,8.330628262172805,23.224867050348784,-21.32204331413855,ok,FALSE
1,9,"Poisson (area, tuned)",128,129,129,3,0.00115349002742815,8.252743372300252,22.992551391236958,-20.877707170963653,ok,FALSE
1,9,"Poisson (area, tuned)",128,129,129,3,0.002606264322008008,8.084225841203352,22.48885002145531,-19.92965018374658,ok,FALSE
1,9,"Poisson (area, tuned)",128,129,129,3,0.005888749408017718,7.7358631446345365,21.44759665831566,-18.036396452808596,ok,FALSE
1,9,"Poisson (area, tuned)",128,129,129,3,0.013305392433761935,7.115618555642353,19.59660224479457,-14.892383222376434,ok,FALSE
1,9,"Poisson (area, tuned)",128,129,129,3,0.030062999042780234,6.135546708233684,16.6685215542329,-10.497982288146147,ok,FALSE
1,9,"Poisson (area, tuned)",128,129,129,3,0.06792613716171855,4.7292827441812335,12.465624491427812,-5.430660083061325,ok,FALSE
1,9,"Poisson (area, tuned)",128,129,129,3,0.1534763748336234,3.2115110076665934,7.872617574872774,-1.564872517630361,ok,FALSE
1,9,"Poisson (area, tuned)",128,129,129,3,0.34677369590428986,2.0436140904130555,4.2630016468950025,0.24792963780439903,ok,FALSE
1,9,"Poisson (area, tuned)",128,129,129,3,0.7835212181775894,1.5213587273754217,2.7656334043061004,0.6834686736107171,ok,TRUE
1,9,"Poisson (area, tuned)",128,129,129,3,1.7703346781640914,1.5636977605448872,2.8358396913760324,0.6671942456114999,ok,FALSE
1,9,"Poisson (area, tuned)",128,129,129,3,4,1.7391062907464452,3.2327635572696147,0.5675107104870363,ok,FALSE
1,9,"Poisson (area, tuned)",128,129,129,4,1.0000000000000009e-4,1.2284164502380306,2.713679819135858,0.6394349109925737,ok,FALSE
1,9,"Poisson (area, tuned)",128,129,129,4,2.259459778615513e-4,1.2285569832220962,2.714239042698876,0.639286288248986,ok,FALSE
1,9,"Poisson (area, tuned)",128,129,129,4,5.105158491181259e-4,1.2286887411782608,2.714746057548647,0.639151514349567,ok,FALSE
1,9,"Poisson (area, tuned)",128,129,129,4,0.00115349002742815,1.2296884152212202,2.718911821034947,0.6380432244784727,ok,FALSE
1,9,"Poisson (area, tuned)",128,129,129,4,0.002606264322008008,1.2314376305171046,2.7259205389164465,0.6361747397327596,ok,FALSE
1,9,"Poisson (area, tuned)",128,129,129,4,0.005888749408017718,1.2352151933962188,2.740759503893819,0.6322028815750036,ok,FALSE
1,9,"Poisson (area, tuned)",128,129,129,4,0.013305392433761935,1.2406353795640641,2.75896599276917,0.6273002000982089,ok,FALSE
1,9,"Poisson (area, tuned)",128,129,129,4,0.030062999042780234,1.2469831229201664,2.774382090852679,0.6231235420444239,ok,FALSE
1,9,"Poisson (area, tuned)",128,129,129,4,0.06792613716171855,1.253164840566173,2.778333824150119,0.6220491580096918,ok,FALSE
1,9,"Poisson (area, tuned)",128,129,129,4,0.1534763748336234,1.2513961588532916,2.7303470687841442,0.634992173357223,ok,FALSE
1,9,"Poisson (area, tuned)",128,129,129,4,0.34677369590428986,1.2464898400194382,2.6285007300820262,0.6617150562438139,ok,FALSE
1,9,"Poisson (area, tuned)",128,129,129,4,0.7835212181775894,1.2629460184525707,2.5386201989912918,0.6844545462632233,ok,TRUE
1,9,"Poisson (area, tuned)",128,129,129,4,1.7703346781640914,1.336501951964738,2.565962462622823,0.6776207634491794,ok,FALSE
1,9,"Poisson (area, tuned)",128,129,129,4,4,1.488750765701643,2.7949463437326463,0.6175158748574339,ok,FALSE
1,9,"Poisson (area, tuned)",128,129,129,5,1.0000000000000009e-4,1.088700188343501,2.4849316176144267,0.7393426331836184,ok,FALSE
1,9,"Poisson (area, tuned)",128,129,129,5,2.259459778615513e-4,1.0888460323734923,2.4858623692755897,0.7391473338758073,ok,FALSE
1,9,"Poisson (area, tuned)",128,129,129,5,5.105158491181259e-4,1.0889857612606124,2.4867405406736856,0.7389630004104586,ok,FALSE
1,9,"Poisson (area, tuned)",128,129,129,5,0.00115349002742815,1.089580728430838,2.4905536146581517,0.7381618581163859,ok,FALSE
1,9,"Poisson (area, tuned)",128,129,129,5,0.002606264322008008,1.0909584654103535,2.499128613019735,0.7363557320788968,ok,FALSE
1,9,"Poisson (area, tuned)",128,129,129,5,0.005888749408017718,1.0939142812491047,2.5169261171128743,0.7325872844194963,ok,FALSE
1,9,"Poisson (area, tuned)",128,129,129,5,0.013305392433761935,1.0993135300908194,2.5479219274128897,0.7259603826330849,ok,FALSE
1,9,"Poisson (area, tuned)",128,129,129,5,0.030062999042780234,1.1080269986666214,2.5901807110502664,0.7167947828984882,ok,FALSE
1,9,"Poisson (area, tuned)",128,129,129,5,0.06792613716171855,1.1242263359097528,2.652300516862176,0.7030477778165505,ok,FALSE
1,9,"Poisson (area, tuned)",128,129,129,5,0.1534763748336234,1.1440903076826223,2.700901088211416,0.6920654072360928,ok,FALSE
1,9,"Poisson (area, tuned)",128,129,129,5,0.34677369590428986,1.1683023035875606,2.718198272837357,0.6881086112836798,ok,FALSE
1,9,"Poisson (area, tuned)",128,129,129,5,0.7835212181775894,1.2123638009855975,2.7323301140222425,0.6848571508486994,ok,TRUE
1,9,"Poisson (area, tuned)",128,129,129,5,1.7703346781640914,1.3116591189758795,2.840000257292156,0.6595307621726478,ok,FALSE
1,9,"Poisson (area, tuned)",128,129,129,5,4,1.4947290417182153,3.142230977076917,0.5832099609069288,ok,FALSE
1,9,"Poisson (area, tuned)",128,129,129,6,1.0000000000000009e-4,1.6223625083585382,3.3382071701554565,0.4315615897316698,ok,FALSE
1,9,"Poisson (area, tuned)",128,129,129,6,2.259459778615513e-4,1.6211161992504979,3.334798801364085,0.43272176856683664,ok,FALSE
1,9,"Poisson (area, tuned)",128,129,129,6,5.105158491181259e-4,1.6198491018865413,3.331542693084671,0.4338290123254156,ok,FALSE
1,9,"Poisson (area, tuned)",128,129,129,6,0.00115349002742815,1.6131115876731759,3.3130161592629617,0.44010839818940817,ok,FALSE
1,9,"Poisson (area, tuned)",128,129,129,6,0.002606264322008008,1.6009532237587965,3.2793942141831254,0.45141478692983483,ok,FALSE
1,9,"Poisson (area, tuned)",128,129,129,6,0.005888749408017718,1.578149856494601,3.215927479638235,0.4724430627082591,ok,FALSE
1,9,"Poisson (area, tuned)",128,129,129,6,0.013305392433761935,1.5342957348960047,3.094375265318746,0.5115694649433022,ok,FALSE
1,9,"Poisson (area, tuned)",128,129,129,6,0.030062999042780234,1.4621783960445152,2.8949755455991806,0.5724896396293724,ok,FALSE
1,9,"Poisson (area, tuned)",128,129,129,6,0.06792613716171855,1.3507165271091397,2.5701637502821075,0.6630399352844925,ok,FALSE
1,9,"Poisson (area, tuned)",128,129,129,6,0.1534763748336234,1.2410385449882166,2.214120329866441,0.7499313300843842,ok,FALSE
1,9,"Poisson (area, tuned)",128,129,129,6,0.34677369590428986,1.1686093989544273,1.9720590728826657,0.8016205485371807,ok,FALSE
1,9,"Poisson (area, tuned)",128,129,129,6,0.7835212181775894,1.1625018452524893,1.9525101617378662,0.8055341032753327,ok,TRUE
1,9,"Poisson (area, tuned)",128,129,129,6,1.7703346781640914,1.2496475262626805,2.148968054417383,0.764431745480616,ok,FALSE
1,9,"Poisson (area, tuned)",128,129,129,6,4,1.4200101843119806,2.5455122847926663,0.6694727733819232,ok,FALSE
1,10,"Poisson (area, tuned)",129,130,130,1,1.0000000000000009e-4,18.13995003376159,52.46331079308674,-66.85993295772772,ok,FALSE
1,10,"Poisson (area, tuned)",129,130,130,1,2.259459778615513e-4,18.130770190353292,52.43557960921382,-66.78821278234308,ok,FALSE
1,10,"Poisson (area, tuned)",129,130,130,1,5.105158491181259e-4,18.00739128892835,52.0392031488441,-65.76722306084548,ok,FALSE
1,10,"Poisson (area, tuned)",129,130,130,1,0.00115349002742815,17.691896313150682,51.02593881945008,-63.192463982466634,ok,FALSE
1,10,"Poisson (area, tuned)",129,130,130,1,0.002606264322008008,16.992846935244522,48.788390026314794,-57.68606795078116,ok,FALSE
1,10,"Poisson (area, tuned)",129,130,130,1,0.005888749408017718,15.474703790885334,43.969769945685144,-46.6661883583142,ok,FALSE
1,10,"Poisson (area, tuned)",129,130,130,1,0.013305392433761935,12.500978598977387,34.69825547945117,-28.683651138665038,ok,FALSE
1,10,"Poisson (area, tuned)",129,130,130,1,0.030062999042780234,7.669535199132101,20.111614837190668,-8.972313532269249,ok,FALSE
1,10,"Poisson (area, tuned)",129,130,130,1,0.06792613716171855,2.8352475654727005,6.197364214465253,0.05307391935981731,ok,FALSE
1,10,"Poisson (area, tuned)",129,130,130,1,0.1534763748336234,1.3864759041811483,3.0065997768786477,0.7771291446135262,ok,FALSE
1,10,"Poisson (area, tuned)",129,130,130,1,0.34677369590428986,1.9139935264482184,5.293476092813349,0.3091497006578181,ok,FALSE
1,10,"Poisson (area, tuned)",129,130,130,1,0.7835212181775894,2.1250180038417192,6.018674123585725,0.10689258115988487,ok,TRUE
1,10,"Poisson (area, tuned)",129,130,130,1,1.7703346781640914,2.1951566119407593,6.189015940387967,0.05562334965206428,ok,FALSE
1,10,"Poisson (area, tuned)",129,130,130,1,4,2.2196544474183826,6.145188602882863,0.06895114368580735,ok,FALSE
1,10,"Poisson (area, tuned)",129,130,130,2,1.0000000000000009e-4,1.3224358625594463,3.20808635554629,0.696134230361265,ok,FALSE
1,10,"Poisson (area, tuned)",129,130,130,2,2.259459778615513e-4,1.326163383205123,3.225399634557814,0.6928455976906646,ok,FALSE
1,10,"Poisson (area, tuned)",129,130,130,2,5.105158491181259e-4,1.3265996553495267,3.22733185109885,0.6924774779829963,ok,FALSE
1,10,"Poisson (area, tuned)",129,130,130,2,0.00115349002742815,1.3328528292576132,3.255986497025562,0.6869924092632265,ok,FALSE
1,10,"Poisson (area, tuned)",129,130,130,2,0.002606264322008008,1.3462579300901456,3.3174893635022022,0.6750558238678691,ok,FALSE
1,10,"Poisson (area, tuned)",129,130,130,2,0.005888749408017718,1.373340816103987,3.4390708684211377,0.650801853265904,ok,FALSE
1,10,"Poisson (area, tuned)",129,130,130,2,0.013305392433761935,1.4217419617506948,3.6392139852100986,0.608974693596191,ok,FALSE
1,10,"Poisson (area, tuned)",129,130,130,2,0.030062999042780234,1.4951625942692393,3.91912096600672,0.5465107293321083,ok,FALSE
1,10,"Poisson (area, tuned)",129,130,130,2,0.06792613716171855,1.5929492268028749,4.259054855623947,0.46443011727568273,ok,FALSE
1,10,"Poisson (area, tuned)",129,130,130,2,0.1534763748336234,1.6963658788753802,4.585195792923564,0.3792661201661558,ok,FALSE
1,10,"Poisson (area, tuned)",129,130,130,2,0.34677369590428986,1.7835462577931789,4.8343959710629605,0.30996023587364563,ok,FALSE
1,10,"Poisson (area, tuned)",129,130,130,2,0.7835212181775894,1.844140851617902,4.962228218323263,0.27298537474681006,ok,TRUE
1,10,"Poisson (area, tuned)",129,130,130,2,1.7703346781640914,1.8836131090417612,4.967604368463403,0.2714092049731638,ok,FALSE
1,10,"Poisson (area, tuned)",129,130,130,2,4,1.9254464203226065,4.920213214351042,0.28524446768730294,ok,FALSE
1,10,"Poisson (area, tuned)",129,130,130,3,1.0000000000000009e-4,8.351904505548893,23.286752809050565,-21.441161935375476,ok,FALSE
1,10,"Poisson (area, tuned)",129,130,130,3,2.259459778615513e-4,8.340749666612917,23.253694370358048,-21.377491127002028,ok,FALSE
1,10,"Poisson (area, tuned)",129,130,130,3,5.105158491181259e-4,8.330628262172805,23.224867050348784,-21.32204331413855,ok,FALSE
1,10,"Poisson (area, tuned)",129,130,130,3,0.00115349002742815,8.252743372300252,22.992551391236958,-20.877707170963653,ok,FALSE
1,10,"Poisson (area, tuned)",129,130,130,3,0.002606264322008008,8.084225841203352,22.48885002145531,-19.92965018374658,ok,FALSE
1,10,"Poisson (area, tuned)",129,130,130,3,0.005888749408017718,7.7358631446345365,21.44759665831566,-18.036396452808596,ok,FALSE
1,10,"Poisson (area, tuned)",129,130,130,3,0.013305392433761935,7.115618555642353,19.59660224479457,-14.892383222376434,ok,FALSE
1,10,"Poisson (area, tuned)",129,130,130,3,0.030062999042780234,6.135546708233684,16.6685215542329,-10.497982288146147,ok,FALSE
1,10,"Poisson (area, tuned)",129,130,130,3,0.06792613716171855,4.7292827441812335,12.465624491427812,-5.430660083061325,ok,FALSE
1,10,"Poisson (area, tuned)",129,130,130,3,0.1534763748336234,3.2115110076665934,7.872617574872774,-1.564872517630361,ok,FALSE
1,10,"Poisson (area, tuned)",129,130,130,3,0.34677369590428986,2.0436140904130555,4.2630016468950025,0.24792963780439903,ok,FALSE
1,10,"Poisson (area, tuned)",129,130,130,3,0.7835212181775894,1.5213587273754217,2.7656334043061004,0.6834686736107171,ok,TRUE
1,10,"Poisson (area, tuned)",129,130,130,3,1.7703346781640914,1.5636977605448872,2.8358396913760324,0.6671942456114999,ok,FALSE
1,10,"Poisson (area, tuned)",129,130,130,3,4,1.7391062907464452,3.2327635572696147,0.5675107104870363,ok,FALSE
1,10,"Poisson (area, tuned)",129,130,130,4,1.0000000000000009e-4,1.2284164502380306,2.713679819135858,0.6394349109925737,ok,FALSE
1,10,"Poisson (area, tuned)",129,130,130,4,2.259459778615513e-4,1.2285569832220962,2.714239042698876,0.639286288248986,ok,FALSE
1,10,"Poisson (area, tuned)",129,130,130,4,5.105158491181259e-4,1.2286887411782608,2.714746057548647,0.639151514349567,ok,FALSE
1,10,"Poisson (area, tuned)",129,130,130,4,0.00115349002742815,1.2296884152212202,2.718911821034947,0.6380432244784727,ok,FALSE
1,10,"Poisson (area, tuned)",129,130,130,4,0.002606264322008008,1.2314376305171046,2.7259205389164465,0.6361747397327596,ok,FALSE
1,10,"Poisson (area, tuned)",129,130,130,4,0.005888749408017718,1.2352151933962188,2.740759503893819,0.6322028815750036,ok,FALSE
1,10,"Poisson (area, tuned)",129,130,130,4,0.013305392433761935,1.2406353795640641,2.75896599276917,0.6273002000982089,ok,FALSE
1,10,"Poisson (area, tuned)",129,130,130,4,0.030062999042780234,1.2469831229201664,2.774382090852679,0.6231235420444239,ok,FALSE
1,10,"Poisson (area, tuned)",129,130,130,4,0.06792613716171855,1.253164840566173,2.778333824150119,0.6220491580096918,ok,FALSE
1,10,"Poisson (area, tuned)",129,130,130,4,0.1534763748336234,1.2513961588532916,2.7303470687841442,0.634992173357223,ok,FALSE
1,10,"Poisson (area, tuned)",129,130,130,4,0.34677369590428986,1.2464898400194382,2.6285007300820262,0.6617150562438139,ok,FALSE
1,10,"Poisson (area, tuned)",129,130,130,4,0.7835212181775894,1.2629460184525707,2.5386201989912918,0.6844545462632233,ok,TRUE
1,10,"Poisson (area, tuned)",129,130,130,4,1.7703346781640914,1.336501951964738,2.565962462622823,0.6776207634491794,ok,FALSE
1,10,"Poisson (area, tuned)",129,130,130,4,4,1.488750765701643,2.7949463437326463,0.6175158748574339,ok,FALSE
1,10,"Poisson (area, tuned)",129,130,130,5,1.0000000000000009e-4,1.088700188343501,2.4849316176144267,0.7393426331836184,ok,FALSE
1,10,"Poisson (area, tuned)",129,130,130,5,2.259459778615513e-4,1.0888460323734923,2.4858623692755897,0.7391473338758073,ok,FALSE
1,10,"Poisson (area, tuned)",129,130,130,5,5.105158491181259e-4,1.0889857612606124,2.4867405406736856,0.7389630004104586,ok,FALSE
1,10,"Poisson (area, tuned)",129,130,130,5,0.00115349002742815,1.089580728430838,2.4905536146581517,0.7381618581163859,ok,FALSE
1,10,"Poisson (area, tuned)",129,130,130,5,0.002606264322008008,1.0909584654103535,2.499128613019735,0.7363557320788968,ok,FALSE
1,10,"Poisson (area, tuned)",129,130,130,5,0.005888749408017718,1.0939142812491047,2.5169261171128743,0.7325872844194963,ok,FALSE
1,10,"Poisson (area, tuned)",129,130,130,5,0.013305392433761935,1.0993135300908194,2.5479219274128897,0.7259603826330849,ok,FALSE
1,10,"Poisson (area, tuned)",129,130,130,5,0.030062999042780234,1.1080269986666214,2.5901807110502664,0.7167947828984882,ok,FALSE
1,10,"Poisson (area, tuned)",129,130,130,5,0.06792613716171855,1.1242263359097528,2.652300516862176,0.7030477778165505,ok,FALSE
1,10,"Poisson (area, tuned)",129,130,130,5,0.1534763748336234,1.1440903076826223,2.700901088211416,0.6920654072360928,ok,FALSE
1,10,"Poisson (area, tuned)",129,130,130,5,0.34677369590428986,1.1683023035875606,2.718198272837357,0.6881086112836798,ok,FALSE
1,10,"Poisson (area, tuned)",129,130,130,5,0.7835212181775894,1.2123638009855975,2.7323301140222425,0.6848571508486994,ok,TRUE
1,10,"Poisson (area, tuned)",129,130,130,5,1.7703346781640914,1.3116591189758795,2.840000257292156,0.6595307621726478,ok,FALSE
1,10,"Poisson (area, tuned)",129,130,130,5,4,1.4947290417182153,3.142230977076917,0.5832099609069288,ok,FALSE
1,10,"Poisson (area, tuned)",129,130,130,6,1.0000000000000009e-4,1.6223625083585382,3.3382071701554565,0.4315615897316698,ok,FALSE
1,10,"Poisson (area, tuned)",129,130,130,6,2.259459778615513e-4,1.6211161992504979,3.334798801364085,0.43272176856683664,ok,FALSE
1,10,"Poisson (area, tuned)",129,130,130,6,5.105158491181259e-4,1.6198491018865413,3.331542693084671,0.4338290123254156,ok,FALSE
1,10,"Poisson (area, tuned)",129,130,130,6,0.00115349002742815,1.6131115876731759,3.3130161592629617,0.44010839818940817,ok,FALSE
1,10,"Poisson (area, tuned)",129,130,130,6,0.002606264322008008,1.6009532237587965,3.2793942141831254,0.45141478692983483,ok,FALSE
1,10,"Poisson (area, tuned)",129,130,130,6,0.005888749408017718,1.578149856494601,3.215927479638235,0.4724430627082591,ok,FALSE
1,10,"Poisson (area, tuned)",129,130,130,6,0.013305392433761935,1.5342957348960047,3.094375265318746,0.5115694649433022,ok,FALSE
1,10,"Poisson (area, tuned)",129,130,130,6,0.030062999042780234,1.4621783960445152,2.8949755455991806,0.5724896396293724,ok,FALSE
1,10,"Poisson (area, tuned)",129,130,130,6,0.06792613716171855,1.3507165271091397,2.5701637502821075,0.6630399352844925,ok,FALSE
1,10,"Poisson (area, tuned)",129,130,130,6,0.1534763748336234,1.2410385449882166,2.214120329866441,0.7499313300843842,ok,FALSE
1,10,"Poisson (area, tuned)",129,130,130,6,0.34677369590428986,1.1686093989544273,1.9720590728826657,0.8016205485371807,ok,FALSE
1,10,"Poisson (area, tuned)",129,130,130,6,0.7835212181775894,1.1625018452524893,1.9525101617378662,0.8055341032753327,ok,TRUE
1,10,"Poisson (area, tuned)",129,130,130,6,1.7703346781640914,1.2496475262626805,2.148968054417383,0.764431745480616,ok,FALSE
1,10,"Poisson (area, tuned)",129,130,130,6,4,1.4200101843119806,2.5455122847926663,0.6694727733819232,ok,FALSE
1,11,"Poisson (area, tuned)",130,131,131,1,1.0000000000000009e-4,18.13995003376159,52.46331079308674,-66.85993295772772,ok,FALSE
1,11,"Poisson (area, tuned)",130,131,131,1,2.259459778615513e-4,18.130770190353292,52.43557960921382,-66.78821278234308,ok,FALSE
1,11,"Poisson (area, tuned)",130,131,131,1,5.105158491181259e-4,18.00739128892835,52.0392031488441,-65.76722306084548,ok,FALSE
1,11,"Poisson (area, tuned)",130,131,131,1,0.00115349002742815,17.691896313150682,51.02593881945008,-63.192463982466634,ok,FALSE
1,11,"Poisson (area, tuned)",130,131,131,1,0.002606264322008008,16.992846935244522,48.788390026314794,-57.68606795078116,ok,FALSE
1,11,"Poisson (area, tuned)",130,131,131,1,0.005888749408017718,15.474703790885334,43.969769945685144,-46.6661883583142,ok,FALSE
1,11,"Poisson (area, tuned)",130,131,131,1,0.013305392433761935,12.500978598977387,34.69825547945117,-28.683651138665038,ok,FALSE
1,11,"Poisson (area, tuned)",130,131,131,1,0.030062999042780234,7.669535199132101,20.111614837190668,-8.972313532269249,ok,FALSE
1,11,"Poisson (area, tuned)",130,131,131,1,0.06792613716171855,2.8352475654727005,6.197364214465253,0.05307391935981731,ok,FALSE
1,11,"Poisson (area, tuned)",130,131,131,1,0.1534763748336234,1.3864759041811483,3.0065997768786477,0.7771291446135262,ok,FALSE
1,11,"Poisson (area, tuned)",130,131,131,1,0.34677369590428986,1.9139935264482184,5.293476092813349,0.3091497006578181,ok,FALSE
1,11,"Poisson (area, tuned)",130,131,131,1,0.7835212181775894,2.1250180038417192,6.018674123585725,0.10689258115988487,ok,TRUE
1,11,"Poisson (area, tuned)",130,131,131,1,1.7703346781640914,2.1951566119407593,6.189015940387967,0.05562334965206428,ok,FALSE
1,11,"Poisson (area, tuned)",130,131,131,1,4,2.2196544474183826,6.145188602882863,0.06895114368580735,ok,FALSE
1,11,"Poisson (area, tuned)",130,131,131,2,1.0000000000000009e-4,1.3224358625594463,3.20808635554629,0.696134230361265,ok,FALSE
1,11,"Poisson (area, tuned)",130,131,131,2,2.259459778615513e-4,1.326163383205123,3.225399634557814,0.6928455976906646,ok,FALSE
1,11,"Poisson (area, tuned)",130,131,131,2,5.105158491181259e-4,1.3265996553495267,3.22733185109885,0.6924774779829963,ok,FALSE
1,11,"Poisson (area, tuned)",130,131,131,2,0.00115349002742815,1.3328528292576132,3.255986497025562,0.6869924092632265,ok,FALSE
1,11,"Poisson (area, tuned)",130,131,131,2,0.002606264322008008,1.3462579300901456,3.3174893635022022,0.6750558238678691,ok,FALSE
1,11,"Poisson (area, tuned)",130,131,131,2,0.005888749408017718,1.373340816103987,3.4390708684211377,0.650801853265904,ok,FALSE
1,11,"Poisson (area, tuned)",130,131,131,2,0.013305392433761935,1.4217419617506948,3.6392139852100986,0.608974693596191,ok,FALSE
1,11,"Poisson (area, tuned)",130,131,131,2,0.030062999042780234,1.4951625942692393,3.91912096600672,0.5465107293321083,ok,FALSE
1,11,"Poisson (area, tuned)",130,131,131,2,0.06792613716171855,1.5929492268028749,4.259054855623947,0.46443011727568273,ok,FALSE
1,11,"Poisson (area, tuned)",130,131,131,2,0.1534763748336234,1.6963658788753802,4.585195792923564,0.3792661201661558,ok,FALSE
1,11,"Poisson (area, tuned)",130,131,131,2,0.34677369590428986,1.7835462577931789,4.8343959710629605,0.30996023587364563,ok,FALSE
1,11,"Poisson (area, tuned)",130,131,131,2,0.7835212181775894,1.844140851617902,4.962228218323263,0.27298537474681006,ok,TRUE
1,11,"Poisson (area, tuned)",130,131,131,2,1.7703346781640914,1.8836131090417612,4.967604368463403,0.2714092049731638,ok,FALSE
1,11,"Poisson (area, tuned)",130,131,131,2,4,1.9254464203226065,4.920213214351042,0.28524446768730294,ok,FALSE
1,11,"Poisson (area, tuned)",130,131,131,3,1.0000000000000009e-4,8.351904505548893,23.286752809050565,-21.441161935375476,ok,FALSE
1,11,"Poisson (area, tuned)",130,131,131,3,2.259459778615513e-4,8.340749666612917,23.253694370358048,-21.377491127002028,ok,FALSE
1,11,"Poisson (area, tuned)",130,131,131,3,5.105158491181259e-4,8.330628262172805,23.224867050348784,-21.32204331413855,ok,FALSE
1,11,"Poisson (area, tuned)",130,131,131,3,0.00115349002742815,8.252743372300252,22.992551391236958,-20.877707170963653,ok,FALSE
1,11,"Poisson (area, tuned)",130,131,131,3,0.002606264322008008,8.084225841203352,22.48885002145531,-19.92965018374658,ok,FALSE
1,11,"Poisson (area, tuned)",130,131,131,3,0.005888749408017718,7.7358631446345365,21.44759665831566,-18.036396452808596,ok,FALSE
1,11,"Poisson (area, tuned)",130,131,131,3,0.013305392433761935,7.115618555642353,19.59660224479457,-14.892383222376434,ok,FALSE
1,11,"Poisson (area, tuned)",130,131,131,3,0.030062999042780234,6.135546708233684,16.6685215542329,-10.497982288146147,ok,FALSE
1,11,"Poisson (area, tuned)",130,131,131,3,0.06792613716171855,4.7292827441812335,12.465624491427812,-5.430660083061325,ok,FALSE
1,11,"Poisson (area, tuned)",130,131,131,3,0.1534763748336234,3.2115110076665934,7.872617574872774,-1.564872517630361,ok,FALSE
1,11,"Poisson (area, tuned)",130,131,131,3,0.34677369590428986,2.0436140904130555,4.2630016468950025,0.24792963780439903,ok,FALSE
1,11,"Poisson (area, tuned)",130,131,131,3,0.7835212181775894,1.5213587273754217,2.7656334043061004,0.6834686736107171,ok,TRUE
1,11,"Poisson (area, tuned)",130,131,131,3,1.7703346781640914,1.5636977605448872,2.8358396913760324,0.6671942456114999,ok,FALSE
1,11,"Poisson (area, tuned)",130,131,131,3,4,1.7391062907464452,3.2327635572696147,0.5675107104870363,ok,FALSE
1,11,"Poisson (area, tuned)",130,131,131,4,1.0000000000000009e-4,1.2284164502380306,2.713679819135858,0.6394349109925737,ok,FALSE
1,11,"Poisson (area, tuned)",130,131,131,4,2.259459778615513e-4,1.2285569832220962,2.714239042698876,0.639286288248986,ok,FALSE
1,11,"Poisson (area, tuned)",130,131,131,4,5.105158491181259e-4,1.2286887411782608,2.714746057548647,0.639151514349567,ok,FALSE
1,11,"Poisson (area, tuned)",130,131,131,4,0.00115349002742815,1.2296884152212202,2.718911821034947,0.6380432244784727,ok,FALSE
1,11,"Poisson (area, tuned)",130,131,131,4,0.002606264322008008,1.2314376305171046,2.7259205389164465,0.6361747397327596,ok,FALSE
1,11,"Poisson (area, tuned)",130,131,131,4,0.005888749408017718,1.2352151933962188,2.740759503893819,0.6322028815750036,ok,FALSE
1,11,"Poisson (area, tuned)",130,131,131,4,0.013305392433761935,1.2406353795640641,2.75896599276917,0.6273002000982089,ok,FALSE
1,11,"Poisson (area, tuned)",130,131,131,4,0.030062999042780234,1.2469831229201664,2.774382090852679,0.6231235420444239,ok,FALSE
1,11,"Poisson (area, tuned)",130,131,131,4,0.06792613716171855,1.253164840566173,2.778333824150119,0.6220491580096918,ok,FALSE
1,11,"Poisson (area, tuned)",130,131,131,4,0.1534763748336234,1.2513961588532916,2.7303470687841442,0.634992173357223,ok,FALSE
1,11,"Poisson (area, tuned)",130,131,131,4,0.34677369590428986,1.2464898400194382,2.6285007300820262,0.6617150562438139,ok,FALSE
1,11,"Poisson (area, tuned)",130,131,131,4,0.7835212181775894,1.2629460184525707,2.5386201989912918,0.6844545462632233,ok,TRUE
1,11,"Poisson (area, tuned)",130,131,131,4,1.7703346781640914,1.336501951964738,2.565962462622823,0.6776207634491794,ok,FALSE
1,11,"Poisson (area, tuned)",130,131,131,4,4,1.488750765701643,2.7949463437326463,0.6175158748574339,ok,FALSE
1,11,"Poisson (area, tuned)",130,131,131,5,1.0000000000000009e-4,1.088700188343501,2.4849316176144267,0.7393426331836184,ok,FALSE
1,11,"Poisson (area, tuned)",130,131,131,5,2.259459778615513e-4,1.0888460323734923,2.4858623692755897,0.7391473338758073,ok,FALSE
1,11,"Poisson (area, tuned)",130,131,131,5,5.105158491181259e-4,1.0889857612606124,2.4867405406736856,0.7389630004104586,ok,FALSE
1,11,"Poisson (area, tuned)",130,131,131,5,0.00115349002742815,1.089580728430838,2.4905536146581517,0.7381618581163859,ok,FALSE
1,11,"Poisson (area, tuned)",130,131,131,5,0.002606264322008008,1.0909584654103535,2.499128613019735,0.7363557320788968,ok,FALSE
1,11,"Poisson (area, tuned)",130,131,131,5,0.005888749408017718,1.0939142812491047,2.5169261171128743,0.7325872844194963,ok,FALSE
1,11,"Poisson (area, tuned)",130,131,131,5,0.013305392433761935,1.0993135300908194,2.5479219274128897,0.7259603826330849,ok,FALSE
1,11,"Poisson (area, tuned)",130,131,131,5,0.030062999042780234,1.1080269986666214,2.5901807110502664,0.7167947828984882,ok,FALSE
1,11,"Poisson (area, tuned)",130,131,131,5,0.06792613716171855,1.1242263359097528,2.652300516862176,0.7030477778165505,ok,FALSE
1,11,"Poisson (area, tuned)",130,131,131,5,0.1534763748336234,1.1440903076826223,2.700901088211416,0.6920654072360928,ok,FALSE
1,11,"Poisson (area, tuned)",130,131,131,5,0.34677369590428986,1.1683023035875606,2.718198272837357,0.6881086112836798,ok,FALSE
1,11,"Poisson (area, tuned)",130,131,131,5,0.7835212181775894,1.2123638009855975,2.7323301140222425,0.6848571508486994,ok,TRUE
1,11,"Poisson (area, tuned)",130,131,131,5,1.7703346781640914,1.3116591189758795,2.840000257292156,0.6595307621726478,ok,FALSE
1,11,"Poisson (area, tuned)",130,131,131,5,4,1.4947290417182153,3.142230977076917,0.5832099609069288,ok,FALSE
1,11,"Poisson (area, tuned)",130,131,131,6,1.0000000000000009e-4,1.6223625083585382,3.3382071701554565,0.4315615897316698,ok,FALSE
1,11,"Poisson (area, tuned)",130,131,131,6,2.259459778615513e-4,1.6211161992504979,3.334798801364085,0.43272176856683664,ok,FALSE
1,11,"Poisson (area, tuned)",130,131,131,6,5.105158491181259e-4,1.6198491018865413,3.331542693084671,0.4338290123254156,ok,FALSE
1,11,"Poisson (area, tuned)",130,131,131,6,0.00115349002742815,1.6131115876731759,3.3130161592629617,0.44010839818940817,ok,FALSE
1,11,"Poisson (area, tuned)",130,131,131,6,0.002606264322008008,1.6009532237587965,3.2793942141831254,0.45141478692983483,ok,FALSE
1,11,"Poisson (area, tuned)",130,131,131,6,0.005888749408017718,1.578149856494601,3.215927479638235,0.4724430627082591,ok,FALSE
1,11,"Poisson (area, tuned)",130,131,131,6,0.013305392433761935,1.5342957348960047,3.094375265318746,0.5115694649433022,ok,FALSE
1,11,"Poisson (area, tuned)",130,131,131,6,0.030062999042780234,1.4621783960445152,2.8949755455991806,0.5724896396293724,ok,FALSE
1,11,"Poisson (area, tuned)",130,131,131,6,0.06792613716171855,1.3507165271091397,2.5701637502821075,0.6630399352844925,ok,FALSE
1,11,"Poisson (area, tuned)",130,131,131,6,0.1534763748336234,1.2410385449882166,2.214120329866441,0.7499313300843842,ok,FALSE
1,11,"Poisson (area, tuned)",130,131,131,6,0.34677369590428986,1.1686093989544273,1.9720590728826657,0.8016205485371807,ok,FALSE
1,11,"Poisson (area, tuned)",130,131,131,6,0.7835212181775894,1.1625018452524893,1.9525101617378662,0.8055341032753327,ok,TRUE
1,11,"Poisson (area, tuned)",130,131,131,6,1.7703346781640914,1.2496475262626805,2.148968054417383,0.764431745480616,ok,FALSE
1,11,"Poisson (area, tuned)",130,131,131,6,4,1.4200101843119806,2.5455122847926663,0.6694727733819232,ok,FALSE
1,12,"Poisson (area, tuned)",131,132,132,1,1.0000000000000009e-4,18.13995003376159,52.46331079308674,-66.85993295772772,ok,FALSE
1,12,"Poisson (area, tuned)",131,132,132,1,2.259459778615513e-4,18.130770190353292,52.43557960921382,-66.78821278234308,ok,FALSE
1,12,"Poisson (area, tuned)",131,132,132,1,5.105158491181259e-4,18.00739128892835,52.0392031488441,-65.76722306084548,ok,FALSE
1,12,"Poisson (area, tuned)",131,132,132,1,0.00115349002742815,17.691896313150682,51.02593881945008,-63.192463982466634,ok,FALSE
1,12,"Poisson (area, tuned)",131,132,132,1,0.002606264322008008,16.992846935244522,48.788390026314794,-57.68606795078116,ok,FALSE
1,12,"Poisson (area, tuned)",131,132,132,1,0.005888749408017718,15.474703790885334,43.969769945685144,-46.6661883583142,ok,FALSE
1,12,"Poisson (area, tuned)",131,132,132,1,0.013305392433761935,12.500978598977387,34.69825547945117,-28.683651138665038,ok,FALSE
1,12,"Poisson (area, tuned)",131,132,132,1,0.030062999042780234,7.669535199132101,20.111614837190668,-8.972313532269249,ok,FALSE
1,12,"Poisson (area, tuned)",131,132,132,1,0.06792613716171855,2.8352475654727005,6.197364214465253,0.05307391935981731,ok,FALSE
1,12,"Poisson (area, tuned)",131,132,132,1,0.1534763748336234,1.3864759041811483,3.0065997768786477,0.7771291446135262,ok,FALSE
1,12,"Poisson (area, tuned)",131,132,132,1,0.34677369590428986,1.9139935264482184,5.293476092813349,0.3091497006578181,ok,FALSE
1,12,"Poisson (area, tuned)",131,132,132,1,0.7835212181775894,2.1250180038417192,6.018674123585725,0.10689258115988487,ok,TRUE
1,12,"Poisson (area, tuned)",131,132,132,1,1.7703346781640914,2.1951566119407593,6.189015940387967,0.05562334965206428,ok,FALSE
1,12,"Poisson (area, tuned)",131,132,132,1,4,2.2196544474183826,6.145188602882863,0.06895114368580735,ok,FALSE
1,12,"Poisson (area, tuned)",131,132,132,2,1.0000000000000009e-4,1.3224358625594463,3.20808635554629,0.696134230361265,ok,FALSE
1,12,"Poisson (area, tuned)",131,132,132,2,2.259459778615513e-4,1.326163383205123,3.225399634557814,0.6928455976906646,ok,FALSE
1,12,"Poisson (area, tuned)",131,132,132,2,5.105158491181259e-4,1.3265996553495267,3.22733185109885,0.6924774779829963,ok,FALSE
1,12,"Poisson (area, tuned)",131,132,132,2,0.00115349002742815,1.3328528292576132,3.255986497025562,0.6869924092632265,ok,FALSE
1,12,"Poisson (area, tuned)",131,132,132,2,0.002606264322008008,1.3462579300901456,3.3174893635022022,0.6750558238678691,ok,FALSE
1,12,"Poisson (area, tuned)",131,132,132,2,0.005888749408017718,1.373340816103987,3.4390708684211377,0.650801853265904,ok,FALSE
1,12,"Poisson (area, tuned)",131,132,132,2,0.013305392433761935,1.4217419617506948,3.6392139852100986,0.608974693596191,ok,FALSE
1,12,"Poisson (area, tuned)",131,132,132,2,0.030062999042780234,1.4951625942692393,3.91912096600672,0.5465107293321083,ok,FALSE
1,12,"Poisson (area, tuned)",131,132,132,2,0.06792613716171855,1.5929492268028749,4.259054855623947,0.46443011727568273,ok,FALSE
1,12,"Poisson (area, tuned)",131,132,132,2,0.1534763748336234,1.6963658788753802,4.585195792923564,0.3792661201661558,ok,FALSE
1,12,"Poisson (area, tuned)",131,132,132,2,0.34677369590428986,1.7835462577931789,4.8343959710629605,0.30996023587364563,ok,FALSE
1,12,"Poisson (area, tuned)",131,132,132,2,0.7835212181775894,1.844140851617902,4.962228218323263,0.27298537474681006,ok,TRUE
1,12,"Poisson (area, tuned)",131,132,132,2,1.7703346781640914,1.8836131090417612,4.967604368463403,0.2714092049731638,ok,FALSE
1,12,"Poisson (area, tuned)",131,132,132,2,4,1.9254464203226065,4.920213214351042,0.28524446768730294,ok,FALSE
1,12,"Poisson (area, tuned)",131,132,132,3,1.0000000000000009e-4,8.351904505548893,23.286752809050565,-21.441161935375476,ok,FALSE
1,12,"Poisson (area, tuned)",131,132,132,3,2.259459778615513e-4,8.340749666612917,23.253694370358048,-21.377491127002028,ok,FALSE
1,12,"Poisson (area, tuned)",131,132,132,3,5.105158491181259e-4,8.330628262172805,23.224867050348784,-21.32204331413855,ok,FALSE
1,12,"Poisson (area, tuned)",131,132,132,3,0.00115349002742815,8.252743372300252,22.992551391236958,-20.877707170963653,ok,FALSE
1,12,"Poisson (area, tuned)",131,132,132,3,0.002606264322008008,8.084225841203352,22.48885002145531,-19.92965018374658,ok,FALSE
1,12,"Poisson (area, tuned)",131,132,132,3,0.005888749408017718,7.7358631446345365,21.44759665831566,-18.036396452808596,ok,FALSE
1,12,"Poisson (area, tuned)",131,132,132,3,0.013305392433761935,7.115618555642353,19.59660224479457,-14.892383222376434,ok,FALSE
1,12,"Poisson (area, tuned)",131,132,132,3,0.030062999042780234,6.135546708233684,16.6685215542329,-10.497982288146147,ok,FALSE
1,12,"Poisson (area, tuned)",131,132,132,3,0.06792613716171855,4.7292827441812335,12.465624491427812,-5.430660083061325,ok,FALSE
1,12,"Poisson (area, tuned)",131,132,132,3,0.1534763748336234,3.2115110076665934,7.872617574872774,-1.564872517630361,ok,FALSE
1,12,"Poisson (area, tuned)",131,132,132,3,0.34677369590428986,2.0436140904130555,4.2630016468950025,0.24792963780439903,ok,FALSE
1,12,"Poisson (area, tuned)",131,132,132,3,0.7835212181775894,1.5213587273754217,2.7656334043061004,0.6834686736107171,ok,TRUE
1,12,"Poisson (area, tuned)",131,132,132,3,1.7703346781640914,1.5636977605448872,2.8358396913760324,0.6671942456114999,ok,FALSE
1,12,"Poisson (area, tuned)",131,132,132,3,4,1.7391062907464452,3.2327635572696147,0.5675107104870363,ok,FALSE
1,12,"Poisson (area, tuned)",131,132,132,4,1.0000000000000009e-4,1.2284164502380306,2.713679819135858,0.6394349109925737,ok,FALSE
1,12,"Poisson (area, tuned)",131,132,132,4,2.259459778615513e-4,1.2285569832220962,2.714239042698876,0.639286288248986,ok,FALSE
1,12,"Poisson (area, tuned)",131,132,132,4,5.105158491181259e-4,1.2286887411782608,2.714746057548647,0.639151514349567,ok,FALSE
1,12,"Poisson (area, tuned)",131,132,132,4,0.00115349002742815,1.2296884152212202,2.718911821034947,0.6380432244784727,ok,FALSE
1,12,"Poisson (area, tuned)",131,132,132,4,0.002606264322008008,1.2314376305171046,2.7259205389164465,0.6361747397327596,ok,FALSE
1,12,"Poisson (area, tuned)",131,132,132,4,0.005888749408017718,1.2352151933962188,2.740759503893819,0.6322028815750036,ok,FALSE
1,12,"Poisson (area, tuned)",131,132,132,4,0.013305392433761935,1.2406353795640641,2.75896599276917,0.6273002000982089,ok,FALSE
1,12,"Poisson (area, tuned)",131,132,132,4,0.030062999042780234,1.2469831229201664,2.774382090852679,0.6231235420444239,ok,FALSE
1,12,"Poisson (area, tuned)",131,132,132,4,0.06792613716171855,1.253164840566173,2.778333824150119,0.6220491580096918,ok,FALSE
1,12,"Poisson (area, tuned)",131,132,132,4,0.1534763748336234,1.2513961588532916,2.7303470687841442,0.634992173357223,ok,FALSE
1,12,"Poisson (area, tuned)",131,132,132,4,0.34677369590428986,1.2464898400194382,2.6285007300820262,0.6617150562438139,ok,FALSE
1,12,"Poisson (area, tuned)",131,132,132,4,0.7835212181775894,1.2629460184525707,2.5386201989912918,0.6844545462632233,ok,TRUE
1,12,"Poisson (area, tuned)",131,132,132,4,1.7703346781640914,1.336501951964738,2.565962462622823,0.6776207634491794,ok,FALSE
1,12,"Poisson (area, tuned)",131,132,132,4,4,1.488750765701643,2.7949463437326463,0.6175158748574339,ok,FALSE
1,12,"Poisson (area, tuned)",131,132,132,5,1.0000000000000009e-4,1.088700188343501,2.4849316176144267,0.7393426331836184,ok,FALSE
1,12,"Poisson (area, tuned)",131,132,132,5,2.259459778615513e-4,1.0888460323734923,2.4858623692755897,0.7391473338758073,ok,FALSE
1,12,"Poisson (area, tuned)",131,132,132,5,5.105158491181259e-4,1.0889857612606124,2.4867405406736856,0.7389630004104586,ok,FALSE
1,12,"Poisson (area, tuned)",131,132,132,5,0.00115349002742815,1.089580728430838,2.4905536146581517,0.7381618581163859,ok,FALSE
1,12,"Poisson (area, tuned)",131,132,132,5,0.002606264322008008,1.0909584654103535,2.499128613019735,0.7363557320788968,ok,FALSE
1,12,"Poisson (area, tuned)",131,132,132,5,0.005888749408017718,1.0939142812491047,2.5169261171128743,0.7325872844194963,ok,FALSE
1,12,"Poisson (area, tuned)",131,132,132,5,0.013305392433761935,1.0993135300908194,2.5479219274128897,0.7259603826330849,ok,FALSE
1,12,"Poisson (area, tuned)",131,132,132,5,0.030062999042780234,1.1080269986666214,2.5901807110502664,0.7167947828984882,ok,FALSE
1,12,"Poisson (area, tuned)",131,132,132,5,0.06792613716171855,1.1242263359097528,2.652300516862176,0.7030477778165505,ok,FALSE
1,12,"Poisson (area, tuned)",131,132,132,5,0.1534763748336234,1.1440903076826223,2.700901088211416,0.6920654072360928,ok,FALSE
1,12,"Poisson (area, tuned)",131,132,132,5,0.34677369590428986,1.1683023035875606,2.718198272837357,0.6881086112836798,ok,FALSE
1,12,"Poisson (area, tuned)",131,132,132,5,0.7835212181775894,1.2123638009855975,2.7323301140222425,0.6848571508486994,ok,TRUE
1,12,"Poisson (area, tuned)",131,132,132,5,1.7703346781640914,1.3116591189758795,2.840000257292156,0.6595307621726478,ok,FALSE
1,12,"Poisson (area, tuned)",131,132,132,5,4,1.4947290417182153,3.142230977076917,0.5832099609069288,ok,FALSE
1,12,"Poisson (area, tuned)",131,132,132,6,1.0000000000000009e-4,1.6223625083585382,3.3382071701554565,0.4315615897316698,ok,FALSE
1,12,"Poisson (area, tuned)",131,132,132,6,2.259459778615513e-4,1.6211161992504979,3.334798801364085,0.43272176856683664,ok,FALSE
1,12,"Poisson (area, tuned)",131,132,132,6,5.105158491181259e-4,1.6198491018865413,3.331542693084671,0.4338290123254156,ok,FALSE
1,12,"Poisson (area, tuned)",131,132,132,6,0.00115349002742815,1.6131115876731759,3.3130161592629617,0.44010839818940817,ok,FALSE
1,12,"Poisson (area, tuned)",131,132,132,6,0.002606264322008008,1.6009532237587965,3.2793942141831254,0.45141478692983483,ok,FALSE
1,12,"Poisson (area, tuned)",131,132,132,6,0.005888749408017718,1.578149856494601,3.215927479638235,0.4724430627082591,ok,FALSE
1,12,"Poisson (area, tuned)",131,132,132,6,0.013305392433761935,1.5342957348960047,3.094375265318746,0.5115694649433022,ok,FALSE
1,12,"Poisson (area, tuned)",131,132,132,6,0.030062999042780234,1.4621783960445152,2.8949755455991806,0.5724896396293724,ok,FALSE
1,12,"Poisson (area, tuned)",131,132,132,6,0.06792613716171855,1.3507165271091397,2.5701637502821075,0.6630399352844925,ok,FALSE
1,12,"Poisson (area, tuned)",131,132,132,6,0.1534763748336234,1.2410385449882166,2.214120329866441,0.7499313300843842,ok,FALSE
1,12,"Poisson (area, tuned)",131,132,132,6,0.34677369590428986,1.1686093989544273,1.9720590728826657,0.8016205485371807,ok,FALSE
1,12,"Poisson (area, tuned)",131,132,132,6,0.7835212181775894,1.1625018452524893,1.9525101617378662,0.8055341032753327,ok,TRUE
1,12,"Poisson (area, tuned)",131,132,132,6,1.7703346781640914,1.2496475262626805,2.148968054417383,0.764431745480616,ok,FALSE
1,12,"Poisson (area, tuned)",131,132,132,6,4,1.4200101843119806,2.5455122847926663,0.6694727733819232,ok,FALSE
12,retrospective_refit,Basis Ridge (tuned),132,133,144,1,4,2.253956345887773,6.443440688870071,-0.02361751537421486,ok,FALSE
12,retrospective_refit,Basis Ridge (tuned),132,133,144,1,1.7703346781640914,2.2293334697377203,6.413008971795307,-0.01397146447079578,ok,FALSE
12,retrospective_refit,Basis Ridge (tuned),132,133,144,1,0.7835212181775894,2.198776652902988,6.341940117627568,0.008377637705677787,ok,FALSE
12,retrospective_refit,Basis Ridge (tuned),132,133,144,1,0.34677369590428986,2.1434843073493393,6.172479984841076,0.06066302272379753,ok,FALSE
12,retrospective_refit,Basis Ridge (tuned),132,133,144,1,0.1534763748336234,2.040852921544482,5.8393919574001885,0.15930726798451678,ok,FALSE
12,retrospective_refit,Basis Ridge (tuned),132,133,144,1,0.06792613716171855,1.8925994133354527,5.365604565735103,0.29019449397371055,ok,FALSE
12,retrospective_refit,Basis Ridge (tuned),132,133,144,1,0.030062999042780234,1.7514127802496517,4.910207552699873,0.4055686058474197,ok,FALSE
12,retrospective_refit,Basis Ridge (tuned),132,133,144,1,0.013305392433761935,1.6604072457784667,4.603189247956525,0.4775801160409382,ok,TRUE
12,retrospective_refit,Basis Ridge (tuned),132,133,144,1,0.005888749408017718,1.6168675511145691,4.441957362247706,0.5135358850801155,ok,FALSE
12,retrospective_refit,Basis Ridge (tuned),132,133,144,1,0.002606264322008008,1.5996377512472282,4.371393271283125,0.528868874565494,ok,FALSE
12,retrospective_refit,Basis Ridge (tuned),132,133,144,1,0.00115349002742815,1.5908869195356896,4.334499190959903,0.5367879052430153,ok,FALSE
12,retrospective_refit,Basis Ridge (tuned),132,133,144,1,5.105158491181259e-4,1.5869897160846802,4.318018930228622,0.5403035795406186,ok,FALSE
12,retrospective_refit,Basis Ridge (tuned),132,133,144,1,2.259459778615513e-4,1.5842480550680418,4.306399241669513,0.5427743154767803,ok,FALSE
12,retrospective_refit,Basis Ridge (tuned),132,133,144,1,1.0000000000000009e-4,1.582818079329587,4.300286808301396,0.5440713517962097,ok,FALSE
12,retrospective_refit,Basis Ridge (tuned),132,133,144,2,4,2.025027930096261,5.679252029620745,0.047703993156890334,ok,FALSE
12,retrospective_refit,Basis Ridge (tuned),132,133,144,2,1.7703346781640914,1.9460801170243498,5.520614616619519,0.1001615608894052,ok,FALSE
12,retrospective_refit,Basis Ridge (tuned),132,133,144,2,0.7835212181775894,1.8830310404764632,5.326876550513999,0.16221044062220913,ok,FALSE
12,retrospective_refit,Basis Ridge (tuned),132,133,144,2,0.34677369590428986,1.8111123389352186,5.079167815121878,0.23831605123407085,ok,FALSE
12,retrospective_refit,Basis Ridge (tuned),132,133,144,2,0.1534763748336234,1.7156799138746337,4.766580811215368,0.3291837104948302,ok,FALSE
12,retrospective_refit,Basis Ridge (tuned),132,133,144,2,0.06792613716171855,1.6129036432781445,4.438245328520095,0.41841621615600977,ok,FALSE
12,retrospective_refit,Basis Ridge (tuned),132,133,144,2,0.030062999042780234,1.53193700527753,4.176895627626465,0.4848936236506485,ok,FALSE
12,retrospective_refit,Basis Ridge (tuned),132,133,144,2,0.013305392433761935,1.4826910883062165,4.01225450755221,0.5247012997249669,ok,TRUE
12,retrospective_refit,Basis Ridge (tuned),132,133,144,2,0.005888749408017718,1.4583720953950534,3.925010169025216,0.545146802570158,ok,FALSE
12,retrospective_refit,Basis Ridge (tuned),132,133,144,2,0.002606264322008008,1.4481089594896936,3.886088948755441,0.5541229148440598,ok,FALSE
12,retrospective_refit,Basis Ridge (tuned),132,133,144,2,0.00115349002742815,1.4426125636429488,3.865279350873101,0.5588853792198092,ok,FALSE
12,retrospective_refit,Basis Ridge (tuned),132,133,144,2,5.105158491181259e-4,1.4399856805996076,3.8553347004548812,0.5611522723346818,ok,FALSE
12,retrospective_refit,Basis Ridge (tuned),132,133,144,2,2.259459778615513e-4,1.4381608117709783,3.848217192464795,0.5627711299598198,ok,FALSE
12,retrospective_refit,Basis Ridge (tuned),132,133,144,2,1.0000000000000009e-4,1.4370033979882035,3.8437616707851565,0.5637830036939913,ok,FALSE
12,retrospective_refit,Basis Ridge (tuned),132,133,144,3,4,2.0066646194448428,4.668682369327554,0.09798007821200017,ok,FALSE
12,retrospective_refit,Basis Ridge (tuned),132,133,144,3,1.7703346781640914,1.8476458009447256,4.330744707061702,0.22383752900237086,ok,FALSE
12,retrospective_refit,Basis Ridge (tuned),132,133,144,3,0.7835212181775894,1.6836428358146196,3.854168345277101,0.3852637355640244,ok,FALSE
12,retrospective_refit,Basis Ridge (tuned),132,133,144,3,0.34677369590428986,1.5562561926355092,3.3018485376092075,0.548828385439321,ok,FALSE
12,retrospective_refit,Basis Ridge (tuned),132,133,144,3,0.1534763748336234,1.5112963933990806,2.881018878025528,0.6565055839595977,ok,FALSE
12,retrospective_refit,Basis Ridge (tuned),132,133,144,3,0.06792613716171855,1.5747428904368967,2.829129563280118,0.6687673438379933,ok,FALSE
12,retrospective_refit,Basis Ridge (tuned),132,133,144,3,0.030062999042780234,1.7214646635949897,3.0468010251880764,0.6158368892016106,ok,FALSE
12,retrospective_refit,Basis Ridge (tuned),132,133,144,3,0.013305392433761935,1.8483254876006177,3.276424883661592,0.5557495211105441,ok,TRUE
12,retrospective_refit,Basis Ridge (tuned),132,133,144,3,0.005888749408017718,1.924810706606404,3.4241125782174158,0.5147969263342229,ok,FALSE
12,retrospective_refit,Basis Ridge (tuned),132,133,144,3,0.002606264322008008,1.963964264467464,3.501310203625789,0.4926722102498631,ok,FALSE
12,retrospective_refit,Basis Ridge (tuned),132,133,144,3,0.00115349002742815,1.9847790936111518,3.542811525389086,0.48057413575486985,ok,FALSE
12,retrospective_refit,Basis Ridge (tuned),132,133,144,3,5.105158491181259e-4,1.9949009837911553,3.56312483361148,0.4746006278150816,ok,FALSE
12,retrospective_refit,Basis Ridge (tuned),132,133,144,3,2.259459778615513e-4,2.0021749754244897,3.577497160737059,0.47035354616694125,ok,FALSE
12,retrospective_refit,Basis Ridge (tuned),132,133,144,3,1.0000000000000009e-4,2.006929633547946,3.586805902809831,0.46759365205828796,ok,FALSE
12,retrospective_refit,Basis Ridge (tuned),132,133,144,4,4,1.6537741643818031,4.201383385266275,0.13572670872665615,ok,FALSE
12,retrospective_refit,Basis Ridge (tuned),132,133,144,4,1.7703346781640914,1.527490592492645,3.9121051743955486,0.2506451735683538,ok,FALSE
12,retrospective_refit,Basis Ridge (tuned),132,133,144,4,0.7835212181775894,1.41119330059307,3.584725047768042,0.37081528194898883,ok,FALSE
12,retrospective_refit,Basis Ridge (tuned),132,133,144,4,0.34677369590428986,1.3415326971403139,3.331659589938806,0.4565148183400429,ok,FALSE
12,retrospective_refit,Basis Ridge (tuned),132,133,144,4,0.1534763748336234,1.3179789086633131,3.2108614360756897,0.49521133642868875,ok,FALSE
12,retrospective_refit,Basis Ridge (tuned),132,133,144,4,0.06792613716171855,1.3184922257448755,3.1825373056767683,0.5040778899760068,ok,FALSE
12,retrospective_refit,Basis Ridge (tuned),132,133,144,4,0.030062999042780234,1.3236443687049795,3.1860755767080176,0.5029745676340067,ok,FALSE
12,retrospective_refit,Basis Ridge (tuned),132,133,144,4,0.013305392433761935,1.3273127930746205,3.1920809149618052,0.5010991451867697,ok,TRUE
12,retrospective_refit,Basis Ridge (tuned),132,133,144,4,0.005888749408017718,1.3291857114180037,3.1950818319485594,0.5001606578240217,ok,FALSE
12,retrospective_refit,Basis Ridge (tuned),132,133,144,4,0.002606264322008008,1.329998670967307,3.196399447510683,0.4997483166514044,ok,FALSE
12,retrospective_refit,Basis Ridge (tuned),132,133,144,4,0.00115349002742815,1.3302603496219572,3.196677854829835,0.4996611687227793,ok,FALSE
12,retrospective_refit,Basis Ridge (tuned),132,133,144,4,5.105158491181259e-4,1.3303243258211161,3.196623538918546,0.4996781714549441,ok,FALSE
12,retrospective_refit,Basis Ridge (tuned),132,133,144,4,2.259459778615513e-4,1.3303182141105057,3.1965069544986218,0.4997146653778415,ok,FALSE
12,retrospective_refit,Basis Ridge (tuned),132,133,144,4,1.0000000000000009e-4,1.3302521000532395,3.1962583594120124,0.49979247759082257,ok,FALSE
12,retrospective_refit,Basis Ridge (tuned),132,133,144,5,4,1.6209309683104536,4.556314730362458,0.12366824142432187,ok,FALSE
12,retrospective_refit,Basis Ridge (tuned),132,133,144,5,1.7703346781640914,1.4964947993026225,4.283292689200736,0.22554422311709432,ok,FALSE
12,retrospective_refit,Basis Ridge (tuned),132,133,144,5,0.7835212181775894,1.379227625082352,3.9536052883291304,0.3401765629889245,ok,FALSE
12,retrospective_refit,Basis Ridge (tuned),132,133,144,5,0.34677369590428986,1.2943621280467186,3.6416795668301325,0.4401849388586001,ok,FALSE
12,retrospective_refit,Basis Ridge (tuned),132,133,144,5,0.1534763748336234,1.2414599560413961,3.394420911476798,0.5136235839255388,ok,FALSE
12,retrospective_refit,Basis Ridge (tuned),132,133,144,5,0.06792613716171855,1.2070557904174073,3.2184289884811763,0.5627508415318294,ok,FALSE
12,retrospective_refit,Basis Ridge (tuned),132,133,144,5,0.030062999042780234,1.1858420851895841,3.1071796262566345,0.5924566219796553,ok,FALSE
12,retrospective_refit,Basis Ridge (tuned),132,133,144,5,0.013305392433761935,1.174133112692623,3.044597063349031,0.6087081808894867,ok,TRUE
12,retrospective_refit,Basis Ridge (tuned),132,133,144,5,0.005888749408017718,1.1682589731813104,3.0129931733927098,0.6167894869131549,ok,FALSE
12,retrospective_refit,Basis Ridge (tuned),132,133,144,5,0.002606264322008008,1.165435814849666,2.997509777452259,0.6207179090905213,ok,FALSE
12,retrospective_refit,Basis Ridge (tuned),132,133,144,5,0.00115349002742815,1.16414559278671,2.9904244664188653,0.6225088327013729,ok,FALSE
12,retrospective_refit,Basis Ridge (tuned),132,133,144,5,5.105158491181259e-4,1.1635007145520868,2.9868887174678735,0.6234009635407375,ok,FALSE
12,retrospective_refit,Basis Ridge (tuned),132,133,144,5,2.259459778615513e-4,1.1630947151351307,2.9846237837824705,0.6239718910331069,ok,FALSE
12,retrospective_refit,Basis Ridge (tuned),132,133,144,5,1.0000000000000009e-4,1.1628320554491676,2.983163509897393,0.6243397562908283,ok,FALSE
12,retrospective_refit,Basis Ridge (tuned),132,133,144,6,4,1.580070636334733,4.0779706800586055,0.15170864159509645,ok,FALSE
12,retrospective_refit,Basis Ridge (tuned),132,133,144,6,1.7703346781640914,1.4472505706547916,3.737584863211057,0.2874112371717651,ok,FALSE
12,retrospective_refit,Basis Ridge (tuned),132,133,144,6,0.7835212181775894,1.3015208775433613,3.273323020859866,0.45344411533652584,ok,FALSE
12,retrospective_refit,Basis Ridge (tuned),132,133,144,6,0.34677369590428986,1.1831650495285555,2.763840692005838,0.6103426628960704,ok,FALSE
12,retrospective_refit,Basis Ridge (tuned),132,133,144,6,0.1534763748336234,1.12700471188497,2.339070407693842,0.7209105408158656,ok,FALSE
12,retrospective_refit,Basis Ridge (tuned),132,133,144,6,0.06792613716171855,1.1321945072295965,2.1043938160855142,0.7741027839157699,ok,FALSE
12,retrospective_refit,Basis Ridge (tuned),132,133,144,6,0.030062999042780234,1.162749232843952,2.038762026275543,0.7879736111383042,ok,FALSE
12,retrospective_refit,Basis Ridge (tuned),132,133,144,6,0.013305392433761935,1.1918840439660972,2.042970375725193,0.7870973911234979,ok,TRUE
12,retrospective_refit,Basis Ridge (tuned),132,133,144,6,0.005888749408017718,1.2087764798090965,2.0575751782113105,0.7840425109921922,ok,FALSE
12,retrospective_refit,Basis Ridge (tuned),132,133,144,6,0.002606264322008008,1.2183991773937604,2.0678436399613354,0.7818816328329932,ok,FALSE
12,retrospective_refit,Basis Ridge (tuned),132,133,144,6,0.00115349002742815,1.223190583860025,2.0731282293566715,0.780765359951751,ok,FALSE
12,retrospective_refit,Basis Ridge (tuned),132,133,144,6,5.105158491181259e-4,1.2257039592559589,2.0759595838420806,0.7801661159192037,ok,FALSE
12,retrospective_refit,Basis Ridge (tuned),132,133,144,6,2.259459778615513e-4,1.2274702127333625,2.077965119699107,0.7797411580300925,ok,FALSE
12,retrospective_refit,Basis Ridge (tuned),132,133,144,6,1.0000000000000009e-4,1.2286255117199854,2.0792934764070803,0.7794594633805534,ok,FALSE
12,retrospective_refit,Basis Ridge (tuned),132,133,144,7,4,1.4283196973630405,3.3237141171379325,0.20351370536689262,ok,FALSE
12,retrospective_refit,Basis Ridge (tuned),132,133,144,7,1.7703346781640914,1.2891189425841008,2.9354724564273065,0.3787205292693413,ok,FALSE
12,retrospective_refit,Basis Ridge (tuned),132,133,144,7,0.7835212181775894,1.1481232863878896,2.4017990539368634,0.584085249879194,ok,FALSE
12,retrospective_refit,Basis Ridge (tuned),132,133,144,7,0.34677369590428986,1.0473236876880945,1.9013560416530682,0.7393499084503898,ok,FALSE
12,retrospective_refit,Basis Ridge (tuned),132,133,144,7,0.1534763748336234,1.0384715757848313,1.6934791555917252,0.7932284922270094,ok,FALSE
12,retrospective_refit,Basis Ridge (tuned),132,133,144,7,0.06792613716171855,1.0810177728573245,1.741377250163486,0.7813664953060092,ok,FALSE
12,retrospective_refit,Basis Ridge (tuned),132,133,144,7,0.030062999042780234,1.124620333740767,1.8338728449051602,0.7575236292051525,ok,FALSE
12,retrospective_refit,Basis Ridge (tuned),132,133,144,7,0.013305392433761935,1.1515939841803622,1.89481338121595,0.7411406419229066,ok,TRUE
12,retrospective_refit,Basis Ridge (tuned),132,133,144,7,0.005888749408017718,1.1645386751303228,1.926228946198459,0.7324858285614985,ok,FALSE
12,retrospective_refit,Basis Ridge (tuned),132,133,144,7,0.002606264322008008,1.1709469291228856,1.9418572773293008,0.7281273016230996,ok,FALSE
12,retrospective_refit,Basis Ridge (tuned),132,133,144,7,0.00115349002742815,1.1738752363722549,1.949056472746702,0.7261076960986355,ok,FALSE
12,retrospective_refit,Basis Ridge (tuned),132,133,144,7,5.105158491181259e-4,1.1752906470086373,1.9524561111833065,0.7251513904379092,ok,FALSE
12,retrospective_refit,Basis Ridge (tuned),132,133,144,7,2.259459778615513e-4,1.1761513663341379,1.954336316538489,0.7246217799140884,ok,FALSE
12,retrospective_refit,Basis Ridge (tuned),132,133,144,7,1.0000000000000009e-4,1.1767009888048705,1.9554313357361428,0.7243131033438541,ok,FALSE
12,retrospective_refit,"Poisson (area, tuned)",132,133,144,1,4,2.2196544474183826,6.145188602882863,0.06895114368580735,ok,FALSE
12,retrospective_refit,"Poisson (area, tuned)",132,133,144,1,1.7703346781640914,2.1951566119407593,6.189015940387967,0.05562334965206428,ok,TRUE
12,retrospective_refit,"Poisson (area, tuned)",132,133,144,1,0.7835212181775894,2.1250180038417192,6.018674123585725,0.10689258115988487,ok,FALSE
12,retrospective_refit,"Poisson (area, tuned)",132,133,144,1,0.34677369590428986,1.9139935264482184,5.293476092813349,0.3091497006578181,ok,FALSE
12,retrospective_refit,"Poisson (area, tuned)",132,133,144,1,0.1534763748336234,1.3864759041811483,3.0065997768786477,0.7771291446135262,ok,FALSE
12,retrospective_refit,"Poisson (area, tuned)",132,133,144,1,0.06792613716171855,2.8352475654727005,6.197364214465253,0.05307391935981731,ok,FALSE
12,retrospective_refit,"Poisson (area, tuned)",132,133,144,1,0.030062999042780234,7.669535199132101,20.111614837190668,-8.972313532269249,ok,FALSE
12,retrospective_refit,"Poisson (area, tuned)",132,133,144,1,0.013305392433761935,12.500978598977387,34.69825547945117,-28.683651138665038,ok,FALSE
12,retrospective_refit,"Poisson (area, tuned)",132,133,144,1,0.005888749408017718,15.474703790885334,43.969769945685144,-46.6661883583142,ok,FALSE
12,retrospective_refit,"Poisson (area, tuned)",132,133,144,1,0.002606264322008008,16.992846935244522,48.788390026314794,-57.68606795078116,ok,FALSE
12,retrospective_refit,"Poisson (area, tuned)",132,133,144,1,0.00115349002742815,17.691896313150682,51.02593881945008,-63.192463982466634,ok,FALSE
12,retrospective_refit,"Poisson (area, tuned)",132,133,144,1,5.105158491181259e-4,18.00739128892835,52.0392031488441,-65.76722306084548,ok,FALSE
12,retrospective_refit,"Poisson (area, tuned)",132,133,144,1,2.259459778615513e-4,18.130770190353292,52.43557960921382,-66.78821278234308,ok,FALSE
12,retrospective_refit,"Poisson (area, tuned)",132,133,144,1,1.0000000000000009e-4,18.13995003376159,52.46331079308674,-66.85993295772772,ok,FALSE
12,retrospective_refit,"Poisson (area, tuned)",132,133,144,2,4,1.9254464203226065,4.920213214351042,0.28524446768730294,ok,FALSE
12,retrospective_refit,"Poisson (area, tuned)",132,133,144,2,1.7703346781640914,1.8836131090417612,4.967604368463403,0.2714092049731638,ok,TRUE
12,retrospective_refit,"Poisson (area, tuned)",132,133,144,2,0.7835212181775894,1.844140851617902,4.962228218323263,0.27298537474681006,ok,FALSE
12,retrospective_refit,"Poisson (area, tuned)",132,133,144,2,0.34677369590428986,1.7835462577931789,4.8343959710629605,0.30996023587364563,ok,FALSE
12,retrospective_refit,"Poisson (area, tuned)",132,133,144,2,0.1534763748336234,1.6963658788753802,4.585195792923564,0.3792661201661558,ok,FALSE
12,retrospective_refit,"Poisson (area, tuned)",132,133,144,2,0.06792613716171855,1.5929492268028749,4.259054855623947,0.46443011727568273,ok,FALSE
12,retrospective_refit,"Poisson (area, tuned)",132,133,144,2,0.030062999042780234,1.4951625942692393,3.91912096600672,0.5465107293321083,ok,FALSE
12,retrospective_refit,"Poisson (area, tuned)",132,133,144,2,0.013305392433761935,1.4217419617506948,3.6392139852100986,0.608974693596191,ok,FALSE
12,retrospective_refit,"Poisson (area, tuned)",132,133,144,2,0.005888749408017718,1.373340816103987,3.4390708684211377,0.650801853265904,ok,FALSE
12,retrospective_refit,"Poisson (area, tuned)",132,133,144,2,0.002606264322008008,1.3462579300901456,3.3174893635022022,0.6750558238678691,ok,FALSE
12,retrospective_refit,"Poisson (area, tuned)",132,133,144,2,0.00115349002742815,1.3328528292576132,3.255986497025562,0.6869924092632265,ok,FALSE
12,retrospective_refit,"Poisson (area, tuned)",132,133,144,2,5.105158491181259e-4,1.3265996553495267,3.22733185109885,0.6924774779829963,ok,FALSE
12,retrospective_refit,"Poisson (area, tuned)",132,133,144,2,2.259459778615513e-4,1.326163383205123,3.225399634557814,0.6928455976906646,ok,FALSE
12,retrospective_refit,"Poisson (area, tuned)",132,133,144,2,1.0000000000000009e-4,1.3224358625594463,3.20808635554629,0.696134230361265,ok,FALSE
12,retrospective_refit,"Poisson (area, tuned)",132,133,144,3,4,1.7391062907464452,3.2327635572696147,0.5675107104870363,ok,FALSE
12,retrospective_refit,"Poisson (area, tuned)",132,133,144,3,1.7703346781640914,1.5636977605448872,2.8358396913760324,0.6671942456114999,ok,TRUE
12,retrospective_refit,"Poisson (area, tuned)",132,133,144,3,0.7835212181775894,1.5213587273754217,2.7656334043061004,0.6834686736107171,ok,FALSE
12,retrospective_refit,"Poisson (area, tuned)",132,133,144,3,0.34677369590428986,2.0436140904130555,4.2630016468950025,0.24792963780439903,ok,FALSE
12,retrospective_refit,"Poisson (area, tuned)",132,133,144,3,0.1534763748336234,3.2115110076665934,7.872617574872774,-1.564872517630361,ok,FALSE
12,retrospective_refit,"Poisson (area, tuned)",132,133,144,3,0.06792613716171855,4.7292827441812335,12.465624491427812,-5.430660083061325,ok,FALSE
12,retrospective_refit,"Poisson (area, tuned)",132,133,144,3,0.030062999042780234,6.135546708233684,16.6685215542329,-10.497982288146147,ok,FALSE
12,retrospective_refit,"Poisson (area, tuned)",132,133,144,3,0.013305392433761935,7.115618555642353,19.59660224479457,-14.892383222376434,ok,FALSE
12,retrospective_refit,"Poisson (area, tuned)",132,133,144,3,0.005888749408017718,7.7358631446345365,21.44759665831566,-18.036396452808596,ok,FALSE
12,retrospective_refit,"Poisson (area, tuned)",132,133,144,3,0.002606264322008008,8.084225841203352,22.48885002145531,-19.92965018374658,ok,FALSE
12,retrospective_refit,"Poisson (area, tuned)",132,133,144,3,0.00115349002742815,8.252743372300252,22.992551391236958,-20.877707170963653,ok,FALSE
12,retrospective_refit,"Poisson (area, tuned)",132,133,144,3,5.105158491181259e-4,8.330628262172805,23.224867050348784,-21.32204331413855,ok,FALSE
12,retrospective_refit,"Poisson (area, tuned)",132,133,144,3,2.259459778615513e-4,8.340749666612917,23.253694370358048,-21.377491127002028,ok,FALSE
12,retrospective_refit,"Poisson (area, tuned)",132,133,144,3,1.0000000000000009e-4,8.351904505548893,23.286752809050565,-21.441161935375476,ok,FALSE
12,retrospective_refit,"Poisson (area, tuned)",132,133,144,4,4,1.488750765701643,2.7949463437326463,0.6175158748574339,ok,FALSE
12,retrospective_refit,"Poisson (area, tuned)",132,133,144,4,1.7703346781640914,1.336501951964738,2.565962462622823,0.6776207634491794,ok,TRUE
12,retrospective_refit,"Poisson (area, tuned)",132,133,144,4,0.7835212181775894,1.2629460184525707,2.5386201989912918,0.6844545462632233,ok,FALSE
12,retrospective_refit,"Poisson (area, tuned)",132,133,144,4,0.34677369590428986,1.2464898400194382,2.6285007300820262,0.6617150562438139,ok,FALSE
12,retrospective_refit,"Poisson (area, tuned)",132,133,144,4,0.1534763748336234,1.2513961588532916,2.7303470687841442,0.634992173357223,ok,FALSE
12,retrospective_refit,"Poisson (area, tuned)",132,133,144,4,0.06792613716171855,1.253164840566173,2.778333824150119,0.6220491580096918,ok,FALSE
12,retrospective_refit,"Poisson (area, tuned)",132,133,144,4,0.030062999042780234,1.2469831229201664,2.774382090852679,0.6231235420444239,ok,FALSE
12,retrospective_refit,"Poisson (area, tuned)",132,133,144,4,0.013305392433761935,1.2406353795640641,2.75896599276917,0.6273002000982089,ok,FALSE
12,retrospective_refit,"Poisson (area, tuned)",132,133,144,4,0.005888749408017718,1.2352151933962188,2.740759503893819,0.6322028815750036,ok,FALSE
12,retrospective_refit,"Poisson (area, tuned)",132,133,144,4,0.002606264322008008,1.2314376305171046,2.7259205389164465,0.6361747397327596,ok,FALSE
12,retrospective_refit,"Poisson (area, tuned)",132,133,144,4,0.00115349002742815,1.2296884152212202,2.718911821034947,0.6380432244784727,ok,FALSE
12,retrospective_refit,"Poisson (area, tuned)",132,133,144,4,5.105158491181259e-4,1.2286887411782608,2.714746057548647,0.639151514349567,ok,FALSE
12,retrospective_refit,"Poisson (area, tuned)",132,133,144,4,2.259459778615513e-4,1.2285569832220962,2.714239042698876,0.639286288248986,ok,FALSE
12,retrospective_refit,"Poisson (area, tuned)",132,133,144,4,1.0000000000000009e-4,1.2284164502380306,2.713679819135858,0.6394349109925737,ok,FALSE
12,retrospective_refit,"Poisson (area, tuned)",132,133,144,5,4,1.4947290417182153,3.142230977076917,0.5832099609069288,ok,FALSE
12,retrospective_refit,"Poisson (area, tuned)",132,133,144,5,1.7703346781640914,1.3116591189758795,2.840000257292156,0.6595307621726478,ok,TRUE
12,retrospective_refit,"Poisson (area, tuned)",132,133,144,5,0.7835212181775894,1.2123638009855975,2.7323301140222425,0.6848571508486994,ok,FALSE
12,retrospective_refit,"Poisson (area, tuned)",132,133,144,5,0.34677369590428986,1.1683023035875606,2.718198272837357,0.6881086112836798,ok,FALSE
12,retrospective_refit,"Poisson (area, tuned)",132,133,144,5,0.1534763748336234,1.1440903076826223,2.700901088211416,0.6920654072360928,ok,FALSE
12,retrospective_refit,"Poisson (area, tuned)",132,133,144,5,0.06792613716171855,1.1242263359097528,2.652300516862176,0.7030477778165505,ok,FALSE
12,retrospective_refit,"Poisson (area, tuned)",132,133,144,5,0.030062999042780234,1.1080269986666214,2.5901807110502664,0.7167947828984882,ok,FALSE
12,retrospective_refit,"Poisson (area, tuned)",132,133,144,5,0.013305392433761935,1.0993135300908194,2.5479219274128897,0.7259603826330849,ok,FALSE
12,retrospective_refit,"Poisson (area, tuned)",132,133,144,5,0.005888749408017718,1.0939142812491047,2.5169261171128743,0.7325872844194963,ok,FALSE
12,retrospective_refit,"Poisson (area, tuned)",132,133,144,5,0.002606264322008008,1.0909584654103535,2.499128613019735,0.7363557320788968,ok,FALSE
12,retrospective_refit,"Poisson (area, tuned)",132,133,144,5,0.00115349002742815,1.089580728430838,2.4905536146581517,0.7381618581163859,ok,FALSE
12,retrospective_refit,"Poisson (area, tuned)",132,133,144,5,5.105158491181259e-4,1.0889857612606124,2.4867405406736856,0.7389630004104586,ok,FALSE
12,retrospective_refit,"Poisson (area, tuned)",132,133,144,5,2.259459778615513e-4,1.0888460323734923,2.4858623692755897,0.7391473338758073,ok,FALSE
12,retrospective_refit,"Poisson (area, tuned)",132,133,144,5,1.0000000000000009e-4,1.088700188343501,2.4849316176144267,0.7393426331836184,ok,FALSE
12,retrospective_refit,"Poisson (area, tuned)",132,133,144,6,4,1.4200101843119806,2.5455122847926663,0.6694727733819232,ok,FALSE
12,retrospective_refit,"Poisson (area, tuned)",132,133,144,6,1.7703346781640914,1.2496475262626805,2.148968054417383,0.764431745480616,ok,TRUE
12,retrospective_refit,"Poisson (area, tuned)",132,133,144,6,0.7835212181775894,1.1625018452524893,1.9525101617378662,0.8055341032753327,ok,FALSE
12,retrospective_refit,"Poisson (area, tuned)",132,133,144,6,0.34677369590428986,1.1686093989544273,1.9720590728826657,0.8016205485371807,ok,FALSE
12,retrospective_refit,"Poisson (area, tuned)",132,133,144,6,0.1534763748336234,1.2410385449882166,2.214120329866441,0.7499313300843842,ok,FALSE
12,retrospective_refit,"Poisson (area, tuned)",132,133,144,6,0.06792613716171855,1.3507165271091397,2.5701637502821075,0.6630399352844925,ok,FALSE
12,retrospective_refit,"Poisson (area, tuned)",132,133,144,6,0.030062999042780234,1.4621783960445152,2.8949755455991806,0.5724896396293724,ok,FALSE
12,retrospective_refit,"Poisson (area, tuned)",132,133,144,6,0.013305392433761935,1.5342957348960047,3.094375265318746,0.5115694649433022,ok,FALSE
12,retrospective_refit,"Poisson (area, tuned)",132,133,144,6,0.005888749408017718,1.578149856494601,3.215927479638235,0.4724430627082591,ok,FALSE
12,retrospective_refit,"Poisson (area, tuned)",132,133,144,6,0.002606264322008008,1.6009532237587965,3.2793942141831254,0.45141478692983483,ok,FALSE
12,retrospective_refit,"Poisson (area, tuned)",132,133,144,6,0.00115349002742815,1.6131115876731759,3.3130161592629617,0.44010839818940817,ok,FALSE
12,retrospective_refit,"Poisson (area, tuned)",132,133,144,6,5.105158491181259e-4,1.6198491018865413,3.331542693084671,0.4338290123254156,ok,FALSE
12,retrospective_refit,"Poisson (area, tuned)",132,133,144,6,2.259459778615513e-4,1.6211161992504979,3.334798801364085,0.43272176856683664,ok,FALSE
12,retrospective_refit,"Poisson (area, tuned)",132,133,144,6,1.0000000000000009e-4,1.6223625083585382,3.3382071701554565,0.4315615897316698,ok,FALSE
12,retrospective_refit,"Poisson (area, tuned)",132,133,144,7,4,1.3274769856124884,1.9063895293611988,0.7379680361299867,ok,FALSE
12,retrospective_refit,"Poisson (area, tuned)",132,133,144,7,1.7703346781640914,1.2272670189308006,1.8310789459710388,0.7582618902312878,ok,TRUE
12,retrospective_refit,"Poisson (area, tuned)",132,133,144,7,0.7835212181775894,1.2923017077576429,2.2367863737263267,0.6392718782196531,ok,FALSE
12,retrospective_refit,"Poisson (area, tuned)",132,133,144,7,0.34677369590428986,1.4493192702712856,2.8681793691628243,0.40687859298001083,ok,FALSE
12,retrospective_refit,"Poisson (area, tuned)",132,133,144,7,0.1534763748336234,1.611598680009705,3.4607143913065297,0.1364996823592547,ok,FALSE
12,retrospective_refit,"Poisson (area, tuned)",132,133,144,7,0.06792613716171855,1.7421950748453534,3.9026489660148433,-0.09812040685920986,ok,FALSE
12,retrospective_refit,"Poisson (area, tuned)",132,133,144,7,0.030062999042780234,1.832223106547732,4.191438360375678,-0.26665152778008405,ok,FALSE
12,retrospective_refit,"Poisson (area, tuned)",132,133,144,7,0.013305392433761935,1.8812111549479644,4.346154696668469,-0.36188784804782737,ok,FALSE
12,retrospective_refit,"Poisson (area, tuned)",132,133,144,7,0.005888749408017718,1.9071697720509093,4.4265583563823645,-0.41274367549293367,ok,FALSE
12,retrospective_refit,"Poisson (area, tuned)",132,133,144,7,0.002606264322008008,1.921527436691328,4.4702288007573046,-0.44075617073199314,ok,FALSE
12,retrospective_refit,"Poisson (area, tuned)",132,133,144,7,0.00115349002742815,1.9295399109042288,4.494067068150308,-0.45616330448415665,ok,FALSE
12,retrospective_refit,"Poisson (area, tuned)",132,133,144,7,5.105158491181259e-4,1.9338374663287317,4.506639672429278,-0.46432222762485775,ok,FALSE
12,retrospective_refit,"Poisson (area, tuned)",132,133,144,7,2.259459778615513e-4,1.934658646413155,4.508762322489972,-0.4657019588173006,ok,FALSE
12,retrospective_refit,"Poisson (area, tuned)",132,133,144,7,1.0000000000000009e-4,1.93544649220423,4.511059083913768,-0.46719559493738116,ok,FALSE
